created_at,entry_id,field1,field2,field3,field4,field5,latitude,longitude,elevation,status
2025-11-24T16:34:35+07:00,1,27.40000,27.70000,64.10000,63.70000,48,,,,
2025-11-24T16:36:41+07:00,2,27.40000,27.80000,62.90000,62.00000,48,,,,
2025-11-24T16:38:48+07:00,3,27.50000,27.80000,63.10000,62.50000,48,,,,
2025-11-24T16:40:54+07:00,4,28.20000,28.40000,61.30000,60.70000,48,,,,
2025-11-24T16:43:01+07:00,5,27.70000,28.10000,61.90000,61.10000,48,,,,
2025-11-24T16:45:08+07:00,6,27.70000,28.00000,62.20000,61.10000,48,,,,
2025-11-24T16:47:21+07:00,7,27.40000,27.80000,63.20000,61.90000,48,,,,
2025-11-24T16:49:28+07:00,8,27.50000,27.90000,63.10000,62.00000,48,,,,
2025-11-24T16:51:37+07:00,9,28.00000,27.90000,62.10000,62.10000,48,,,,
2025-11-24T16:53:45+07:00,10,28.10000,28.30000,62.00000,62.00000,48,,,,
2025-11-24T16:55:53+07:00,11,27.60000,28.00000,63.10000,62.10000,48,,,,
2025-11-24T16:58:02+07:00,12,27.20000,27.70000,64.10000,62.70000,48,,,,
2025-11-24T17:00:09+07:00,13,27.00000,27.60000,64.80000,63.10000,48,,,,
2025-11-24T17:02:16+07:00,14,26.90000,27.50000,65.00000,63.40000,48,,,,
2025-11-24T17:04:24+07:00,15,26.80000,27.40000,65.80000,64.30000,48,,,,
2025-11-24T17:06:31+07:00,16,26.90000,27.50000,65.40000,64.00000,48,,,,
2025-11-24T17:08:37+07:00,17,27.20000,27.70000,67.00000,65.10001,48,,,,
2025-11-24T17:10:44+07:00,18,28.20000,28.70000,62.50000,61.30000,48,,,,
2025-11-24T17:12:51+07:00,19,28.90000,29.20000,60.60000,59.60000,48,,,,
2025-11-24T17:14:58+07:00,20,28.10000,28.60000,61.20000,59.40000,48,,,,
2025-11-24T17:17:04+07:00,21,27.40000,27.80000,63.20000,62.00000,48,,,,
2025-11-24T17:19:11+07:00,22,27.10000,27.40000,64.40000,63.00000,48,,,,
2025-11-24T17:20:49+07:00,23,27.20000,27.20000,63.40000,63.50000,48,,,,
2025-11-24T17:22:39+07:00,24,27.90000,27.70000,64.50000,63.90000,48,,,,
2025-11-24T17:24:45+07:00,25,27.80000,27.60000,64.00000,64.20000,48,,,,
2025-11-24T17:26:52+07:00,26,27.80000,27.50000,64.00000,64.20000,48,,,,
2025-11-24T17:28:58+07:00,27,27.70000,27.50000,64.30000,64.50000,48,,,,
2025-11-24T17:31:05+07:00,28,27.70000,27.50000,64.20000,64.50000,48,,,,
2025-11-24T17:33:12+07:00,29,27.60000,27.40000,64.40000,64.70000,48,,,,
2025-11-24T17:35:21+07:00,30,27.60000,27.40000,64.60000,64.80000,48,,,,
2025-11-24T17:37:31+07:00,31,27.60000,27.40000,64.40000,64.60001,48,,,,
2025-11-24T17:39:37+07:00,32,27.60000,27.40000,64.50000,64.60001,48,,,,
2025-11-24T17:41:44+07:00,33,27.70000,27.50000,64.40000,64.30000,48,,,,
2025-11-24T17:43:53+07:00,34,27.70000,27.60000,64.30000,64.10001,48,,,,
2025-11-24T17:46:00+07:00,35,27.70000,27.60000,64.30000,64.20000,48,,,,
2025-11-24T17:48:06+07:00,36,27.70000,27.60000,64.40000,64.30000,48,,,,
2025-11-24T17:51:54+07:00,37,27.20000,27.20000,64.60000,64.50000,48,,,,
2025-11-24T17:54:00+07:00,38,27.20000,27.10000,65.40000,65.00000,48,,,,
2025-11-24T17:56:07+07:00,39,27.20000,27.10000,65.00000,65.10001,48,,,,
2025-11-24T17:58:13+07:00,40,27.20000,27.20000,64.90000,64.80000,48,,,,
2025-11-24T18:00:20+07:00,41,27.20000,27.20000,64.90000,64.80000,48,,,,
2025-11-24T18:02:27+07:00,42,27.30000,27.30000,64.70000,64.50000,48,,,,
2025-11-24T18:04:33+07:00,43,27.20000,27.20000,64.70000,64.50000,48,,,,
2025-11-24T18:06:40+07:00,44,27.20000,27.20000,64.80000,64.70000,48,,,,
2025-11-24T18:08:46+07:00,45,27.20000,27.10000,64.90000,64.80000,48,,,,
2025-11-24T18:10:53+07:00,46,27.20000,27.20000,65.30000,64.70000,48,,,,
2025-11-24T18:13:09+07:00,47,27.20000,27.30000,65.40000,65.10001,48,,,,
2025-11-24T18:15:15+07:00,48,27.20000,27.20000,65.00000,64.90000,48,,,,
2025-11-24T18:17:29+07:00,49,27.20000,27.10000,65.10000,65.00000,48,,,,
2025-11-24T18:19:36+07:00,50,27.20000,27.10000,65.50000,65.40000,48,,,,
2025-11-24T18:21:42+07:00,51,27.20000,27.10000,65.40000,65.40000,48,,,,
2025-11-24T18:23:49+07:00,52,27.10000,27.10000,65.30000,65.30000,48,,,,
2025-11-24T18:25:55+07:00,53,27.10000,27.10000,65.50000,65.20000,48,,,,
2025-11-24T18:28:02+07:00,54,27.10000,27.10000,65.00000,65.00000,48,,,,
2025-11-24T18:30:08+07:00,55,27.20000,27.20000,65.40000,65.10001,48,,,,
2025-11-24T18:32:15+07:00,56,27.20000,27.10000,65.20000,64.90000,48,,,,
2025-11-24T18:34:22+07:00,57,27.20000,27.10000,65.50000,65.50000,48,,,,
2025-11-24T18:36:28+07:00,58,27.10000,27.10000,65.00000,64.90000,48,,,,
2025-11-24T18:38:35+07:00,59,27.20000,27.20000,66.00000,65.20000,48,,,,
2025-11-24T18:40:41+07:00,60,27.10000,27.20000,65.00000,64.70000,48,,,,
2025-11-24T18:42:48+07:00,61,27.10000,27.10000,65.10000,64.70000,48,,,,
2025-11-24T18:44:55+07:00,62,27.10000,27.10000,64.90000,64.70000,48,,,,
2025-11-24T18:47:01+07:00,63,27.20000,27.20000,64.90000,64.60001,48,,,,
2025-11-24T18:49:08+07:00,64,27.10000,27.10000,64.60000,64.50000,48,,,,
2025-11-24T18:51:15+07:00,65,27.10000,27.10000,64.50000,64.30000,46,,,,
2025-11-24T18:53:21+07:00,66,27.10000,27.10000,64.90000,64.70000,46,,,,
2025-11-24T18:55:28+07:00,67,27.10000,27.00000,65.50000,65.40000,46,,,,
2025-11-24T18:57:34+07:00,68,27.20000,27.20000,65.10000,65.00000,46,,,,
2025-11-24T18:59:41+07:00,69,27.30000,27.30000,65.00000,64.80000,46,,,,
2025-11-24T19:01:50+07:00,70,27.40000,27.40000,64.80000,64.50000,46,,,,
2025-11-24T19:03:59+07:00,71,27.40000,27.50000,65.10000,64.70000,46,,,,
2025-11-24T19:06:06+07:00,72,27.50000,27.50000,64.70000,64.20000,46,,,,
2025-11-24T19:08:12+07:00,73,27.50000,27.60000,64.80000,64.30000,46,,,,
2025-11-24T19:10:19+07:00,74,27.60000,27.60000,65.40000,64.90000,46,,,,
2025-11-24T19:12:26+07:00,75,27.60000,27.70000,64.90000,64.50000,46,,,,
2025-11-24T19:14:32+07:00,76,27.60000,27.70000,65.40000,65.10001,46,,,,
2025-11-24T19:16:39+07:00,77,27.60000,27.70000,65.10000,64.70000,46,,,,
2025-11-24T19:18:46+07:00,78,27.60000,27.70000,66.20000,65.80000,46,,,,
2025-11-24T19:20:52+07:00,79,27.60000,27.70000,66.70000,66.20000,46,,,,
2025-11-24T19:22:59+07:00,80,27.60000,27.70000,66.40000,65.90000,46,,,,
2025-11-24T19:25:05+07:00,81,27.60000,27.70000,66.10000,65.50000,46,,,,
2025-11-24T19:27:12+07:00,82,27.60000,27.70000,67.00000,66.60001,46,,,,
2025-11-24T19:29:19+07:00,83,27.70000,27.80000,67.30000,66.80000,46,,,,
2025-11-24T19:31:25+07:00,84,27.70000,27.80000,67.40000,67.00000,46,,,,
2025-11-24T19:33:32+07:00,85,27.70000,27.80000,67.60000,67.20000,46,,,,
2025-11-24T19:35:38+07:00,86,27.70000,27.80000,67.50000,67.10001,46,,,,
2025-11-24T19:37:45+07:00,87,27.70000,27.80000,67.10000,66.70000,46,,,,
2025-11-24T19:39:51+07:00,88,27.70000,27.80000,67.80000,67.40000,46,,,,
2025-11-24T19:41:58+07:00,89,27.70000,27.80000,67.70000,67.20000,46,,,,
2025-11-24T19:44:05+07:00,90,27.70000,27.80000,67.70000,67.30000,46,,,,
2025-11-24T19:46:11+07:00,91,27.70000,27.80000,67.40000,67.00000,46,,,,
2025-11-24T19:48:18+07:00,92,27.70000,27.80000,68.90000,68.50000,46,,,,
2025-11-24T19:50:24+07:00,93,27.70000,27.80000,68.10000,67.70000,46,,,,
2025-11-24T19:52:31+07:00,94,27.70000,27.80000,69.20000,69.00000,46,,,,
2025-11-24T19:54:37+07:00,95,27.70000,27.80000,69.40000,69.10001,46,,,,
2025-11-24T19:56:44+07:00,96,27.70000,27.80000,69.40000,69.10001,46,,,,
2025-11-24T19:58:51+07:00,97,27.70000,27.80000,69.60000,69.30000,46,,,,
2025-11-24T20:00:57+07:00,98,27.70000,27.80000,69.40000,69.10001,46,,,,
2025-11-24T20:03:07+07:00,99,27.70000,27.80000,69.00000,68.70000,46,,,,
2025-11-24T20:05:14+07:00,100,27.70000,27.80000,69.00000,68.60001,46,,,,
2025-11-24T20:07:24+07:00,101,27.70000,27.80000,69.10000,68.70000,46,,,,
2025-11-24T20:09:33+07:00,102,27.70000,27.80000,69.20000,68.90000,46,,,,
2025-11-24T20:11:40+07:00,103,27.70000,27.80000,69.20000,68.80000,46,,,,
2025-11-24T20:13:47+07:00,104,27.70000,27.80000,69.20000,68.90000,46,,,,
2025-11-24T20:15:54+07:00,105,27.70000,27.80000,69.80000,69.60001,46,,,,
2025-11-24T20:18:01+07:00,106,27.70000,27.80000,70.40000,70.20000,46,,,,
2025-11-24T20:20:08+07:00,107,27.70000,27.80000,70.90000,70.80000,46,,,,
2025-11-24T20:22:15+07:00,108,27.70000,27.80000,71.20000,71.10001,46,,,,
2025-11-24T20:26:38+07:00,109,27.70000,27.80000,70.30000,70.20000,46,,,,
2025-11-24T20:28:47+07:00,110,27.70000,27.80000,70.30000,70.20000,46,,,,
2025-11-24T20:30:53+07:00,111,27.70000,27.80000,70.20000,70.00000,46,,,,
2025-11-24T20:33:00+07:00,112,27.70000,27.80000,70.40000,70.20000,46,,,,
2025-11-24T20:35:14+07:00,113,27.70000,27.80000,70.10000,69.90000,46,,,,
2025-11-24T20:37:21+07:00,114,27.70000,27.80000,70.30000,70.10001,46,,,,
2025-11-24T20:39:28+07:00,115,27.70000,27.80000,71.60000,71.40000,46,,,,
2025-11-24T20:41:35+07:00,116,27.70000,27.80000,71.60000,71.40000,46,,,,
2025-11-24T20:43:42+07:00,117,27.70000,27.80000,71.40000,71.20000,46,,,,
2025-11-24T20:45:49+07:00,118,27.70000,27.80000,71.00000,70.70000,46,,,,
2025-11-24T20:47:55+07:00,119,27.70000,27.80000,71.60000,71.30000,46,,,,
2025-11-24T20:50:02+07:00,120,27.70000,27.80000,72.30000,72.10001,46,,,,
2025-11-24T20:52:09+07:00,121,27.70000,27.80000,73.00000,72.80000,46,,,,
2025-11-24T20:54:16+07:00,122,27.70000,27.80000,71.90000,71.70000,46,,,,
2025-11-24T20:56:23+07:00,123,27.70000,27.80000,71.70000,71.50000,46,,,,
2025-11-24T20:58:33+07:00,124,27.70000,27.80000,71.20000,71.00000,46,,,,
2025-11-24T21:00:40+07:00,125,27.70000,27.80000,71.20000,71.00000,46,,,,
2025-11-24T21:02:47+07:00,126,27.70000,27.80000,71.50000,71.30000,46,,,,
2025-11-24T21:04:54+07:00,127,27.80000,27.80000,71.80000,71.60001,46,,,,
2025-11-24T21:07:01+07:00,128,27.70000,27.80000,72.00000,71.70000,46,,,,
2025-11-24T21:09:08+07:00,129,27.70000,27.80000,71.80000,71.60001,46,,,,
2025-11-24T21:11:14+07:00,130,27.70000,27.80000,71.70000,71.50000,46,,,,
2025-11-24T21:13:21+07:00,131,27.80000,27.80000,71.70000,71.50000,46,,,,
2025-11-24T21:15:27+07:00,132,27.80000,27.80000,71.70000,71.50000,46,,,,
2025-11-24T21:17:34+07:00,133,27.80000,27.80000,72.20000,71.90000,46,,,,
2025-11-24T21:19:40+07:00,134,27.80000,27.80000,72.70000,72.50000,46,,,,
2025-11-24T21:21:47+07:00,135,27.70000,27.80000,72.30000,72.10001,46,,,,
2025-11-24T21:23:54+07:00,136,27.80000,27.80000,72.00000,71.80000,46,,,,
2025-11-24T21:26:01+07:00,137,27.70000,27.90000,72.00000,71.80000,46,,,,
2025-11-24T21:28:08+07:00,138,27.70000,27.80000,72.00000,71.80000,46,,,,
2025-11-24T21:30:15+07:00,139,27.70000,27.80000,72.70000,72.60001,46,,,,
2025-11-24T21:32:21+07:00,140,27.70000,27.80000,73.30000,73.40000,46,,,,
2025-11-24T21:34:28+07:00,141,27.80000,27.80000,73.50000,73.70000,46,,,,
2025-11-24T21:36:35+07:00,142,27.70000,27.80000,74.10000,74.10001,46,,,,
2025-11-24T21:38:41+07:00,143,27.70000,27.80000,73.60000,73.50000,46,,,,
2025-11-24T21:40:51+07:00,144,27.70000,27.80000,72.90000,72.90000,46,,,,
2025-11-24T21:42:58+07:00,145,27.70000,27.80000,72.60000,72.60001,45,,,,
2025-11-24T21:45:05+07:00,146,27.70000,27.80000,72.50000,72.40000,46,,,,
2025-11-24T21:47:11+07:00,147,27.80000,27.80000,72.60000,72.60001,46,,,,
2025-11-24T21:49:18+07:00,148,27.70000,27.80000,73.60000,73.70000,46,,,,
2025-11-24T21:51:24+07:00,149,27.80000,27.80000,74.40000,74.40000,46,,,,
2025-11-24T21:53:31+07:00,150,27.70000,27.80000,74.50000,74.40000,46,,,,
2025-11-24T21:55:37+07:00,151,27.70000,27.80000,74.20000,74.00000,46,,,,
2025-11-24T21:57:44+07:00,152,27.70000,27.80000,73.60000,73.50000,46,,,,
2025-11-24T21:59:51+07:00,153,27.70000,27.80000,73.10000,73.10001,46,,,,
2025-11-24T22:02:05+07:00,154,27.70000,27.80000,73.10000,73.00000,46,,,,
2025-11-24T22:04:12+07:00,155,27.70000,27.80000,73.30000,73.20000,45,,,,
2025-11-24T22:08:28+07:00,156,27.70000,27.80000,73.90000,73.80000,46,,,,
2025-11-24T22:10:38+07:00,157,27.70000,27.80000,74.90000,74.90000,46,,,,
2025-11-24T22:12:45+07:00,158,27.70000,27.80000,75.10000,75.00000,46,,,,
2025-11-24T22:14:52+07:00,159,27.70000,27.80000,74.20000,74.10001,46,,,,
2025-11-24T22:16:58+07:00,160,27.70000,27.80000,74.00000,73.90000,45,,,,
2025-11-24T22:19:05+07:00,161,27.70000,27.80000,74.00000,73.90000,45,,,,
2025-11-24T22:21:12+07:00,162,27.70000,27.80000,74.00000,73.90000,45,,,,
2025-11-24T22:23:18+07:00,163,27.70000,27.80000,73.90000,73.80000,45,,,,
2025-11-24T22:25:25+07:00,164,27.70000,27.80000,74.10000,74.00000,45,,,,
2025-11-24T22:27:32+07:00,165,27.70000,27.80000,74.20000,74.10001,45,,,,
2025-11-24T22:29:39+07:00,166,27.70000,27.80000,74.30000,74.20000,45,,,,
2025-11-24T22:31:45+07:00,167,27.70000,27.80000,74.20000,74.10001,45,,,,
2025-11-24T22:33:52+07:00,168,27.70000,27.80000,74.30000,74.20000,45,,,,
2025-11-24T22:38:07+07:00,169,27.70000,27.80000,74.40000,74.30000,45,,,,
2025-11-24T22:40:14+07:00,170,27.70000,27.80000,74.40000,74.30000,45,,,,
2025-11-24T22:42:21+07:00,171,27.70000,27.80000,74.50000,74.50000,45,,,,
2025-11-24T22:44:27+07:00,172,27.70000,27.80000,74.60000,74.50000,45,,,,
2025-11-24T22:46:34+07:00,173,27.70000,27.80000,74.50000,74.50000,45,,,,
2025-11-24T22:50:50+07:00,174,27.70000,27.80000,74.70000,74.70000,45,,,,
2025-11-24T22:52:57+07:00,175,27.70000,27.80000,74.80000,74.70000,45,,,,
2025-11-24T22:55:03+07:00,176,27.70000,27.80000,74.80000,74.80000,45,,,,
2025-11-24T22:57:12+07:00,177,27.70000,27.80000,74.80000,74.80000,45,,,,
2025-11-24T22:59:19+07:00,178,27.70000,27.80000,74.80000,74.80000,45,,,,
2025-11-24T23:01:26+07:00,179,27.70000,27.80000,75.00000,75.00000,45,,,,
2025-11-24T23:03:33+07:00,180,27.70000,27.80000,75.30000,75.30000,45,,,,
2025-11-24T23:05:42+07:00,181,27.70000,27.80000,75.10000,75.10001,45,,,,
2025-11-24T23:07:48+07:00,182,27.70000,27.70000,75.20000,75.20000,45,,,,
2025-11-24T23:09:55+07:00,183,27.70000,27.80000,75.30000,75.30000,45,,,,
2025-11-24T23:12:01+07:00,184,27.70000,27.80000,75.30000,75.30000,45,,,,
2025-11-24T23:14:11+07:00,185,27.70000,27.80000,75.40000,75.40000,45,,,,
2025-11-24T23:16:18+07:00,186,27.70000,27.80000,75.40000,75.40000,45,,,,
2025-11-24T23:18:25+07:00,187,27.70000,27.80000,75.30000,75.40000,45,,,,
2025-11-24T23:20:31+07:00,188,27.70000,27.80000,75.40000,75.40000,45,,,,
2025-11-24T23:24:47+07:00,189,27.70000,27.70000,75.60000,75.60001,45,,,,
2025-11-24T23:26:53+07:00,190,27.70000,27.70000,75.70000,75.70000,45,,,,
2025-11-24T23:29:00+07:00,191,27.70000,27.70000,75.60000,75.60001,45,,,,
2025-11-24T23:31:06+07:00,192,27.70000,27.70000,75.60000,75.60001,45,,,,
2025-11-24T23:33:13+07:00,193,27.70000,27.70000,75.50000,75.50000,45,,,,
2025-11-24T23:35:20+07:00,194,27.70000,27.70000,75.50000,75.50000,45,,,,
2025-11-24T23:37:27+07:00,195,27.70000,27.70000,75.70000,75.70000,45,,,,
2025-11-24T23:39:33+07:00,196,27.70000,27.70000,75.60000,75.70000,45,,,,
2025-11-24T23:41:40+07:00,197,27.70000,27.70000,75.60000,75.70000,45,,,,
2025-11-24T23:43:47+07:00,198,27.70000,27.70000,75.80000,75.90000,45,,,,
2025-11-24T23:45:54+07:00,199,27.60000,27.70000,75.80000,75.90000,45,,,,
2025-11-24T23:48:01+07:00,200,27.60000,27.70000,75.80000,75.80000,45,,,,
2025-11-24T23:50:07+07:00,201,27.60000,27.70000,75.90000,75.90000,45,,,,
2025-11-24T23:52:14+07:00,202,27.70000,27.70000,75.80000,75.90000,45,,,,
2025-11-24T23:54:20+07:00,203,27.70000,27.70000,75.80000,75.80000,45,,,,
2025-11-24T23:56:27+07:00,204,27.60000,27.70000,75.70000,75.90000,45,,,,
2025-11-24T23:58:33+07:00,205,27.60000,27.70000,75.90000,76.00000,45,,,,
2025-11-25T00:00:40+07:00,206,27.60000,27.70000,75.90000,76.00000,45,,,,
2025-11-25T00:02:47+07:00,207,27.60000,27.70000,75.90000,76.00000,44,,,,
2025-11-25T00:04:53+07:00,208,27.60000,27.70000,75.90000,76.00000,45,,,,
2025-11-25T00:07:00+07:00,209,27.60000,27.70000,75.90000,76.00000,45,,,,
2025-11-25T00:09:07+07:00,210,27.60000,27.70000,75.90000,76.00000,45,,,,
2025-11-25T00:11:13+07:00,211,27.60000,27.70000,75.90000,75.90000,45,,,,
2025-11-25T00:13:20+07:00,212,27.60000,27.70000,76.00000,76.00000,45,,,,
2025-11-25T00:15:27+07:00,213,27.60000,27.70000,76.00000,76.10001,45,,,,
2025-11-25T00:17:33+07:00,214,27.60000,27.70000,76.10000,76.20000,45,,,,
2025-11-25T00:19:40+07:00,215,27.60000,27.70000,76.10000,76.30000,44,,,,
2025-11-25T00:21:46+07:00,216,27.60000,27.70000,76.10000,76.30000,45,,,,
2025-11-25T00:23:53+07:00,217,27.60000,27.70000,76.10000,76.30000,45,,,,
2025-11-25T00:25:59+07:00,218,27.60000,27.70000,76.10000,76.20000,44,,,,
2025-11-25T00:28:06+07:00,219,27.60000,27.70000,76.10000,76.30000,45,,,,
2025-11-25T00:30:13+07:00,220,27.60000,27.70000,76.10000,76.30000,44,,,,
2025-11-25T00:32:19+07:00,221,27.60000,27.70000,76.20000,76.40000,44,,,,
2025-11-25T00:34:26+07:00,222,27.60000,27.70000,76.20000,76.30000,44,,,,
2025-11-25T00:38:41+07:00,223,27.60000,27.70000,76.20000,76.30000,44,,,,
2025-11-25T00:40:48+07:00,224,27.60000,27.70000,76.30000,76.40000,44,,,,
2025-11-25T00:42:55+07:00,225,27.60000,27.70000,76.30000,76.40000,45,,,,
2025-11-25T00:45:01+07:00,226,27.60000,27.70000,76.30000,76.40000,44,,,,
2025-11-25T00:47:08+07:00,227,27.60000,27.70000,76.30000,76.40000,44,,,,
2025-11-25T00:49:14+07:00,228,27.60000,27.60000,76.30000,76.40000,45,,,,
2025-11-25T00:51:21+07:00,229,27.60000,27.70000,76.30000,76.50000,45,,,,
2025-11-25T00:53:28+07:00,230,27.60000,27.60000,76.30000,76.50000,44,,,,
2025-11-25T00:55:34+07:00,231,27.60000,27.60000,76.30000,76.50000,44,,,,
2025-11-25T00:57:41+07:00,232,27.60000,27.60000,76.30000,76.40000,44,,,,
2025-11-25T00:59:48+07:00,233,27.60000,27.60000,76.30000,76.40000,44,,,,
2025-11-25T01:01:54+07:00,234,27.60000,27.60000,76.30000,76.50000,44,,,,
2025-11-25T01:04:01+07:00,235,27.60000,27.60000,76.30000,76.50000,44,,,,
2025-11-25T01:06:07+07:00,236,27.60000,27.60000,76.40000,76.50000,44,,,,
2025-11-25T01:08:14+07:00,237,27.60000,27.60000,76.40000,76.50000,44,,,,
2025-11-25T01:10:20+07:00,238,27.60000,27.60000,76.40000,76.50000,44,,,,
2025-11-25T01:12:27+07:00,239,27.60000,27.60000,76.40000,76.50000,44,,,,
2025-11-25T01:14:34+07:00,240,27.60000,27.60000,76.40000,76.40000,44,,,,
2025-11-25T01:16:41+07:00,241,27.50000,27.60000,76.40000,76.40000,44,,,,
2025-11-25T01:18:47+07:00,242,27.60000,27.60000,76.50000,76.50000,44,,,,
2025-11-25T01:20:56+07:00,243,27.60000,27.60000,76.50000,76.60001,44,,,,
2025-11-25T01:23:03+07:00,244,27.60000,27.60000,76.60000,76.60001,44,,,,
2025-11-25T01:25:13+07:00,245,27.60000,27.60000,76.60000,76.60001,44,,,,
2025-11-25T01:27:22+07:00,246,27.60000,27.60000,76.60000,76.70000,44,,,,
2025-11-25T01:29:29+07:00,247,27.60000,27.60000,76.60000,76.80000,44,,,,
2025-11-25T01:31:36+07:00,248,27.60000,27.60000,76.70000,76.90000,44,,,,
2025-11-25T01:33:43+07:00,249,27.60000,27.60000,76.70000,76.80000,44,,,,
2025-11-25T01:35:49+07:00,250,27.50000,27.60000,76.70000,76.70000,44,,,,
2025-11-25T01:37:56+07:00,251,27.50000,27.60000,76.60000,76.80000,44,,,,
2025-11-25T01:40:03+07:00,252,27.50000,27.60000,76.60000,76.80000,44,,,,
2025-11-25T01:42:10+07:00,253,27.50000,27.60000,76.70000,76.80000,44,,,,
2025-11-25T01:44:16+07:00,254,27.60000,27.60000,76.70000,76.80000,44,,,,
2025-11-25T01:46:23+07:00,255,27.50000,27.60000,76.70000,76.90000,44,,,,
2025-11-25T01:48:30+07:00,256,27.50000,27.60000,76.80000,76.90000,44,,,,
2025-11-25T01:50:37+07:00,257,27.50000,27.60000,76.80000,77.00000,44,,,,
2025-11-25T01:52:43+07:00,258,27.50000,27.60000,76.80000,77.00000,44,,,,
2025-11-25T01:54:50+07:00,259,27.50000,27.60000,76.90000,77.10001,44,,,,
2025-11-25T01:56:56+07:00,260,27.50000,27.60000,76.90000,77.10001,44,,,,
2025-11-25T01:59:03+07:00,261,27.50000,27.60000,76.90000,77.10001,44,,,,
2025-11-25T02:01:11+07:00,262,27.50000,27.60000,76.90000,77.00000,44,,,,
2025-11-25T02:03:17+07:00,263,27.50000,27.60000,76.80000,76.90000,44,,,,
2025-11-25T02:05:24+07:00,264,27.50000,27.60000,76.90000,77.00000,43,,,,
2025-11-25T02:07:30+07:00,265,27.50000,27.60000,76.90000,77.10001,44,,,,
2025-11-25T02:09:37+07:00,266,27.50000,27.60000,76.90000,77.10001,43,,,,
2025-11-25T02:11:44+07:00,267,27.50000,27.60000,77.00000,77.20000,44,,,,
2025-11-25T02:13:51+07:00,268,27.50000,27.60000,77.00000,77.20000,43,,,,
2025-11-25T02:15:57+07:00,269,27.50000,27.60000,77.10000,77.30000,44,,,,
2025-11-25T02:18:04+07:00,270,27.50000,27.60000,77.10000,77.30000,43,,,,
2025-11-25T02:20:10+07:00,271,27.50000,27.60000,77.10000,77.20000,43,,,,
2025-11-25T02:22:17+07:00,272,27.50000,27.60000,77.10000,77.30000,43,,,,
2025-11-25T02:24:24+07:00,273,27.50000,27.60000,77.10000,77.20000,43,,,,
2025-11-25T02:26:30+07:00,274,27.50000,27.60000,77.20000,77.30000,43,,,,
2025-11-25T02:28:37+07:00,275,27.50000,27.60000,77.20000,77.30000,43,,,,
2025-11-25T02:30:44+07:00,276,27.50000,27.60000,77.20000,77.40000,43,,,,
2025-11-25T02:32:50+07:00,277,27.50000,27.60000,77.20000,77.30000,43,,,,
2025-11-25T02:35:00+07:00,278,27.50000,27.60000,77.20000,77.40000,43,,,,
2025-11-25T02:37:07+07:00,279,27.50000,27.60000,77.20000,77.30000,43,,,,
2025-11-25T02:39:16+07:00,280,27.50000,27.60000,77.30000,77.40000,43,,,,
2025-11-25T02:41:22+07:00,281,27.50000,27.60000,77.30000,77.50000,43,,,,
2025-11-25T02:43:29+07:00,282,27.50000,27.60000,77.20000,77.30000,43,,,,
2025-11-25T02:45:35+07:00,283,27.50000,27.60000,77.30000,77.50000,43,,,,
2025-11-25T02:47:42+07:00,284,27.50000,27.60000,77.20000,77.40000,43,,,,
2025-11-25T02:49:49+07:00,285,27.50000,27.60000,77.30000,77.50000,43,,,,
2025-11-25T02:51:56+07:00,286,27.50000,27.60000,77.40000,77.60001,43,,,,
2025-11-25T02:54:02+07:00,287,27.50000,27.60000,77.50000,77.70000,43,,,,
2025-11-25T02:56:09+07:00,288,27.50000,27.60000,77.30000,77.50000,43,,,,
2025-11-25T02:58:16+07:00,289,27.50000,27.50000,77.40000,77.50000,43,,,,
2025-11-25T03:00:23+07:00,290,27.50000,27.50000,77.40000,77.60001,43,,,,
2025-11-25T03:02:29+07:00,291,27.50000,27.50000,77.40000,77.60001,43,,,,
2025-11-25T03:04:39+07:00,292,27.50000,27.50000,77.40000,77.60001,43,,,,
2025-11-25T03:06:46+07:00,293,27.50000,27.50000,77.50000,77.60001,43,,,,
2025-11-25T03:08:55+07:00,294,27.50000,27.50000,77.50000,77.70000,43,,,,
2025-11-25T03:11:01+07:00,295,27.50000,27.50000,77.60000,77.70000,43,,,,
2025-11-25T03:13:08+07:00,296,27.50000,27.50000,77.60000,77.80000,43,,,,
2025-11-25T03:15:15+07:00,297,27.50000,27.50000,77.60000,77.80000,43,,,,
2025-11-25T03:17:22+07:00,298,27.50000,27.50000,77.60000,77.80000,43,,,,
2025-11-25T03:19:28+07:00,299,27.50000,27.50000,77.60000,77.80000,43,,,,
2025-11-25T03:21:35+07:00,300,27.50000,27.50000,77.70000,77.80000,43,,,,
2025-11-25T03:23:41+07:00,301,27.50000,27.50000,77.70000,77.90000,43,,,,
2025-11-25T03:25:48+07:00,302,27.40000,27.50000,77.70000,77.90000,43,,,,
2025-11-25T03:27:54+07:00,303,27.40000,27.50000,77.70000,77.90000,43,,,,
2025-11-25T03:30:01+07:00,304,27.40000,27.50000,77.70000,77.80000,43,,,,
2025-11-25T03:32:08+07:00,305,27.50000,27.50000,77.70000,77.80000,43,,,,
2025-11-25T03:34:14+07:00,306,27.40000,27.50000,77.70000,77.90000,43,,,,
2025-11-25T03:36:21+07:00,307,27.40000,27.50000,77.80000,78.00000,43,,,,
2025-11-25T03:38:27+07:00,308,27.40000,27.50000,77.80000,78.00000,43,,,,
2025-11-25T03:40:34+07:00,309,27.40000,27.50000,77.80000,77.90000,43,,,,
2025-11-25T03:42:43+07:00,310,27.40000,27.50000,77.80000,78.00000,43,,,,
2025-11-25T03:44:50+07:00,311,27.40000,27.50000,77.80000,77.90000,43,,,,
2025-11-25T03:46:57+07:00,312,27.40000,27.50000,77.80000,78.00000,43,,,,
2025-11-25T03:49:03+07:00,313,27.40000,27.50000,77.80000,78.00000,43,,,,
2025-11-25T03:51:10+07:00,314,27.40000,27.50000,77.90000,78.10001,43,,,,
2025-11-25T03:53:17+07:00,315,27.40000,27.50000,77.90000,78.10001,43,,,,
2025-11-25T03:55:23+07:00,316,27.40000,27.50000,77.90000,78.10001,43,,,,
2025-11-25T03:57:30+07:00,317,27.40000,27.50000,77.90000,78.10001,43,,,,
2025-11-25T03:59:37+07:00,318,27.40000,27.50000,77.90000,78.10001,43,,,,
2025-11-25T04:01:43+07:00,319,27.40000,27.50000,78.00000,78.10001,43,,,,
2025-11-25T04:03:50+07:00,320,27.40000,27.50000,78.00000,78.20000,43,,,,
2025-11-25T04:05:56+07:00,321,27.40000,27.50000,78.00000,78.20000,43,,,,
2025-11-25T04:08:03+07:00,322,27.40000,27.40000,78.10000,78.30000,43,,,,
2025-11-25T04:10:10+07:00,323,27.40000,27.50000,78.00000,78.20000,43,,,,
2025-11-25T04:12:16+07:00,324,27.40000,27.50000,78.10000,78.30000,43,,,,
2025-11-25T04:14:23+07:00,325,27.40000,27.40000,78.10000,78.30000,43,,,,
2025-11-25T04:16:29+07:00,326,27.40000,27.40000,78.10000,78.30000,43,,,,
2025-11-25T04:18:38+07:00,327,27.40000,27.40000,78.10000,78.30000,43,,,,
2025-11-25T04:20:45+07:00,328,27.40000,27.40000,78.10000,78.30000,43,,,,
2025-11-25T04:22:52+07:00,329,27.40000,27.40000,78.20000,78.40000,43,,,,
2025-11-25T04:25:01+07:00,330,27.40000,27.40000,78.10000,78.30000,43,,,,
2025-11-25T04:27:08+07:00,331,27.40000,27.40000,78.20000,78.30000,43,,,,
2025-11-25T04:29:15+07:00,332,27.40000,27.40000,78.20000,78.30000,43,,,,
2025-11-25T04:31:21+07:00,333,27.40000,27.40000,78.20000,78.30000,43,,,,
2025-11-25T04:33:30+07:00,334,27.40000,27.40000,78.20000,78.40000,43,,,,
2025-11-25T04:35:37+07:00,335,27.40000,27.40000,78.20000,78.30000,43,,,,
2025-11-25T04:37:45+07:00,336,27.40000,27.40000,78.20000,78.40000,43,,,,
2025-11-25T04:39:52+07:00,337,27.40000,27.40000,78.30000,78.50000,43,,,,
2025-11-25T04:41:58+07:00,338,27.30000,27.40000,78.30000,78.50000,43,,,,
2025-11-25T04:44:05+07:00,339,27.30000,27.40000,78.30000,78.50000,43,,,,
2025-11-25T04:46:11+07:00,340,27.30000,27.40000,78.40000,78.50000,43,,,,
2025-11-25T04:48:18+07:00,341,27.30000,27.40000,78.40000,78.60001,43,,,,
2025-11-25T04:50:25+07:00,342,27.30000,27.40000,78.40000,78.50000,43,,,,
2025-11-25T04:52:32+07:00,343,27.30000,27.40000,78.40000,78.60001,42,,,,
2025-11-25T04:54:38+07:00,344,27.30000,27.40000,78.40000,78.60001,43,,,,
2025-11-25T04:56:47+07:00,345,27.30000,27.40000,78.40000,78.50000,43,,,,
2025-11-25T04:58:54+07:00,346,27.30000,27.40000,78.50000,78.60001,42,,,,
2025-11-25T05:01:01+07:00,347,27.30000,27.40000,78.40000,78.50000,43,,,,
2025-11-25T05:03:10+07:00,348,27.30000,27.40000,78.40000,78.60001,43,,,,
2025-11-25T05:05:17+07:00,349,27.30000,27.40000,78.40000,78.50000,43,,,,
2025-11-25T05:07:24+07:00,350,27.30000,27.30000,78.50000,78.70000,42,,,,
2025-11-25T05:09:30+07:00,351,27.30000,27.40000,78.50000,78.60001,42,,,,
2025-11-25T05:11:37+07:00,352,27.30000,27.40000,78.50000,78.60001,42,,,,
2025-11-25T05:13:44+07:00,353,27.30000,27.30000,78.50000,78.60001,42,,,,
2025-11-25T05:15:50+07:00,354,27.30000,27.40000,78.40000,78.60001,42,,,,
2025-11-25T05:17:57+07:00,355,27.30000,27.30000,78.50000,78.60001,43,,,,
2025-11-25T05:20:04+07:00,356,27.30000,27.30000,78.50000,78.70000,42,,,,
2025-11-25T05:22:10+07:00,357,27.30000,27.30000,78.60000,78.70000,42,,,,
2025-11-25T05:24:20+07:00,358,27.30000,27.30000,78.50000,78.60001,42,,,,
2025-11-25T05:26:27+07:00,359,27.30000,27.30000,78.40000,78.60001,42,,,,
2025-11-25T05:28:33+07:00,360,27.30000,27.30000,78.50000,78.60001,42,,,,
2025-11-25T05:30:40+07:00,361,27.30000,27.30000,78.60000,78.70000,42,,,,
2025-11-25T05:32:47+07:00,362,27.20000,27.30000,78.50000,78.60001,42,,,,
2025-11-25T05:34:54+07:00,363,27.30000,27.30000,78.40000,78.50000,42,,,,
2025-11-25T05:37:00+07:00,364,27.30000,27.30000,78.50000,78.60001,42,,,,
2025-11-25T05:39:07+07:00,365,27.20000,27.30000,78.50000,78.70000,42,,,,
2025-11-25T05:41:13+07:00,366,27.30000,27.30000,78.60000,78.70000,42,,,,
2025-11-25T05:43:20+07:00,367,27.20000,27.30000,78.60000,78.70000,42,,,,
2025-11-25T05:45:27+07:00,368,27.20000,27.30000,78.50000,78.70000,42,,,,
2025-11-25T05:47:33+07:00,369,27.20000,27.30000,78.60000,78.80000,42,,,,
2025-11-25T05:49:40+07:00,370,27.20000,27.30000,78.60000,78.70000,42,,,,
2025-11-25T05:51:46+07:00,371,27.20000,27.30000,78.60000,78.70000,42,,,,
2025-11-25T05:53:53+07:00,372,27.20000,27.30000,78.50000,78.70000,42,,,,
2025-11-25T05:56:00+07:00,373,27.20000,27.30000,78.60000,78.70000,42,,,,
2025-11-25T05:58:06+07:00,374,27.20000,27.30000,78.60000,78.70000,42,,,,
2025-11-25T06:00:13+07:00,375,27.30000,27.30000,78.60000,78.70000,42,,,,
2025-11-25T06:02:20+07:00,376,27.20000,27.30000,78.60000,78.60001,42,,,,
2025-11-25T06:04:27+07:00,377,27.20000,27.30000,78.60000,78.70000,43,,,,
2025-11-25T06:06:33+07:00,378,27.20000,27.30000,78.60000,78.80000,42,,,,
2025-11-25T06:08:40+07:00,379,27.20000,27.30000,78.60000,78.60001,42,,,,
2025-11-25T06:10:46+07:00,380,27.20000,27.30000,78.60000,78.70000,42,,,,
2025-11-25T06:12:53+07:00,381,27.20000,27.30000,78.60000,78.70000,42,,,,
2025-11-25T06:15:00+07:00,382,27.20000,27.30000,78.70000,78.70000,42,,,,
2025-11-25T06:17:07+07:00,383,27.20000,27.30000,78.60000,78.80000,42,,,,
2025-11-25T06:19:13+07:00,384,27.20000,27.30000,78.60000,78.70000,42,,,,
2025-11-25T06:21:20+07:00,385,27.20000,27.30000,78.70000,78.80000,42,,,,
2025-11-25T06:23:27+07:00,386,27.20000,27.30000,78.70000,78.80000,42,,,,
2025-11-25T06:25:33+07:00,387,27.20000,27.30000,78.70000,78.80000,42,,,,
2025-11-25T06:27:40+07:00,388,27.20000,27.30000,78.70000,78.80000,42,,,,
2025-11-25T06:29:46+07:00,389,27.20000,27.30000,78.70000,78.80000,42,,,,
2025-11-25T06:31:53+07:00,390,27.20000,27.30000,78.70000,78.70000,42,,,,
2025-11-25T06:34:00+07:00,391,27.30000,27.30000,78.70000,78.70000,42,,,,
2025-11-25T06:36:07+07:00,392,27.30000,27.30000,78.70000,78.70000,42,,,,
2025-11-25T06:38:14+07:00,393,27.30000,27.30000,78.60000,78.70000,42,,,,
2025-11-25T06:40:20+07:00,394,27.30000,27.40000,78.60000,78.70000,42,,,,
2025-11-25T06:42:27+07:00,395,27.30000,27.40000,78.70000,78.70000,42,,,,
2025-11-25T06:44:33+07:00,396,27.30000,27.40000,78.60000,78.70000,42,,,,
2025-11-25T06:46:43+07:00,397,27.30000,27.40000,78.60000,78.60001,42,,,,
2025-11-25T06:48:50+07:00,398,27.30000,27.40000,78.60000,78.70000,42,,,,
2025-11-25T06:50:57+07:00,399,27.30000,27.40000,78.70000,78.60001,42,,,,
2025-11-25T06:53:04+07:00,400,27.30000,27.40000,78.60000,78.60001,42,,,,
2025-11-25T06:55:13+07:00,401,27.30000,27.40000,78.60000,78.70000,42,,,,
2025-11-25T06:57:19+07:00,402,27.30000,27.40000,78.60000,78.60001,42,,,,
2025-11-25T06:59:26+07:00,403,27.30000,27.40000,78.60000,78.60001,42,,,,
2025-11-25T07:01:33+07:00,404,27.30000,27.40000,78.60000,78.60001,42,,,,
2025-11-25T07:03:39+07:00,405,27.40000,27.50000,78.60000,78.60001,42,,,,
2025-11-25T07:05:46+07:00,406,27.40000,27.50000,78.60000,78.50000,42,,,,
2025-11-25T07:07:55+07:00,407,27.40000,27.50000,78.50000,78.50000,42,,,,
2025-11-25T07:10:02+07:00,408,27.40000,27.50000,78.50000,78.50000,42,,,,
2025-11-25T07:12:08+07:00,409,27.40000,27.50000,78.50000,78.40000,42,,,,
2025-11-25T07:14:15+07:00,410,27.40000,27.50000,78.50000,78.40000,42,,,,
2025-11-25T07:16:22+07:00,411,27.40000,27.50000,78.50000,78.40000,42,,,,
2025-11-25T07:18:28+07:00,412,27.40000,27.50000,78.60000,78.60001,42,,,,
2025-11-25T07:22:44+07:00,413,27.50000,27.60000,78.50000,78.40000,42,,,,
2025-11-25T07:24:50+07:00,414,27.50000,27.60000,78.40000,78.30000,42,,,,
2025-11-25T07:29:05+07:00,415,27.50000,27.60000,78.30000,78.20000,42,,,,
2025-11-25T07:31:12+07:00,416,27.50000,27.60000,78.40000,78.20000,42,,,,
2025-11-25T07:33:19+07:00,417,27.50000,27.60000,78.40000,78.20000,42,,,,
2025-11-25T07:35:28+07:00,418,27.50000,27.70000,78.30000,78.10001,42,,,,
2025-11-25T07:37:35+07:00,419,27.60000,27.70000,78.20000,78.00000,42,,,,
2025-11-25T07:39:44+07:00,420,27.60000,27.70000,78.20000,78.00000,42,,,,
2025-11-25T07:41:51+07:00,421,27.60000,27.70000,78.20000,78.00000,42,,,,
2025-11-25T07:46:10+07:00,422,27.60000,27.80000,78.10000,77.90000,42,,,,
2025-11-25T07:48:17+07:00,423,27.70000,27.80000,78.10000,77.90000,42,,,,
2025-11-25T07:50:24+07:00,424,27.70000,27.80000,78.10000,77.90000,41,,,,
2025-11-25T07:52:30+07:00,425,27.70000,27.80000,78.10000,77.90000,42,,,,
2025-11-25T07:54:37+07:00,426,27.70000,27.90000,78.10000,77.90000,42,,,,
2025-11-25T07:56:43+07:00,427,27.70000,27.90000,78.10000,77.90000,42,,,,
2025-11-25T07:58:50+07:00,428,27.80000,27.90000,78.10000,77.80000,42,,,,
2025-11-25T08:00:56+07:00,429,27.80000,27.90000,78.10000,77.80000,42,,,,
2025-11-25T08:03:04+07:00,430,27.80000,27.90000,78.00000,77.80000,42,,,,
2025-11-25T08:05:10+07:00,431,27.80000,28.00000,78.00000,77.80000,42,,,,
2025-11-25T08:07:19+07:00,432,27.80000,28.00000,77.90000,77.70000,41,,,,
2025-11-25T08:09:26+07:00,433,27.80000,28.00000,77.90000,77.60001,42,,,,
2025-11-25T08:11:32+07:00,434,27.90000,28.00000,77.80000,77.50000,41,,,,
2025-11-25T08:13:39+07:00,435,27.90000,28.00000,77.70000,77.50000,42,,,,
2025-11-25T08:15:46+07:00,436,27.90000,28.00000,77.70000,77.40000,41,,,,
2025-11-25T08:17:52+07:00,437,27.90000,28.10000,77.70000,77.40000,41,,,,
2025-11-25T08:19:59+07:00,438,27.90000,28.10000,77.70000,77.30000,41,,,,
2025-11-25T08:22:06+07:00,439,27.90000,28.10000,77.60000,77.30000,41,,,,
2025-11-25T08:24:12+07:00,440,28.00000,28.10000,77.60000,77.30000,41,,,,
2025-11-25T08:28:30+07:00,441,28.00000,28.10000,77.50000,77.10001,42,,,,
2025-11-25T08:30:39+07:00,442,28.00000,28.10000,77.40000,77.10001,41,,,,
2025-11-25T08:32:45+07:00,443,28.00000,28.20000,77.40000,77.10001,41,,,,
2025-11-25T08:34:52+07:00,444,28.00000,28.20000,77.30000,77.00000,41,,,,
2025-11-25T08:37:01+07:00,445,28.10000,28.20000,77.30000,77.00000,42,,,,
2025-11-25T08:39:09+07:00,446,28.10000,28.20000,77.30000,76.90000,41,,,,
2025-11-25T08:41:15+07:00,447,28.10000,28.20000,77.20000,76.90000,41,,,,
2025-11-25T08:43:25+07:00,448,28.10000,28.30000,77.20000,76.80000,41,,,,
2025-11-25T08:45:31+07:00,449,28.10000,28.30000,77.10000,76.70000,41,,,,
2025-11-25T08:47:41+07:00,450,28.10000,28.30000,77.00000,76.70000,41,,,,
2025-11-25T08:49:51+07:00,451,28.20000,28.30000,77.00000,76.60001,41,,,,
2025-11-25T08:51:57+07:00,452,28.20000,28.30000,76.90000,76.50000,41,,,,
2025-11-25T08:54:04+07:00,453,28.20000,28.30000,76.80000,76.40000,41,,,,
2025-11-25T08:56:10+07:00,454,28.20000,28.40000,76.80000,76.40000,41,,,,
2025-11-25T08:58:17+07:00,455,28.20000,28.40000,76.70000,76.40000,41,,,,
2025-11-25T09:00:23+07:00,456,28.30000,28.40000,76.70000,76.30000,41,,,,
2025-11-25T09:02:30+07:00,457,28.30000,28.40000,76.60000,76.20000,41,,,,
2025-11-25T09:04:36+07:00,458,28.30000,28.40000,76.60000,76.20000,42,,,,
2025-11-25T09:06:43+07:00,459,28.30000,28.50000,76.50000,76.10001,41,,,,
2025-11-25T09:08:49+07:00,460,28.30000,28.50000,76.50000,76.00000,41,,,,
2025-11-25T09:10:56+07:00,461,28.40000,28.50000,76.40000,76.00000,41,,,,
2025-11-25T09:13:02+07:00,462,28.40000,28.50000,76.40000,75.90000,41,,,,
2025-11-25T09:15:08+07:00,463,28.40000,28.50000,76.30000,75.80000,41,,,,
2025-11-25T09:17:15+07:00,464,28.40000,28.60000,76.20000,75.70000,41,,,,
2025-11-25T09:19:21+07:00,465,28.40000,28.60000,76.20000,75.70000,41,,,,
2025-11-25T09:21:28+07:00,466,28.50000,28.60000,76.00000,75.60001,41,,,,
2025-11-25T09:23:35+07:00,467,28.50000,28.60000,76.00000,75.50000,41,,,,
2025-11-25T09:25:51+07:00,468,28.50000,28.60000,76.00000,75.50000,42,,,,
2025-11-25T09:27:58+07:00,469,28.50000,28.70000,75.90000,75.40000,41,,,,
2025-11-25T09:30:04+07:00,470,28.50000,28.70000,75.70000,75.20000,41,,,,
2025-11-25T09:32:11+07:00,471,28.60000,28.70000,75.60000,75.10001,41,,,,
2025-11-25T09:34:17+07:00,472,28.60000,28.70000,75.60000,75.00000,41,,,,
2025-11-25T09:36:24+07:00,473,28.60000,28.70000,75.50000,75.00000,41,,,,
2025-11-25T09:38:34+07:00,474,28.60000,28.70000,75.50000,75.00000,41,,,,
2025-11-25T09:40:43+07:00,475,28.60000,28.80000,75.50000,74.90000,41,,,,
2025-11-25T09:42:49+07:00,476,28.70000,28.80000,75.50000,75.00000,41,,,,
2025-11-25T09:44:56+07:00,477,28.70000,28.80000,75.50000,74.90000,41,,,,
2025-11-25T09:47:02+07:00,478,28.70000,28.80000,75.40000,74.90000,41,,,,
2025-11-25T09:49:09+07:00,479,28.70000,28.80000,75.30000,74.80000,41,,,,
2025-11-25T09:51:16+07:00,480,28.70000,28.80000,75.20000,74.70000,41,,,,
2025-11-25T09:53:22+07:00,481,28.70000,28.80000,75.20000,74.70000,41,,,,
2025-11-25T09:55:30+07:00,482,28.70000,28.90000,75.20000,74.70000,41,,,,
2025-11-25T09:57:36+07:00,483,28.70000,28.90000,75.20000,74.70000,41,,,,
2025-11-25T09:59:43+07:00,484,28.80000,28.90000,74.70000,74.10001,41,,,,
2025-11-25T10:01:50+07:00,485,28.80000,28.90000,74.80000,74.30000,41,,,,
2025-11-25T10:03:57+07:00,486,28.80000,28.90000,74.80000,74.20000,41,,,,
2025-11-25T10:06:04+07:00,487,28.80000,29.00000,74.80000,74.20000,41,,,,
2025-11-25T10:08:10+07:00,488,28.80000,29.00000,74.70000,74.10001,41,,,,
2025-11-25T10:10:17+07:00,489,28.90000,29.00000,74.70000,74.10001,41,,,,
2025-11-25T10:12:24+07:00,490,28.90000,29.00000,74.50000,73.90000,41,,,,
2025-11-25T10:14:30+07:00,491,28.90000,29.00000,73.60000,72.90000,41,,,,
2025-11-25T10:16:37+07:00,492,28.70000,28.70000,71.50000,70.90000,41,,,,
2025-11-25T10:18:44+07:00,493,28.40000,28.30000,68.90000,68.60001,41,,,,
2025-11-25T10:20:50+07:00,494,28.30000,28.10000,66.90000,66.60001,41,,,,
2025-11-25T10:22:57+07:00,495,28.10000,27.80000,64.80000,64.70000,41,,,,
2025-11-25T10:25:03+07:00,496,27.90000,27.60000,63.10000,63.00000,42,,,,
2025-11-25T10:27:09+07:00,497,27.80000,27.50000,61.70000,61.60000,41,,,,
2025-11-25T10:29:19+07:00,498,27.70000,27.40000,60.20000,60.10000,41,,,,
2025-11-25T10:31:26+07:00,499,27.60000,27.30000,58.80000,58.60000,41,,,,
2025-11-25T10:33:32+07:00,500,27.60000,27.20000,57.50000,57.10000,41,,,,
2025-11-25T10:35:40+07:00,501,27.50000,27.20000,56.70000,56.60000,41,,,,
2025-11-25T10:37:46+07:00,502,27.50000,27.20000,55.70000,55.30000,41,,,,
2025-11-25T10:39:53+07:00,503,27.60000,27.40000,56.40000,55.90000,41,,,,
2025-11-25T10:44:10+07:00,504,27.90000,27.90000,56.30000,55.20000,41,,,,
2025-11-25T10:46:20+07:00,505,28.10000,28.10000,56.90000,56.00000,41,,,,
2025-11-25T10:50:41+07:00,506,28.30000,28.40000,57.40000,56.20000,41,,,,
2025-11-25T10:52:50+07:00,507,28.40000,28.50000,57.00000,55.40000,41,,,,
2025-11-25T10:54:56+07:00,508,28.50000,28.60000,56.90000,55.50000,41,,,,
2025-11-25T10:57:03+07:00,509,28.60000,28.70000,58.20000,56.50000,41,,,,
2025-11-25T10:59:13+07:00,510,28.60000,28.80000,57.70000,55.40000,41,,,,
2025-11-25T11:03:30+07:00,511,28.70000,28.90000,59.80000,57.30000,41,,,,
2025-11-25T11:05:40+07:00,512,28.70000,28.90000,60.20000,58.70000,41,,,,
2025-11-25T11:07:50+07:00,513,28.80000,28.90000,62.90000,61.30000,41,,,,
2025-11-25T11:09:59+07:00,514,28.80000,29.00000,62.70000,61.00000,41,,,,
2025-11-25T11:12:09+07:00,515,28.80000,29.00000,62.40000,60.00000,41,,,,
2025-11-25T11:14:15+07:00,516,28.90000,29.00000,63.60000,62.40000,41,,,,
2025-11-25T11:16:25+07:00,517,28.90000,29.00000,63.90000,62.60000,41,,,,
2025-11-25T11:18:34+07:00,518,29.00000,29.10000,65.30000,64.30000,41,,,,
2025-11-25T11:20:40+07:00,519,29.00000,29.10000,65.50000,64.40000,41,,,,
2025-11-25T11:22:48+07:00,520,29.00000,29.10000,65.10000,64.00000,41,,,,
2025-11-25T11:24:56+07:00,521,29.00000,29.10000,65.00000,63.70000,41,,,,
2025-11-25T11:27:04+07:00,522,29.30000,29.30000,64.30000,63.30000,41,,,,
2025-11-25T11:29:11+07:00,523,29.30000,29.30000,64.50000,63.70000,41,,,,
2025-11-25T11:31:18+07:00,524,29.20000,29.20000,65.80000,64.80000,41,,,,
2025-11-25T11:33:25+07:00,525,29.20000,29.20000,65.90000,65.00000,41,,,,
2025-11-25T11:37:43+07:00,526,29.20000,29.20000,66.40000,65.40000,41,,,,
2025-11-25T11:39:52+07:00,527,29.20000,29.20000,66.30000,65.50000,41,,,,
2025-11-25T11:41:59+07:00,528,29.20000,29.20000,66.20000,65.30000,41,,,,
2025-11-25T11:44:06+07:00,529,29.20000,29.20000,65.60000,64.90000,41,,,,
2025-11-25T11:46:12+07:00,530,29.30000,29.20000,65.50000,64.80000,41,,,,
2025-11-25T11:48:18+07:00,531,29.30000,29.30000,65.50000,64.70000,41,,,,
2025-11-25T11:50:25+07:00,532,29.30000,29.30000,65.50000,64.80000,41,,,,
2025-11-25T11:52:31+07:00,533,29.30000,29.30000,66.20000,65.30000,41,,,,
2025-11-25T11:54:38+07:00,534,29.40000,29.30000,65.90000,65.30000,41,,,,
2025-11-25T11:56:44+07:00,535,29.40000,29.40000,66.40000,65.50000,41,,,,
2025-11-25T11:58:50+07:00,536,29.40000,29.40000,66.00000,65.40000,41,,,,
2025-11-25T12:00:57+07:00,537,29.50000,29.40000,66.10000,65.40000,41,,,,
2025-11-25T12:03:03+07:00,538,29.40000,29.40000,66.90000,66.00000,41,,,,
2025-11-25T12:05:10+07:00,539,29.50000,29.40000,66.50000,65.80000,41,,,,
2025-11-25T12:07:18+07:00,540,29.50000,29.50000,66.90000,66.10001,41,,,,
2025-11-25T12:09:25+07:00,541,29.50000,29.50000,66.10000,65.40000,41,,,,
2025-11-25T12:11:34+07:00,542,29.50000,29.50000,66.20000,65.40000,41,,,,
2025-11-25T12:13:41+07:00,543,29.50000,29.50000,66.50000,65.70000,41,,,,
2025-11-25T12:15:48+07:00,544,29.20000,29.30000,65.50000,64.30000,41,,,,
2025-11-25T12:17:54+07:00,545,28.70000,28.90000,64.20000,62.70000,41,,,,
2025-11-25T12:20:01+07:00,546,28.40000,28.70000,62.80000,60.90000,41,,,,
2025-11-25T12:22:08+07:00,547,28.20000,28.50000,61.50000,59.30000,41,,,,
2025-11-25T12:24:18+07:00,548,27.90000,28.40000,60.30000,57.80000,41,,,,
2025-11-25T12:26:25+07:00,549,27.80000,28.20000,59.10000,56.50000,41,,,,
2025-11-25T12:28:31+07:00,550,27.60000,28.20000,58.10000,55.30000,41,,,,
2025-11-25T12:30:41+07:00,551,27.50000,28.10000,57.20000,54.30000,41,,,,
2025-11-25T12:32:48+07:00,552,27.40000,28.00000,55.70000,52.70000,41,,,,
2025-11-25T12:34:55+07:00,553,27.20000,27.80000,54.90000,51.70000,41,,,,
2025-11-25T12:37:02+07:00,554,27.20000,27.80000,53.70000,50.60000,41,,,,
2025-11-25T12:41:20+07:00,555,27.00000,27.60000,52.20000,49.00000,41,,,,
2025-11-25T12:43:37+07:00,556,26.90000,27.50000,51.30000,48.10000,41,,,,
2025-11-25T12:45:43+07:00,557,26.80000,27.40000,50.40000,47.00000,41,,,,
2025-11-25T12:47:50+07:00,558,26.80000,27.40000,50.00000,46.60000,41,,,,
2025-11-25T12:49:56+07:00,559,26.60000,27.30000,49.40000,45.90000,41,,,,
2025-11-25T12:52:03+07:00,560,26.60000,27.20000,48.80000,45.30000,41,,,,
2025-11-25T12:54:12+07:00,561,26.60000,27.20000,48.50000,44.90000,41,,,,
2025-11-25T12:56:19+07:00,562,26.70000,27.20000,48.00000,44.50000,41,,,,
2025-11-25T12:58:26+07:00,563,26.60000,27.10000,47.50000,44.00000,41,,,,
2025-11-25T13:00:32+07:00,564,26.60000,27.10000,46.90000,43.30000,41,,,,
2025-11-25T13:02:39+07:00,565,26.40000,27.10000,46.60000,43.00000,41,,,,
2025-11-25T13:06:57+07:00,566,26.50000,27.00000,45.80000,42.10000,41,,,,
2025-11-25T13:11:16+07:00,567,26.30000,26.90000,45.10000,41.40000,41,,,,
2025-11-25T13:13:23+07:00,568,26.30000,26.90000,44.90000,41.10000,41,,,,
2025-11-25T13:15:29+07:00,569,26.30000,26.90000,44.80000,41.00000,41,,,,
2025-11-25T13:17:43+07:00,570,26.20000,26.80000,44.30000,40.50000,41,,,,
2025-11-25T13:19:52+07:00,571,26.20000,26.80000,44.10000,40.30000,41,,,,
2025-11-25T13:21:58+07:00,572,26.20000,26.70000,43.90000,40.30000,41,,,,
2025-11-25T13:24:07+07:00,573,26.10000,26.70000,43.90000,40.10000,41,,,,
2025-11-25T13:26:13+07:00,574,26.10000,26.70000,43.70000,39.90000,41,,,,
2025-11-25T13:28:20+07:00,575,26.10000,26.70000,43.20000,39.40000,41,,,,
2025-11-25T13:30:26+07:00,576,26.10000,26.60000,42.90000,39.00000,41,,,,
2025-11-25T13:32:33+07:00,577,26.10000,26.70000,42.70000,38.80000,41,,,,
2025-11-25T13:34:39+07:00,578,26.00000,26.60000,42.40000,38.50000,41,,,,
2025-11-25T13:36:46+07:00,579,26.10000,26.60000,42.20000,38.30000,41,,,,
2025-11-25T13:38:52+07:00,580,26.00000,26.60000,41.90000,38.00000,41,,,,
2025-11-25T13:41:01+07:00,581,26.00000,26.60000,41.70000,37.70000,41,,,,
2025-11-25T13:45:18+07:00,582,26.00000,26.50000,41.20000,37.30000,41,,,,
2025-11-25T13:47:25+07:00,583,26.00000,26.50000,41.00000,37.10000,41,,,,
2025-11-25T13:49:31+07:00,584,26.00000,26.50000,40.70000,36.90000,41,,,,
2025-11-25T13:51:38+07:00,585,25.90000,26.40000,41.20000,37.30000,41,,,,
2025-11-25T13:58:03+07:00,586,26.90000,27.20000,43.60000,40.40000,41,,,,
2025-11-25T14:00:10+07:00,587,27.20000,27.30000,45.10000,41.70000,41,,,,
2025-11-25T14:02:16+07:00,588,27.40000,27.50000,44.30000,41.30000,41,,,,
2025-11-25T14:04:25+07:00,589,27.50000,27.60000,43.70000,40.80000,41,,,,
2025-11-25T14:06:32+07:00,590,27.70000,27.70000,43.90000,41.20000,41,,,,
2025-11-25T14:08:41+07:00,591,27.90000,27.80000,43.60000,41.00000,41,,,,
2025-11-25T14:10:48+07:00,592,28.00000,27.90000,44.20000,41.70000,41,,,,
2025-11-25T14:13:02+07:00,593,28.00000,28.00000,47.90000,45.20000,41,,,,
2025-11-25T14:15:09+07:00,594,28.10000,28.10000,47.60000,44.90000,41,,,,
2025-11-25T14:17:15+07:00,595,28.20000,28.10000,51.60000,49.00000,41,,,,
2025-11-25T14:21:30+07:00,596,28.30000,28.20000,49.80000,47.50000,41,,,,
2025-11-25T14:23:37+07:00,597,28.40000,28.30000,49.90000,47.70000,41,,,,
2025-11-25T14:25:43+07:00,598,28.40000,28.40000,49.70000,47.50000,41,,,,
2025-11-25T14:27:50+07:00,599,28.50000,28.40000,51.30000,49.10000,41,,,,
2025-11-25T14:29:57+07:00,600,28.60000,28.50000,52.60000,50.50000,41,,,,
2025-11-25T14:32:03+07:00,601,28.60000,28.50000,53.30000,51.20000,41,,,,
2025-11-25T14:34:12+07:00,602,28.70000,28.60000,53.90000,51.80000,41,,,,
2025-11-25T14:36:19+07:00,603,28.70000,28.60000,53.40000,51.60000,41,,,,
2025-11-25T14:38:26+07:00,604,28.80000,28.70000,52.00000,50.30000,41,,,,
2025-11-25T14:40:32+07:00,605,28.90000,28.80000,52.10000,50.30000,41,,,,
2025-11-25T14:42:39+07:00,606,29.00000,28.80000,52.30000,50.50000,41,,,,
2025-11-25T14:44:46+07:00,607,29.00000,28.90000,54.70000,52.60000,41,,,,
2025-11-25T14:46:55+07:00,608,29.10000,29.00000,55.50000,53.80000,41,,,,
2025-11-25T14:49:02+07:00,609,29.10000,29.00000,55.00000,53.30000,41,,,,
2025-11-25T14:51:09+07:00,610,29.20000,29.00000,56.80000,55.00000,41,,,,
2025-11-25T14:53:15+07:00,611,29.20000,29.10000,54.90000,53.50000,41,,,,
2025-11-25T14:55:22+07:00,612,29.30000,29.20000,57.40000,55.70000,41,,,,
2025-11-25T14:57:28+07:00,613,29.30000,29.20000,56.60000,55.20000,41,,,,
2025-11-25T14:59:35+07:00,614,29.40000,29.30000,56.00000,54.40000,41,,,,
2025-11-25T15:01:41+07:00,615,29.40000,29.30000,57.30000,55.70000,41,,,,
2025-11-25T15:03:48+07:00,616,29.50000,29.30000,57.00000,55.50000,41,,,,
2025-11-25T15:05:55+07:00,617,29.50000,29.40000,57.10000,55.50000,41,,,,
2025-11-25T15:08:02+07:00,618,29.50000,29.40000,57.00000,55.50000,41,,,,
2025-11-25T15:10:11+07:00,619,29.60000,29.50000,56.10000,54.80000,41,,,,
2025-11-25T15:12:18+07:00,620,29.70000,29.50000,55.80000,54.20000,41,,,,
2025-11-25T15:14:25+07:00,621,29.70000,29.60000,56.80000,55.40000,41,,,,
2025-11-25T15:16:31+07:00,622,29.70000,29.60000,57.50000,56.00000,41,,,,
2025-11-25T15:18:38+07:00,623,29.80000,29.70000,57.30000,55.90000,41,,,,
2025-11-25T15:20:45+07:00,624,29.80000,29.70000,58.00000,56.70000,41,,,,
2025-11-25T15:22:54+07:00,625,29.80000,29.70000,58.50000,57.10000,41,,,,
2025-11-25T15:25:01+07:00,626,29.80000,29.70000,58.00000,56.50000,41,,,,
2025-11-25T15:27:07+07:00,627,29.80000,29.70000,57.40000,56.00000,41,,,,
2025-11-25T15:29:16+07:00,628,29.90000,29.80000,57.10000,55.70000,41,,,,
2025-11-25T15:31:23+07:00,629,29.90000,29.80000,57.60000,56.20000,41,,,,
2025-11-25T15:33:30+07:00,630,29.90000,29.80000,57.70000,56.20000,41,,,,
2025-11-25T15:35:38+07:00,631,29.90000,29.80000,58.30000,57.00000,41,,,,
2025-11-25T15:37:45+07:00,632,29.90000,29.80000,58.50000,57.00000,41,,,,
2025-11-25T15:39:55+07:00,633,29.90000,29.80000,58.70000,57.30000,41,,,,
2025-11-25T15:42:02+07:00,634,29.90000,29.90000,58.90000,57.50000,41,,,,
2025-11-25T15:44:09+07:00,635,29.90000,29.80000,58.40000,57.10000,41,,,,
2025-11-25T15:46:16+07:00,636,29.90000,29.80000,59.20000,57.90000,41,,,,
2025-11-25T15:48:22+07:00,637,29.90000,29.90000,60.00000,58.50000,41,,,,
2025-11-25T15:50:32+07:00,638,29.90000,29.90000,60.00000,58.60000,41,,,,
2025-11-25T15:52:47+07:00,639,29.90000,29.90000,59.60000,58.20000,41,,,,
2025-11-25T15:57:19+07:00,640,29.80000,29.80000,61.00000,59.40000,41,,,,
2025-11-25T15:59:26+07:00,641,29.90000,29.80000,61.10000,59.60000,41,,,,
2025-11-25T16:01:33+07:00,642,29.80000,29.80000,61.30000,59.70000,41,,,,
2025-11-25T16:03:40+07:00,643,29.80000,29.80000,61.30000,59.80000,41,,,,
2025-11-25T16:05:46+07:00,644,29.80000,29.80000,61.40000,59.90000,41,,,,
2025-11-25T16:07:57+07:00,645,29.80000,29.80000,61.30000,59.90000,41,,,,
2025-11-25T16:10:03+07:00,646,29.80000,29.80000,61.80000,60.30000,41,,,,
2025-11-25T16:12:10+07:00,647,29.80000,29.80000,62.20000,60.70000,41,,,,
2025-11-25T16:14:17+07:00,648,29.80000,29.80000,62.10000,60.70000,41,,,,
2025-11-25T16:16:24+07:00,649,29.80000,29.80000,62.40000,60.90000,41,,,,
2025-11-25T16:18:30+07:00,650,29.80000,29.80000,62.40000,60.80000,41,,,,
2025-11-25T16:20:37+07:00,651,29.80000,29.80000,61.80000,60.30000,41,,,,
2025-11-25T16:22:43+07:00,652,29.80000,29.80000,61.80000,60.30000,41,,,,
2025-11-25T16:27:01+07:00,653,29.80000,29.80000,61.80000,60.40000,41,,,,
2025-11-25T16:29:08+07:00,654,29.80000,29.80000,61.90000,60.50000,41,,,,
2025-11-25T16:33:24+07:00,655,29.80000,29.80000,62.30000,60.90000,41,,,,
2025-11-25T16:35:32+07:00,656,29.80000,29.80000,62.50000,61.10000,41,,,,
2025-11-25T16:39:47+07:00,657,29.80000,29.70000,63.00000,61.50000,41,,,,
2025-11-25T16:41:56+07:00,658,29.70000,29.70000,63.10000,61.70000,41,,,,
2025-11-25T16:44:03+07:00,659,29.70000,29.70000,64.10000,62.50000,41,,,,
2025-11-25T16:46:10+07:00,660,29.70000,29.70000,64.10000,62.80000,41,,,,
2025-11-25T16:48:17+07:00,661,29.70000,29.70000,64.00000,62.60000,41,,,,
2025-11-25T16:50:26+07:00,662,29.70000,29.70000,64.00000,62.70000,41,,,,
2025-11-25T16:52:33+07:00,663,29.70000,29.70000,63.90000,62.60000,41,,,,
2025-11-25T16:56:50+07:00,664,29.70000,29.70000,63.60000,62.30000,41,,,,
2025-11-25T16:58:59+07:00,665,29.70000,29.70000,63.60000,62.30000,41,,,,
2025-11-25T17:01:06+07:00,666,29.70000,29.70000,63.80000,62.50000,41,,,,
2025-11-25T17:03:12+07:00,667,29.70000,29.70000,63.70000,62.50000,41,,,,
2025-11-25T17:05:19+07:00,668,29.70000,29.70000,63.80000,62.50000,41,,,,
2025-11-25T17:07:25+07:00,669,29.70000,29.70000,63.90000,62.60000,41,,,,
2025-11-25T17:09:33+07:00,670,29.70000,29.60000,63.90000,62.70000,41,,,,
2025-11-25T17:11:41+07:00,671,29.60000,29.60000,64.20000,63.00000,41,,,,
2025-11-25T17:13:47+07:00,672,29.60000,29.60000,64.30000,63.10000,41,,,,
2025-11-25T17:15:54+07:00,673,29.60000,29.60000,64.60000,63.40000,41,,,,
2025-11-25T17:18:00+07:00,674,29.60000,29.60000,64.60000,63.40000,41,,,,
2025-11-25T17:20:07+07:00,675,29.60000,29.60000,64.60000,63.40000,41,,,,
2025-11-25T17:22:20+07:00,676,29.60000,29.60000,64.70000,63.50000,41,,,,
2025-11-25T17:24:27+07:00,677,29.60000,29.60000,64.80000,63.60000,41,,,,
2025-11-25T17:26:34+07:00,678,29.60000,29.60000,65.00000,63.70000,41,,,,
2025-11-25T17:28:40+07:00,679,29.60000,29.60000,65.20000,64.00000,41,,,,
2025-11-25T17:30:47+07:00,680,29.60000,29.60000,65.30000,64.10001,41,,,,
2025-11-25T17:32:54+07:00,681,29.60000,29.50000,65.50000,64.30000,41,,,,
2025-11-25T17:35:01+07:00,682,29.50000,29.50000,65.60000,64.50000,41,,,,
2025-11-25T17:37:08+07:00,683,29.50000,29.50000,65.60000,64.40000,41,,,,
2025-11-25T17:39:14+07:00,684,29.60000,29.50000,65.70000,64.50000,41,,,,
2025-11-25T17:41:25+07:00,685,29.50000,29.50000,65.70000,64.60001,41,,,,
2025-11-25T17:43:32+07:00,686,29.50000,29.50000,65.80000,64.70000,41,,,,
2025-11-25T17:45:38+07:00,687,29.50000,29.50000,65.90000,64.70000,41,,,,
2025-11-25T17:47:45+07:00,688,29.50000,29.50000,66.00000,64.80000,41,,,,
2025-11-25T17:52:01+07:00,689,29.50000,29.50000,66.30000,65.20000,41,,,,
2025-11-25T17:54:08+07:00,690,29.50000,29.50000,66.30000,65.20000,41,,,,
2025-11-25T17:56:15+07:00,691,29.50000,29.50000,66.40000,65.30000,41,,,,
2025-11-25T17:58:22+07:00,692,29.50000,29.50000,66.40000,65.30000,41,,,,
2025-11-25T18:00:30+07:00,693,29.50000,29.50000,66.50000,65.40000,41,,,,
2025-11-25T18:02:38+07:00,694,29.50000,29.50000,66.50000,65.50000,41,,,,
2025-11-25T18:04:45+07:00,695,29.50000,29.50000,66.70000,65.60001,41,,,,
2025-11-25T18:06:56+07:00,696,29.50000,29.50000,66.70000,65.70000,41,,,,
2025-11-25T18:09:04+07:00,697,29.50000,29.40000,66.80000,65.80000,41,,,,
2025-11-25T18:11:11+07:00,698,29.50000,29.40000,66.90000,65.80000,41,,,,
2025-11-25T18:15:28+07:00,699,29.40000,29.50000,68.70000,67.50000,41,,,,
2025-11-25T18:17:34+07:00,700,29.40000,29.40000,68.90000,67.80000,41,,,,
2025-11-25T18:19:41+07:00,701,29.40000,29.40000,68.80000,67.70000,41,,,,
2025-11-25T18:21:51+07:00,702,29.40000,29.40000,68.20000,67.30000,41,,,,
2025-11-25T18:24:00+07:00,703,29.40000,29.40000,68.10000,67.10001,41,,,,
2025-11-25T18:26:07+07:00,704,29.40000,29.40000,68.00000,67.00000,41,,,,
2025-11-25T18:28:14+07:00,705,29.40000,29.40000,68.20000,67.20000,41,,,,
2025-11-25T18:30:20+07:00,706,29.40000,29.40000,68.30000,67.40000,41,,,,
2025-11-25T18:32:27+07:00,707,29.40000,29.40000,68.40000,67.50000,41,,,,
2025-11-25T18:34:35+07:00,708,29.40000,29.40000,68.80000,67.80000,41,,,,
2025-11-25T18:36:42+07:00,709,29.40000,29.30000,68.90000,67.90000,41,,,,
2025-11-25T18:38:49+07:00,710,29.30000,29.30000,68.70000,67.80000,41,,,,
2025-11-25T18:40:58+07:00,711,29.30000,29.30000,69.30000,68.30000,41,,,,
2025-11-25T18:47:22+07:00,712,29.30000,29.30000,69.30000,68.30000,41,,,,
2025-11-25T18:49:32+07:00,713,29.30000,29.30000,69.30000,68.40000,41,,,,
2025-11-25T18:51:39+07:00,714,29.30000,29.30000,69.30000,68.50000,41,,,,
2025-11-25T18:53:46+07:00,715,29.30000,29.30000,70.00000,68.80000,41,,,,
2025-11-25T18:55:52+07:00,716,29.30000,29.30000,69.90000,68.90000,41,,,,
2025-11-25T18:57:59+07:00,717,29.30000,29.30000,70.40000,69.30000,41,,,,
2025-11-25T19:02:15+07:00,718,29.30000,29.30000,70.30000,69.40000,41,,,,
2025-11-25T19:04:21+07:00,719,29.30000,29.30000,70.00000,69.20000,41,,,,
2025-11-25T19:06:28+07:00,720,29.30000,29.30000,70.70000,69.80000,41,,,,
2025-11-25T19:08:35+07:00,721,29.20000,29.20000,70.20000,69.30000,41,,,,
2025-11-25T19:12:50+07:00,722,29.20000,29.20000,70.20000,69.40000,41,,,,
2025-11-25T19:14:57+07:00,723,29.20000,29.20000,70.30000,69.50000,41,,,,
2025-11-25T19:17:03+07:00,724,29.20000,29.20000,70.70000,69.80000,41,,,,
2025-11-25T19:19:10+07:00,725,29.20000,29.20000,70.90000,70.10001,41,,,,
2025-11-25T19:21:16+07:00,726,29.20000,29.20000,70.40000,69.60001,41,,,,
2025-11-25T19:23:23+07:00,727,29.20000,29.20000,70.20000,69.40000,41,,,,
2025-11-25T19:25:30+07:00,728,29.20000,29.20000,70.20000,69.50000,41,,,,
2025-11-25T19:27:39+07:00,729,29.20000,29.20000,70.30000,69.50000,41,,,,
2025-11-25T19:29:45+07:00,730,29.20000,29.20000,70.30000,69.50000,41,,,,
2025-11-25T19:31:52+07:00,731,29.20000,29.20000,70.30000,69.50000,41,,,,
2025-11-25T19:33:58+07:00,732,29.20000,29.20000,70.30000,69.60001,41,,,,
2025-11-25T19:36:05+07:00,733,29.20000,29.20000,70.30000,69.60001,41,,,,
2025-11-25T19:38:12+07:00,734,29.20000,29.20000,70.30000,69.60001,41,,,,
2025-11-25T19:42:37+07:00,735,29.20000,29.20000,70.60000,69.90000,41,,,,
2025-11-25T19:44:47+07:00,736,29.20000,29.20000,70.40000,69.70000,41,,,,
2025-11-25T19:46:55+07:00,737,29.20000,29.10000,70.50000,69.70000,41,,,,
2025-11-25T19:49:06+07:00,738,29.20000,29.10000,70.50000,69.80000,41,,,,
2025-11-25T19:51:14+07:00,739,29.20000,29.10000,70.50000,69.80000,41,,,,
2025-11-25T19:55:30+07:00,740,29.20000,29.10000,70.60000,69.80000,41,,,,
2025-11-25T19:57:38+07:00,741,29.20000,29.10000,71.90000,71.10001,41,,,,
2025-11-25T19:59:45+07:00,742,29.20000,29.10000,71.80000,71.10001,41,,,,
2025-11-25T20:01:54+07:00,743,29.10000,29.10000,72.10000,71.30000,41,,,,
2025-11-25T20:04:01+07:00,744,29.10000,29.10000,71.50000,70.80000,41,,,,
2025-11-25T20:06:08+07:00,745,29.10000,29.10000,71.20000,70.50000,41,,,,
2025-11-25T20:08:16+07:00,746,29.10000,29.10000,71.40000,70.70000,41,,,,
2025-11-25T20:10:23+07:00,747,29.10000,29.10000,71.30000,70.60001,41,,,,
2025-11-25T20:12:33+07:00,748,29.10000,29.10000,71.30000,70.60001,41,,,,
2025-11-25T20:14:44+07:00,749,29.10000,29.10000,71.40000,70.70000,41,,,,
2025-11-25T20:17:01+07:00,750,29.10000,29.10000,71.40000,70.70000,41,,,,
2025-11-25T20:19:08+07:00,751,29.10000,29.10000,71.30000,70.70000,41,,,,
2025-11-25T20:21:15+07:00,752,29.10000,29.10000,71.30000,70.60001,41,,,,
2025-11-25T20:23:21+07:00,753,29.10000,29.10000,71.20000,70.50000,41,,,,
2025-11-25T20:25:28+07:00,754,29.10000,29.10000,71.20000,70.50000,41,,,,
2025-11-25T20:29:47+07:00,755,29.10000,29.00000,71.30000,70.60001,41,,,,
2025-11-25T20:31:54+07:00,756,29.10000,29.00000,71.20000,70.60001,41,,,,
2025-11-25T20:34:01+07:00,757,29.10000,29.00000,71.30000,70.60001,41,,,,
2025-11-25T20:36:07+07:00,758,29.10000,29.00000,71.30000,70.60001,41,,,,
2025-11-25T20:38:17+07:00,759,29.10000,29.00000,71.30000,70.60001,41,,,,
2025-11-25T20:40:23+07:00,760,29.10000,29.00000,71.30000,70.60001,41,,,,
2025-11-25T20:42:31+07:00,761,29.10000,29.00000,71.30000,70.70000,41,,,,
2025-11-25T20:46:51+07:00,762,29.10000,29.00000,71.40000,70.70000,41,,,,
2025-11-25T20:48:58+07:00,763,29.10000,29.00000,71.40000,70.70000,41,,,,
2025-11-25T20:51:07+07:00,764,29.10000,29.00000,71.40000,70.70000,41,,,,
2025-11-25T20:53:14+07:00,765,29.10000,29.00000,71.60000,70.90000,41,,,,
2025-11-25T20:55:22+07:00,766,29.10000,29.00000,72.40000,71.60001,41,,,,
2025-11-25T20:57:31+07:00,767,29.10000,29.00000,72.20000,71.50000,41,,,,
2025-11-25T20:59:39+07:00,768,29.00000,29.00000,72.30000,71.80000,41,,,,
2025-11-25T21:01:46+07:00,769,29.00000,29.00000,72.10000,71.50000,41,,,,
2025-11-25T21:03:53+07:00,770,29.00000,29.00000,71.90000,71.30000,41,,,,
2025-11-25T21:06:02+07:00,771,29.00000,29.00000,71.90000,71.30000,41,,,,
2025-11-25T21:08:10+07:00,772,29.00000,29.00000,71.90000,71.30000,41,,,,
2025-11-25T21:12:26+07:00,773,29.00000,29.00000,72.10000,71.50000,41,,,,
2025-11-25T21:14:33+07:00,774,29.00000,29.00000,72.20000,71.50000,41,,,,
2025-11-25T21:16:40+07:00,775,29.00000,29.00000,72.20000,71.60001,41,,,,
2025-11-25T21:18:54+07:00,776,29.00000,29.00000,72.20000,71.60001,41,,,,
2025-11-25T21:21:01+07:00,777,29.00000,29.00000,72.20000,71.60001,41,,,,
2025-11-25T21:23:07+07:00,778,29.00000,29.00000,72.20000,71.60001,41,,,,
2025-11-25T21:25:14+07:00,779,29.00000,29.00000,72.20000,71.60001,41,,,,
2025-11-25T21:27:20+07:00,780,29.00000,29.00000,72.20000,71.60001,41,,,,
2025-11-25T21:29:27+07:00,781,29.00000,29.00000,72.30000,71.60001,41,,,,
2025-11-25T21:31:36+07:00,782,29.00000,29.00000,72.30000,71.70000,41,,,,
2025-11-25T21:33:42+07:00,783,29.00000,29.00000,72.30000,71.70000,41,,,,
2025-11-25T21:35:49+07:00,784,29.00000,28.90000,72.40000,71.70000,41,,,,
2025-11-25T21:37:56+07:00,785,29.00000,28.90000,72.30000,71.70000,41,,,,
2025-11-25T21:40:03+07:00,786,29.00000,28.90000,72.40000,71.70000,41,,,,
2025-11-25T21:42:10+07:00,787,29.00000,28.90000,72.30000,71.80000,41,,,,
2025-11-25T21:44:16+07:00,788,29.00000,28.90000,72.40000,71.80000,41,,,,
2025-11-25T21:46:23+07:00,789,29.00000,28.90000,72.40000,71.80000,41,,,,
2025-11-25T21:48:30+07:00,790,29.00000,28.90000,72.40000,71.80000,41,,,,
2025-11-25T21:50:37+07:00,791,29.00000,28.90000,72.50000,71.90000,41,,,,
2025-11-25T21:52:44+07:00,792,29.00000,28.90000,72.50000,71.90000,41,,,,
2025-11-25T21:54:51+07:00,793,29.00000,28.90000,72.50000,71.90000,41,,,,
2025-11-25T21:56:57+07:00,794,28.90000,28.90000,72.50000,71.90000,41,,,,
2025-11-25T22:01:14+07:00,795,28.90000,28.90000,72.50000,71.90000,41,,,,
2025-11-25T22:03:21+07:00,796,28.90000,28.90000,72.50000,71.90000,41,,,,
2025-11-25T22:05:28+07:00,797,28.90000,28.90000,72.50000,72.00000,41,,,,
2025-11-25T22:07:35+07:00,798,28.90000,28.90000,72.60000,72.00000,41,,,,
2025-11-25T22:09:42+07:00,799,28.90000,28.90000,72.60000,72.00000,41,,,,
2025-11-25T22:11:48+07:00,800,28.90000,28.90000,72.60000,72.00000,41,,,,
2025-11-25T22:13:55+07:00,801,28.90000,28.90000,72.60000,72.00000,41,,,,
2025-11-25T22:16:02+07:00,802,28.90000,28.80000,72.60000,72.10001,41,,,,
2025-11-25T22:18:09+07:00,803,28.90000,28.90000,72.60000,72.10001,41,,,,
2025-11-25T22:20:19+07:00,804,28.90000,28.80000,72.60000,72.10001,41,,,,
2025-11-25T22:22:26+07:00,805,28.90000,28.90000,72.60000,72.10001,41,,,,
2025-11-25T22:24:33+07:00,806,28.90000,28.90000,72.60000,72.10001,41,,,,
2025-11-25T22:26:39+07:00,807,28.90000,28.80000,72.60000,72.10001,41,,,,
2025-11-25T22:28:46+07:00,808,28.90000,28.80000,72.60000,72.10001,41,,,,
2025-11-25T22:30:53+07:00,809,28.90000,28.80000,72.60000,72.10001,41,,,,
2025-11-25T22:32:59+07:00,810,28.90000,28.80000,72.70000,72.10001,41,,,,
2025-11-25T22:35:06+07:00,811,28.90000,28.80000,72.60000,72.10001,41,,,,
2025-11-25T22:37:16+07:00,812,28.90000,28.80000,72.60000,72.10001,41,,,,
2025-11-25T22:39:23+07:00,813,28.90000,28.80000,72.60000,72.10001,41,,,,
2025-11-25T22:41:30+07:00,814,28.90000,28.80000,72.70000,72.10001,41,,,,
2025-11-25T22:43:37+07:00,815,28.90000,28.80000,72.70000,72.10001,41,,,,
2025-11-25T22:45:44+07:00,816,28.90000,28.80000,72.70000,72.20000,41,,,,
2025-11-25T22:47:50+07:00,817,28.90000,28.80000,72.70000,72.10001,40,,,,
2025-11-25T22:49:57+07:00,818,28.90000,28.80000,72.70000,72.20000,41,,,,
2025-11-25T22:52:04+07:00,819,28.90000,28.80000,72.70000,72.20000,41,,,,
2025-11-25T22:54:11+07:00,820,28.80000,28.80000,72.70000,72.20000,41,,,,
2025-11-25T22:56:17+07:00,821,28.80000,28.80000,72.80000,72.20000,41,,,,
2025-11-25T22:58:24+07:00,822,28.80000,28.80000,72.80000,72.20000,41,,,,
2025-11-25T23:00:31+07:00,823,28.80000,28.80000,72.80000,72.20000,41,,,,
2025-11-25T23:02:37+07:00,824,28.80000,28.80000,72.80000,72.30000,41,,,,
2025-11-25T23:06:56+07:00,825,28.80000,28.80000,72.80000,72.30000,41,,,,
2025-11-25T23:09:03+07:00,826,28.80000,28.80000,72.80000,72.20000,41,,,,
2025-11-25T23:11:10+07:00,827,28.80000,28.70000,72.80000,72.20000,41,,,,
2025-11-25T23:13:17+07:00,828,28.80000,28.70000,72.80000,72.20000,41,,,,
2025-11-25T23:15:23+07:00,829,28.80000,28.70000,72.80000,72.30000,41,,,,
2025-11-25T23:17:30+07:00,830,28.80000,28.70000,72.90000,72.30000,41,,,,
2025-11-25T23:19:37+07:00,831,28.80000,28.80000,72.90000,72.40000,41,,,,
2025-11-25T23:21:43+07:00,832,28.80000,28.70000,72.90000,72.40000,41,,,,
2025-11-25T23:23:50+07:00,833,28.80000,28.70000,73.00000,72.40000,41,,,,
2025-11-25T23:25:57+07:00,834,28.80000,28.70000,72.90000,72.40000,41,,,,
2025-11-25T23:28:03+07:00,835,28.80000,28.70000,73.00000,72.40000,41,,,,
2025-11-25T23:30:10+07:00,836,28.80000,28.70000,72.90000,72.40000,41,,,,
2025-11-25T23:32:18+07:00,837,28.80000,28.70000,73.00000,72.40000,41,,,,
2025-11-25T23:34:24+07:00,838,28.80000,28.70000,73.00000,72.40000,41,,,,
2025-11-25T23:36:31+07:00,839,28.80000,28.70000,73.00000,72.50000,41,,,,
2025-11-25T23:38:38+07:00,840,28.80000,28.70000,73.00000,72.50000,41,,,,
2025-11-25T23:40:44+07:00,841,28.80000,28.70000,73.20000,72.60001,41,,,,
2025-11-25T23:42:51+07:00,842,28.80000,28.70000,73.30000,72.70000,41,,,,
2025-11-25T23:44:58+07:00,843,28.80000,28.70000,73.20000,72.70000,41,,,,
2025-11-25T23:47:04+07:00,844,28.70000,28.70000,73.30000,72.70000,41,,,,
2025-11-25T23:49:11+07:00,845,28.70000,28.70000,73.20000,72.70000,41,,,,
2025-11-25T23:51:17+07:00,846,28.80000,28.70000,73.20000,72.70000,41,,,,
2025-11-25T23:53:24+07:00,847,28.70000,28.70000,73.30000,72.70000,41,,,,
2025-11-25T23:55:33+07:00,848,28.70000,28.70000,73.20000,72.70000,41,,,,
2025-11-25T23:57:40+07:00,849,28.70000,28.70000,73.20000,72.70000,40,,,,
2025-11-26T00:01:55+07:00,850,28.70000,28.70000,73.30000,72.70000,41,,,,
2025-11-26T00:04:02+07:00,851,28.70000,28.70000,73.40000,72.90000,41,,,,
2025-11-26T00:06:09+07:00,852,28.70000,28.70000,73.40000,72.90000,41,,,,
2025-11-26T00:08:15+07:00,853,28.70000,28.60000,73.30000,72.80000,41,,,,
2025-11-26T00:10:22+07:00,854,28.70000,28.60000,73.40000,72.90000,41,,,,
2025-11-26T00:12:29+07:00,855,28.70000,28.60000,73.40000,72.90000,41,,,,
2025-11-26T00:14:36+07:00,856,28.70000,28.60000,73.50000,72.90000,41,,,,
2025-11-26T00:16:43+07:00,857,28.70000,28.60000,73.50000,73.00000,41,,,,
2025-11-26T00:18:52+07:00,858,28.70000,28.60000,73.50000,73.00000,41,,,,
2025-11-26T00:20:59+07:00,859,28.70000,28.60000,73.60000,73.00000,41,,,,
2025-11-26T00:23:08+07:00,860,28.70000,28.60000,73.60000,73.00000,41,,,,
2025-11-26T00:25:14+07:00,861,28.70000,28.60000,73.60000,73.10001,41,,,,
2025-11-26T00:27:21+07:00,862,28.70000,28.60000,73.60000,73.10001,41,,,,
2025-11-26T00:31:37+07:00,863,28.70000,28.60000,73.60000,73.10001,41,,,,
2025-11-26T00:33:44+07:00,864,28.70000,28.60000,73.70000,73.10001,40,,,,
2025-11-26T00:35:51+07:00,865,28.70000,28.60000,73.60000,73.20000,41,,,,
2025-11-26T00:37:57+07:00,866,28.70000,28.60000,73.70000,73.20000,40,,,,
2025-11-26T00:40:04+07:00,867,28.70000,28.60000,73.70000,73.20000,41,,,,
2025-11-26T00:42:11+07:00,868,28.60000,28.60000,73.70000,73.20000,40,,,,
2025-11-26T00:44:17+07:00,869,28.60000,28.60000,73.70000,73.20000,41,,,,
2025-11-26T00:46:24+07:00,870,28.60000,28.60000,73.70000,73.20000,41,,,,
2025-11-26T00:48:31+07:00,871,28.60000,28.60000,73.70000,73.20000,41,,,,
2025-11-26T00:50:37+07:00,872,28.60000,28.60000,73.60000,73.20000,40,,,,
2025-11-26T00:52:43+07:00,873,28.60000,28.60000,73.70000,73.20000,41,,,,
2025-11-26T00:54:50+07:00,874,28.60000,28.60000,73.60000,73.20000,41,,,,
2025-11-26T00:56:57+07:00,875,28.60000,28.50000,73.60000,73.10001,41,,,,
2025-11-26T01:01:12+07:00,876,28.60000,28.60000,73.70000,73.20000,41,,,,
2025-11-26T01:03:19+07:00,877,28.60000,28.50000,73.70000,73.20000,41,,,,
2025-11-26T01:05:25+07:00,878,28.60000,28.50000,73.60000,73.10001,41,,,,
2025-11-26T01:07:32+07:00,879,28.60000,28.50000,73.70000,73.20000,40,,,,
2025-11-26T01:09:39+07:00,880,28.60000,28.50000,73.60000,73.10001,41,,,,
2025-11-26T01:11:45+07:00,881,28.60000,28.50000,73.60000,73.10001,41,,,,
2025-11-26T01:13:52+07:00,882,28.60000,28.50000,73.70000,73.20000,41,,,,
2025-11-26T01:15:59+07:00,883,28.60000,28.50000,73.70000,73.30000,41,,,,
2025-11-26T01:18:06+07:00,884,28.60000,28.50000,73.70000,73.20000,41,,,,
2025-11-26T01:20:13+07:00,885,28.60000,28.50000,73.70000,73.20000,40,,,,
2025-11-26T01:22:19+07:00,886,28.60000,28.50000,73.80000,73.30000,41,,,,
2025-11-26T01:24:26+07:00,887,28.60000,28.50000,73.80000,73.30000,41,,,,
2025-11-26T01:26:32+07:00,888,28.60000,28.50000,73.90000,73.30000,40,,,,
2025-11-26T01:28:39+07:00,889,28.60000,28.50000,73.90000,73.40000,40,,,,
2025-11-26T01:30:48+07:00,890,28.50000,28.50000,74.00000,73.40000,41,,,,
2025-11-26T01:32:55+07:00,891,28.50000,28.50000,73.90000,73.40000,41,,,,
2025-11-26T01:35:02+07:00,892,28.50000,28.50000,73.90000,73.50000,40,,,,
2025-11-26T01:39:17+07:00,893,28.50000,28.50000,73.90000,73.50000,41,,,,
2025-11-26T01:41:24+07:00,894,28.50000,28.50000,73.90000,73.50000,41,,,,
2025-11-26T01:43:31+07:00,895,28.50000,28.50000,74.00000,73.50000,41,,,,
2025-11-26T01:45:40+07:00,896,28.50000,28.40000,74.10000,73.60001,41,,,,
2025-11-26T01:47:47+07:00,897,28.50000,28.40000,74.00000,73.60001,40,,,,
2025-11-26T01:49:54+07:00,898,28.50000,28.40000,74.10000,73.60001,40,,,,
2025-11-26T01:52:00+07:00,899,28.50000,28.40000,74.10000,73.70000,41,,,,
2025-11-26T01:54:07+07:00,900,28.50000,28.40000,74.10000,73.60001,41,,,,
2025-11-26T01:56:14+07:00,901,28.50000,28.40000,74.10000,73.60001,41,,,,
2025-11-26T01:58:21+07:00,902,28.50000,28.40000,74.20000,73.70000,41,,,,
2025-11-26T02:00:27+07:00,903,28.50000,28.40000,74.10000,73.70000,41,,,,
2025-11-26T02:02:34+07:00,904,28.50000,28.40000,74.10000,73.70000,41,,,,
2025-11-26T02:04:41+07:00,905,28.50000,28.40000,74.20000,73.70000,40,,,,
2025-11-26T02:06:51+07:00,906,28.50000,28.40000,74.20000,73.70000,40,,,,
2025-11-26T02:08:57+07:00,907,28.40000,28.40000,74.20000,73.70000,41,,,,
2025-11-26T02:11:04+07:00,908,28.50000,28.40000,74.20000,73.70000,41,,,,
2025-11-26T02:13:11+07:00,909,28.40000,28.40000,74.10000,73.70000,40,,,,
2025-11-26T02:15:17+07:00,910,28.40000,28.40000,74.20000,73.70000,41,,,,
2025-11-26T02:17:28+07:00,911,28.40000,28.40000,74.20000,73.80000,41,,,,
2025-11-26T02:19:35+07:00,912,28.40000,28.40000,74.20000,73.70000,40,,,,
2025-11-26T02:21:42+07:00,913,28.40000,28.40000,74.10000,73.70000,41,,,,
2025-11-26T02:23:49+07:00,914,28.40000,28.40000,74.20000,73.70000,41,,,,
2025-11-26T02:25:55+07:00,915,28.40000,28.40000,74.10000,73.70000,40,,,,
2025-11-26T02:28:02+07:00,916,28.40000,28.40000,74.10000,73.70000,40,,,,
2025-11-26T02:30:08+07:00,917,28.40000,28.40000,74.10000,73.70000,40,,,,
2025-11-26T02:32:15+07:00,918,28.40000,28.40000,74.10000,73.60001,41,,,,
2025-11-26T02:34:22+07:00,919,28.40000,28.40000,74.10000,73.60001,41,,,,
2025-11-26T02:36:28+07:00,920,28.40000,28.40000,74.10000,73.60001,40,,,,
2025-11-26T02:38:35+07:00,921,28.40000,28.30000,74.30000,73.80000,41,,,,
2025-11-26T02:40:41+07:00,922,28.40000,28.30000,74.30000,73.80000,41,,,,
2025-11-26T02:42:48+07:00,923,28.40000,28.30000,74.30000,73.80000,41,,,,
2025-11-26T02:44:55+07:00,924,28.40000,28.30000,74.30000,73.90000,41,,,,
2025-11-26T02:47:01+07:00,925,28.40000,28.30000,74.40000,73.90000,41,,,,
2025-11-26T02:49:08+07:00,926,28.40000,28.30000,74.40000,73.90000,41,,,,
2025-11-26T02:53:29+07:00,927,28.40000,28.30000,74.40000,73.90000,41,,,,
2025-11-26T02:55:36+07:00,928,28.40000,28.30000,74.30000,73.90000,40,,,,
2025-11-26T02:57:43+07:00,929,28.40000,28.30000,74.30000,73.90000,41,,,,
2025-11-26T02:59:50+07:00,930,28.40000,28.30000,74.40000,73.90000,40,,,,
2025-11-26T03:01:56+07:00,931,28.40000,28.30000,74.30000,73.90000,40,,,,
2025-11-26T03:04:03+07:00,932,28.40000,28.30000,74.30000,73.90000,41,,,,
2025-11-26T03:06:10+07:00,933,28.30000,28.30000,74.30000,73.90000,40,,,,
2025-11-26T03:08:17+07:00,934,28.40000,28.30000,74.30000,73.90000,41,,,,
2025-11-26T03:10:23+07:00,935,28.30000,28.30000,74.30000,73.80000,41,,,,
2025-11-26T03:12:30+07:00,936,28.30000,28.30000,74.30000,73.80000,41,,,,
2025-11-26T03:14:37+07:00,937,28.30000,28.30000,74.30000,73.90000,41,,,,
2025-11-26T03:16:43+07:00,938,28.30000,28.30000,74.30000,73.80000,40,,,,
2025-11-26T03:18:50+07:00,939,28.30000,28.30000,74.30000,73.90000,40,,,,
2025-11-26T03:20:57+07:00,940,28.30000,28.30000,74.30000,73.90000,40,,,,
2025-11-26T03:23:03+07:00,941,28.30000,28.30000,74.30000,73.90000,40,,,,
2025-11-26T03:25:10+07:00,942,28.30000,28.30000,74.30000,73.80000,41,,,,
2025-11-26T03:27:17+07:00,943,28.30000,28.30000,74.40000,73.90000,40,,,,
2025-11-26T03:29:24+07:00,944,28.30000,28.30000,74.30000,73.80000,41,,,,
2025-11-26T03:31:30+07:00,945,28.30000,28.20000,74.30000,73.90000,41,,,,
2025-11-26T03:33:37+07:00,946,28.30000,28.20000,74.40000,73.90000,41,,,,
2025-11-26T03:35:44+07:00,947,28.30000,28.30000,74.40000,73.90000,40,,,,
2025-11-26T03:37:50+07:00,948,28.30000,28.20000,74.50000,74.00000,41,,,,
2025-11-26T03:39:57+07:00,949,28.30000,28.20000,74.50000,74.00000,41,,,,
2025-11-26T03:42:04+07:00,950,28.30000,28.20000,74.40000,74.00000,41,,,,
2025-11-26T03:44:12+07:00,951,28.30000,28.20000,74.50000,74.00000,40,,,,
2025-11-26T03:46:19+07:00,952,28.30000,28.20000,74.40000,74.00000,40,,,,
2025-11-26T03:48:26+07:00,953,28.30000,28.20000,74.50000,74.00000,41,,,,
2025-11-26T03:50:32+07:00,954,28.30000,28.20000,74.60000,74.10001,41,,,,
2025-11-26T03:52:39+07:00,955,28.30000,28.20000,74.40000,74.00000,41,,,,
2025-11-26T03:54:46+07:00,956,28.30000,28.20000,74.50000,74.00000,41,,,,
2025-11-26T03:56:52+07:00,957,28.30000,28.20000,74.50000,74.10001,41,,,,
2025-11-26T03:58:59+07:00,958,28.30000,28.20000,74.50000,74.10001,40,,,,
2025-11-26T04:01:06+07:00,959,28.30000,28.20000,74.50000,74.10001,41,,,,
2025-11-26T04:03:12+07:00,960,28.30000,28.20000,74.50000,74.00000,40,,,,
2025-11-26T04:05:19+07:00,961,28.30000,28.20000,74.50000,74.00000,41,,,,
2025-11-26T04:07:26+07:00,962,28.30000,28.20000,74.50000,74.10001,40,,,,
2025-11-26T04:09:33+07:00,963,28.20000,28.20000,74.50000,74.10001,40,,,,
2025-11-26T04:11:39+07:00,964,28.20000,28.20000,74.50000,74.10001,41,,,,
2025-11-26T04:13:46+07:00,965,28.20000,28.20000,74.60000,74.20000,40,,,,
2025-11-26T04:15:53+07:00,966,28.20000,28.20000,74.60000,74.20000,41,,,,
2025-11-26T04:18:00+07:00,967,28.20000,28.20000,74.60000,74.10001,41,,,,
2025-11-26T04:20:07+07:00,968,28.20000,28.20000,74.60000,74.10001,40,,,,
2025-11-26T04:22:13+07:00,969,28.20000,28.20000,74.60000,74.20000,40,,,,
2025-11-26T04:24:20+07:00,970,28.20000,28.20000,74.70000,74.20000,41,,,,
2025-11-26T04:26:27+07:00,971,28.20000,28.20000,74.60000,74.20000,41,,,,
2025-11-26T04:28:36+07:00,972,28.20000,28.20000,74.60000,74.20000,41,,,,
2025-11-26T04:30:42+07:00,973,28.20000,28.20000,74.70000,74.20000,40,,,,
2025-11-26T04:32:49+07:00,974,28.20000,28.20000,74.70000,74.30000,40,,,,
2025-11-26T04:34:56+07:00,975,28.20000,28.10000,74.60000,74.20000,40,,,,
2025-11-26T04:37:02+07:00,976,28.20000,28.10000,74.60000,74.20000,41,,,,
2025-11-26T04:39:09+07:00,977,28.20000,28.10000,74.60000,74.20000,41,,,,
2025-11-26T04:41:16+07:00,978,28.20000,28.10000,74.60000,74.20000,41,,,,
2025-11-26T04:43:23+07:00,979,28.20000,28.10000,74.70000,74.20000,40,,,,
2025-11-26T04:45:29+07:00,980,28.20000,28.10000,74.60000,74.20000,40,,,,
2025-11-26T04:47:36+07:00,981,28.20000,28.10000,74.70000,74.20000,40,,,,
2025-11-26T04:51:55+07:00,982,28.20000,28.10000,74.70000,74.30000,40,,,,
2025-11-26T04:54:02+07:00,983,28.20000,28.10000,74.70000,74.20000,41,,,,
2025-11-26T04:56:08+07:00,984,28.20000,28.10000,74.60000,74.20000,40,,,,
2025-11-26T04:58:15+07:00,985,28.20000,28.10000,74.60000,74.20000,41,,,,
2025-11-26T05:00:21+07:00,986,28.20000,28.10000,74.70000,74.30000,41,,,,
2025-11-26T05:02:29+07:00,987,28.20000,28.10000,74.70000,74.20000,40,,,,
2025-11-26T05:04:39+07:00,988,28.10000,28.10000,74.70000,74.30000,40,,,,
2025-11-26T05:06:46+07:00,989,28.10000,28.10000,74.70000,74.20000,41,,,,
2025-11-26T05:08:53+07:00,990,28.10000,28.10000,74.70000,74.30000,41,,,,
2025-11-26T05:11:00+07:00,991,28.10000,28.10000,74.80000,74.30000,40,,,,
2025-11-26T05:13:07+07:00,992,28.10000,28.10000,74.80000,74.30000,41,,,,
2025-11-26T05:15:14+07:00,993,28.10000,28.10000,74.70000,74.30000,41,,,,
2025-11-26T05:17:21+07:00,994,28.10000,28.10000,74.80000,74.30000,40,,,,
2025-11-26T05:19:28+07:00,995,28.10000,28.10000,74.80000,74.30000,41,,,,
2025-11-26T05:21:35+07:00,996,28.10000,28.10000,74.80000,74.30000,41,,,,
2025-11-26T05:23:41+07:00,997,28.10000,28.10000,74.80000,74.30000,40,,,,
2025-11-26T05:25:48+07:00,998,28.10000,28.10000,74.80000,74.30000,41,,,,
2025-11-26T05:27:55+07:00,999,28.10000,28.10000,74.80000,74.30000,40,,,,
2025-11-26T05:30:01+07:00,1000,28.10000,28.10000,74.80000,74.40000,40,,,,
2025-11-26T05:32:08+07:00,1001,28.10000,28.10000,74.80000,74.30000,40,,,,
2025-11-26T05:34:15+07:00,1002,28.10000,28.10000,74.80000,74.30000,40,,,,
2025-11-26T05:36:22+07:00,1003,28.10000,28.10000,74.80000,74.40000,40,,,,
2025-11-26T05:38:29+07:00,1004,28.10000,28.10000,74.80000,74.40000,41,,,,
2025-11-26T05:40:35+07:00,1005,28.10000,28.00000,74.80000,74.30000,40,,,,
2025-11-26T05:42:42+07:00,1006,28.10000,28.00000,74.70000,74.30000,40,,,,
2025-11-26T05:44:49+07:00,1007,28.10000,28.00000,74.70000,74.30000,40,,,,
2025-11-26T05:46:55+07:00,1008,28.10000,28.00000,74.70000,74.30000,40,,,,
2025-11-26T05:49:02+07:00,1009,28.10000,28.00000,74.80000,74.30000,40,,,,
2025-11-26T05:51:09+07:00,1010,28.00000,28.00000,74.70000,74.20000,40,,,,
2025-11-26T05:53:16+07:00,1011,28.00000,28.00000,74.70000,74.20000,40,,,,
2025-11-26T05:55:23+07:00,1012,28.10000,28.00000,74.70000,74.20000,40,,,,
2025-11-26T05:57:29+07:00,1013,28.00000,28.00000,74.70000,74.20000,40,,,,
2025-11-26T05:59:36+07:00,1014,28.10000,28.00000,74.70000,74.20000,40,,,,
2025-11-26T06:01:42+07:00,1015,28.00000,28.00000,74.70000,74.20000,41,,,,
2025-11-26T06:03:49+07:00,1016,28.10000,28.00000,74.70000,74.20000,41,,,,
2025-11-26T06:05:56+07:00,1017,28.00000,28.00000,74.60000,74.20000,40,,,,
2025-11-26T06:08:02+07:00,1018,28.10000,28.00000,74.70000,74.20000,41,,,,
2025-11-26T06:10:09+07:00,1019,28.10000,28.00000,74.60000,74.20000,40,,,,
2025-11-26T06:12:15+07:00,1020,28.00000,28.00000,74.60000,74.20000,41,,,,
2025-11-26T06:14:22+07:00,1021,28.10000,28.00000,74.60000,74.10001,40,,,,
2025-11-26T06:16:29+07:00,1022,28.00000,28.00000,74.60000,74.10001,40,,,,
2025-11-26T06:18:35+07:00,1023,28.00000,28.00000,74.60000,74.10001,40,,,,
2025-11-26T06:20:42+07:00,1024,28.00000,28.00000,74.60000,74.10001,40,,,,
2025-11-26T06:22:49+07:00,1025,28.00000,28.00000,74.60000,74.10001,40,,,,
2025-11-26T06:24:59+07:00,1026,28.00000,28.00000,74.50000,74.10001,40,,,,
2025-11-26T06:27:05+07:00,1027,28.00000,28.00000,74.50000,74.10001,40,,,,
2025-11-26T06:29:12+07:00,1028,28.10000,28.00000,74.50000,74.10001,40,,,,
2025-11-26T06:31:19+07:00,1029,28.10000,28.00000,74.50000,74.00000,40,,,,
2025-11-26T06:33:26+07:00,1030,28.00000,28.00000,74.50000,74.00000,40,,,,
2025-11-26T06:35:32+07:00,1031,28.10000,28.00000,74.40000,74.00000,40,,,,
2025-11-26T06:37:39+07:00,1032,28.10000,28.00000,74.40000,74.00000,40,,,,
2025-11-26T06:39:46+07:00,1033,28.10000,28.00000,74.40000,74.00000,41,,,,
2025-11-26T06:41:52+07:00,1034,28.10000,28.00000,74.40000,74.00000,40,,,,
2025-11-26T06:43:59+07:00,1035,28.10000,28.00000,74.30000,73.90000,40,,,,
2025-11-26T06:46:06+07:00,1036,28.10000,28.00000,74.30000,73.90000,40,,,,
2025-11-26T06:48:12+07:00,1037,28.10000,28.00000,74.40000,73.90000,40,,,,
2025-11-26T06:50:19+07:00,1038,28.10000,28.10000,74.30000,73.90000,40,,,,
2025-11-26T06:52:25+07:00,1039,28.10000,28.10000,74.40000,74.00000,40,,,,
2025-11-26T06:54:32+07:00,1040,28.10000,28.10000,74.30000,73.90000,40,,,,
2025-11-26T06:56:39+07:00,1041,28.10000,28.10000,74.40000,74.00000,40,,,,
2025-11-26T06:58:46+07:00,1042,28.10000,28.10000,74.40000,74.00000,40,,,,
2025-11-26T07:00:53+07:00,1043,28.20000,28.10000,74.50000,74.00000,40,,,,
2025-11-26T07:02:59+07:00,1044,28.10000,28.10000,74.50000,74.10001,40,,,,
2025-11-26T07:05:06+07:00,1045,28.10000,28.10000,74.50000,74.10001,40,,,,
2025-11-26T07:07:13+07:00,1046,28.20000,28.10000,74.50000,74.10001,40,,,,
2025-11-26T07:09:19+07:00,1047,28.20000,28.10000,74.50000,74.20000,40,,,,
2025-11-26T07:11:26+07:00,1048,28.20000,28.10000,74.60000,74.10001,40,,,,
2025-11-26T07:13:33+07:00,1049,28.20000,28.20000,74.60000,74.20000,40,,,,
2025-11-26T07:15:39+07:00,1050,28.20000,28.20000,74.50000,74.20000,40,,,,
2025-11-26T07:17:46+07:00,1051,28.20000,28.20000,74.50000,74.20000,40,,,,
2025-11-26T07:19:53+07:00,1052,28.20000,28.20000,74.40000,74.10001,40,,,,
2025-11-26T07:22:00+07:00,1053,28.20000,28.20000,74.30000,73.90000,40,,,,
2025-11-26T07:24:07+07:00,1054,28.30000,28.20000,74.30000,73.90000,40,,,,
2025-11-26T07:28:22+07:00,1055,28.30000,28.20000,74.20000,73.90000,40,,,,
2025-11-26T07:30:29+07:00,1056,28.30000,28.20000,74.20000,73.90000,40,,,,
2025-11-26T07:32:36+07:00,1057,28.30000,28.30000,74.20000,73.90000,40,,,,
2025-11-26T07:34:42+07:00,1058,28.30000,28.30000,74.30000,73.90000,40,,,,
2025-11-26T07:36:49+07:00,1059,28.40000,28.30000,74.30000,74.00000,40,,,,
2025-11-26T07:38:56+07:00,1060,28.40000,28.30000,74.30000,74.00000,40,,,,
2025-11-26T07:41:02+07:00,1061,28.40000,28.30000,74.40000,74.00000,40,,,,
2025-11-26T07:43:09+07:00,1062,28.40000,28.30000,74.30000,74.00000,40,,,,
2025-11-26T07:45:16+07:00,1063,28.40000,28.30000,74.30000,74.00000,40,,,,
2025-11-26T07:47:23+07:00,1064,28.40000,28.30000,74.30000,74.00000,40,,,,
2025-11-26T07:49:30+07:00,1065,28.40000,28.40000,74.40000,74.00000,40,,,,
2025-11-26T07:51:37+07:00,1066,28.50000,28.40000,74.40000,74.00000,40,,,,
2025-11-26T07:53:43+07:00,1067,28.50000,28.40000,74.40000,74.00000,40,,,,
2025-11-26T07:55:50+07:00,1068,28.50000,28.40000,74.30000,74.00000,40,,,,
2025-11-26T07:57:56+07:00,1069,28.50000,28.40000,74.40000,74.00000,40,,,,
2025-11-26T08:00:03+07:00,1070,28.50000,28.40000,74.30000,74.00000,40,,,,
2025-11-26T08:02:09+07:00,1071,28.50000,28.50000,74.30000,74.00000,40,,,,
2025-11-26T08:04:16+07:00,1072,28.50000,28.50000,74.30000,74.00000,40,,,,
2025-11-26T08:06:23+07:00,1073,28.60000,28.50000,74.30000,74.00000,40,,,,
2025-11-26T08:08:29+07:00,1074,28.60000,28.50000,74.20000,74.00000,40,,,,
2025-11-26T08:10:40+07:00,1075,28.60000,28.50000,74.20000,73.90000,40,,,,
2025-11-26T08:12:46+07:00,1076,28.60000,28.60000,74.20000,73.90000,40,,,,
2025-11-26T08:17:01+07:00,1077,28.70000,28.60000,74.20000,74.00000,40,,,,
2025-11-26T08:19:08+07:00,1078,28.70000,28.60000,74.30000,74.00000,40,,,,
2025-11-26T08:21:17+07:00,1079,28.70000,28.60000,74.30000,74.00000,40,,,,
2025-11-26T08:23:23+07:00,1080,28.70000,28.60000,74.30000,74.00000,40,,,,
2025-11-26T08:25:30+07:00,1081,28.80000,28.70000,74.30000,74.00000,40,,,,
2025-11-26T08:27:37+07:00,1082,28.80000,28.70000,74.40000,74.10001,40,,,,
2025-11-26T08:29:45+07:00,1083,28.80000,28.70000,74.50000,74.20000,40,,,,
2025-11-26T08:31:54+07:00,1084,28.80000,28.70000,74.40000,74.10001,40,,,,
2025-11-26T08:34:00+07:00,1085,28.80000,28.70000,74.40000,74.10001,40,,,,
2025-11-26T08:36:07+07:00,1086,28.80000,28.70000,74.40000,74.10001,40,,,,
2025-11-26T08:40:25+07:00,1087,28.90000,28.80000,74.20000,74.00000,40,,,,
2025-11-26T08:42:32+07:00,1088,28.90000,28.80000,74.20000,73.90000,40,,,,
2025-11-26T08:44:40+07:00,1089,28.90000,28.80000,74.20000,73.90000,40,,,,
2025-11-26T08:46:50+07:00,1090,28.90000,28.80000,74.10000,73.80000,40,,,,
2025-11-26T08:51:07+07:00,1091,28.90000,28.90000,74.00000,73.70000,40,,,,
2025-11-26T08:53:14+07:00,1092,29.00000,28.90000,74.00000,73.60001,40,,,,
2025-11-26T08:57:31+07:00,1093,29.00000,28.90000,73.70000,73.50000,40,,,,
2025-11-26T08:59:38+07:00,1094,29.00000,28.90000,73.60000,73.30000,40,,,,
2025-11-26T09:01:44+07:00,1095,29.00000,29.00000,73.40000,73.10001,40,,,,
2025-11-26T09:06:02+07:00,1096,29.10000,29.00000,73.20000,72.90000,40,,,,
2025-11-26T09:08:08+07:00,1097,29.10000,29.00000,73.00000,72.70000,40,,,,
2025-11-26T09:10:15+07:00,1098,29.10000,29.00000,72.90000,72.60001,40,,,,
2025-11-26T09:12:22+07:00,1099,29.10000,29.00000,72.80000,72.40000,40,,,,
2025-11-26T09:14:31+07:00,1100,29.10000,29.10000,72.70000,72.40000,40,,,,
2025-11-26T09:16:42+07:00,1101,29.20000,29.10000,72.70000,72.30000,40,,,,
2025-11-26T09:18:49+07:00,1102,29.20000,29.10000,72.70000,72.30000,40,,,,
2025-11-26T09:20:55+07:00,1103,29.20000,29.10000,72.60000,72.20000,40,,,,
2025-11-26T09:25:13+07:00,1104,29.20000,29.20000,72.60000,72.20000,40,,,,
2025-11-26T09:27:20+07:00,1105,29.30000,29.20000,72.60000,72.20000,40,,,,
2025-11-26T09:29:27+07:00,1106,29.30000,29.20000,72.60000,72.20000,40,,,,
2025-11-26T09:35:53+07:00,1107,29.30000,29.20000,72.30000,71.90000,40,,,,
2025-11-26T09:38:00+07:00,1108,29.30000,29.30000,72.10000,71.70000,40,,,,
2025-11-26T09:42:17+07:00,1109,29.30000,29.30000,72.00000,71.60001,40,,,,
2025-11-26T09:44:27+07:00,1110,29.40000,29.30000,72.00000,71.60001,40,,,,
2025-11-26T09:46:34+07:00,1111,29.40000,29.30000,72.00000,71.50000,40,,,,
2025-11-26T09:48:43+07:00,1112,29.40000,29.30000,71.90000,71.40000,40,,,,
2025-11-26T09:50:51+07:00,1113,29.40000,29.30000,71.90000,71.50000,40,,,,
2025-11-26T09:53:00+07:00,1114,29.40000,29.40000,71.90000,71.40000,40,,,,
2025-11-26T09:55:07+07:00,1115,29.40000,29.40000,71.80000,71.30000,40,,,,
2025-11-26T09:57:13+07:00,1116,29.40000,29.40000,71.80000,71.30000,40,,,,
2025-11-26T09:59:20+07:00,1117,29.40000,29.40000,71.90000,71.40000,40,,,,
2025-11-26T10:03:38+07:00,1118,29.40000,29.40000,71.90000,71.40000,40,,,,
2025-11-26T10:05:44+07:00,1119,29.50000,29.40000,71.80000,71.30000,40,,,,
2025-11-26T10:07:54+07:00,1120,29.50000,29.40000,71.80000,71.30000,40,,,,
2025-11-26T10:10:04+07:00,1121,29.50000,29.40000,71.80000,71.20000,40,,,,
2025-11-26T10:14:22+07:00,1122,29.50000,29.40000,71.80000,71.30000,40,,,,
2025-11-26T10:16:28+07:00,1123,29.50000,29.40000,71.80000,71.30000,40,,,,
2025-11-26T10:20:44+07:00,1124,29.50000,29.40000,71.70000,71.10001,40,,,,
2025-11-26T10:22:54+07:00,1125,29.50000,29.40000,71.70000,71.10001,40,,,,
2025-11-26T10:25:00+07:00,1126,29.50000,29.50000,71.50000,71.00000,40,,,,
2025-11-26T10:27:09+07:00,1127,29.50000,29.50000,71.60000,71.00000,40,,,,
2025-11-26T10:29:16+07:00,1128,29.50000,29.50000,71.60000,71.10001,40,,,,
2025-11-26T10:31:23+07:00,1129,29.50000,29.50000,71.60000,71.00000,40,,,,
2025-11-26T10:33:30+07:00,1130,29.50000,29.50000,71.70000,71.10001,40,,,,
2025-11-26T10:35:36+07:00,1131,29.50000,29.50000,71.70000,71.10001,40,,,,
2025-11-26T10:37:43+07:00,1132,29.50000,29.50000,71.60000,71.00000,40,,,,
2025-11-26T10:39:49+07:00,1133,29.50000,29.50000,71.60000,71.00000,40,,,,
2025-11-26T10:41:56+07:00,1134,29.60000,29.50000,71.60000,71.00000,40,,,,
2025-11-26T10:44:02+07:00,1135,29.60000,29.50000,71.50000,70.90000,40,,,,
2025-11-26T10:46:09+07:00,1136,29.60000,29.50000,71.50000,70.90000,40,,,,
2025-11-26T10:48:16+07:00,1137,29.60000,29.50000,71.40000,70.80000,40,,,,
2025-11-26T10:50:22+07:00,1138,29.60000,29.60000,71.50000,70.90000,40,,,,
2025-11-26T10:52:29+07:00,1139,29.60000,29.60000,71.40000,70.90000,40,,,,
2025-11-26T10:56:46+07:00,1140,29.60000,29.60000,71.20000,70.60001,40,,,,
2025-11-26T10:58:52+07:00,1141,29.60000,29.60000,71.40000,70.80000,40,,,,
2025-11-26T11:03:07+07:00,1142,29.70000,29.60000,71.40000,70.80000,40,,,,
2025-11-26T11:05:13+07:00,1143,29.70000,29.70000,71.20000,70.50000,40,,,,
2025-11-26T11:07:20+07:00,1144,29.70000,29.60000,71.20000,70.50000,40,,,,
2025-11-26T11:09:26+07:00,1145,29.70000,29.70000,71.30000,70.60001,40,,,,
2025-11-26T11:13:44+07:00,1146,29.70000,29.70000,71.30000,70.60001,40,,,,
2025-11-26T11:15:51+07:00,1147,29.70000,29.70000,71.10000,70.50000,40,,,,
2025-11-26T11:17:58+07:00,1148,29.70000,29.70000,71.20000,70.50000,40,,,,
2025-11-26T11:20:06+07:00,1149,29.70000,29.70000,70.80000,70.20000,40,,,,
2025-11-26T11:22:13+07:00,1150,29.80000,29.70000,71.20000,70.50000,40,,,,
2025-11-26T11:26:31+07:00,1151,29.80000,29.70000,71.00000,70.30000,40,,,,
2025-11-26T11:28:37+07:00,1152,29.80000,29.80000,71.00000,70.40000,40,,,,
2025-11-26T11:30:47+07:00,1153,29.80000,29.70000,71.00000,70.30000,40,,,,
2025-11-26T11:32:53+07:00,1154,29.80000,29.70000,71.00000,70.30000,40,,,,
2025-11-26T11:35:07+07:00,1155,29.80000,29.70000,71.10000,70.40000,40,,,,
2025-11-26T11:37:17+07:00,1156,29.80000,29.80000,71.00000,70.30000,40,,,,
2025-11-26T11:39:23+07:00,1157,29.80000,29.80000,71.00000,70.30000,40,,,,
2025-11-26T11:41:30+07:00,1158,29.80000,29.80000,71.00000,70.20000,40,,,,
2025-11-26T11:45:47+07:00,1159,29.80000,29.80000,70.90000,70.20000,40,,,,
2025-11-26T11:47:54+07:00,1160,29.80000,29.80000,71.10000,70.30000,40,,,,
2025-11-26T11:50:00+07:00,1161,29.80000,29.80000,71.00000,70.30000,40,,,,
2025-11-26T11:54:17+07:00,1162,29.90000,29.80000,71.40000,70.70000,40,,,,
2025-11-26T11:56:24+07:00,1163,29.80000,29.80000,72.00000,71.10001,40,,,,
2025-11-26T11:58:30+07:00,1164,29.70000,29.70000,71.30000,70.40000,40,,,,
2025-11-26T12:00:37+07:00,1165,29.40000,29.60000,69.60000,68.50000,40,,,,
2025-11-26T12:02:47+07:00,1166,29.10000,29.30000,68.50000,67.00000,40,,,,
2025-11-26T12:04:54+07:00,1167,28.80000,29.20000,66.50000,64.40000,40,,,,
2025-11-26T12:07:01+07:00,1168,28.70000,29.00000,64.60000,62.50000,40,,,,
2025-11-26T12:09:08+07:00,1169,28.60000,28.90000,63.20000,61.00000,40,,,,
2025-11-26T12:11:19+07:00,1170,28.30000,28.70000,62.20000,59.60000,40,,,,
2025-11-26T12:13:33+07:00,1171,28.10000,28.60000,61.10000,58.20000,40,,,,
2025-11-26T12:15:39+07:00,1172,28.00000,28.50000,62.20000,60.10000,40,,,,
2025-11-26T12:17:46+07:00,1173,28.00000,28.50000,59.00000,56.20000,40,,,,
2025-11-26T12:19:53+07:00,1174,27.90000,28.50000,58.00000,54.80000,40,,,,
2025-11-26T12:22:00+07:00,1175,-0.40000,28.40000,0.00000,53.40000,40,,,,
2025-11-26T12:24:06+07:00,1176,-0.40000,28.30000,0.00000,52.50000,40,,,,
2025-11-26T12:26:13+07:00,1177,-0.40000,28.20000,0.00000,52.60000,40,,,,
2025-11-26T12:28:20+07:00,1178,27.60000,28.20000,54.40000,51.10000,40,,,,
2025-11-26T12:30:28+07:00,1179,27.70000,28.20000,53.60000,50.50000,40,,,,
2025-11-26T12:32:35+07:00,1180,27.80000,28.20000,52.90000,49.90000,40,,,,
2025-11-26T12:34:41+07:00,1181,27.80000,28.20000,52.10000,49.10000,40,,,,
2025-11-26T12:36:48+07:00,1182,27.80000,28.30000,53.40000,50.30000,40,,,,
2025-11-26T12:38:55+07:00,1183,27.60000,27.90000,51.00000,48.10000,53,,,,
2025-11-26T12:43:14+07:00,1184,27.30000,27.40000,51.00000,48.20000,54,,,,
2025-11-26T12:45:21+07:00,1185,27.20000,27.30000,50.60000,48.00000,55,,,,
2025-11-26T12:47:27+07:00,1186,27.20000,27.30000,50.60000,47.80000,55,,,,
2025-11-26T12:49:34+07:00,1187,27.20000,27.20000,49.80000,47.40000,55,,,,
2025-11-26T12:51:41+07:00,1188,27.20000,27.30000,49.50000,47.00000,55,,,,
2025-11-26T12:53:47+07:00,1189,27.20000,27.40000,49.00000,46.20000,55,,,,
2025-11-26T12:55:54+07:00,1190,27.10000,27.40000,49.60000,46.80000,55,,,,
2025-11-26T12:58:01+07:00,1191,27.20000,27.50000,49.50000,46.50000,55,,,,
2025-11-26T13:00:10+07:00,1192,27.20000,27.40000,49.70000,46.50000,55,,,,
2025-11-26T13:02:17+07:00,1193,27.20000,27.40000,48.50000,45.70000,56,,,,
2025-11-26T13:04:23+07:00,1194,27.20000,27.40000,49.20000,46.10000,56,,,,
2025-11-26T13:06:32+07:00,1195,27.10000,27.40000,48.00000,45.20000,56,,,,
2025-11-26T13:08:39+07:00,1196,27.10000,27.40000,47.70000,44.80000,56,,,,
2025-11-26T13:10:47+07:00,1197,27.20000,27.40000,53.60000,49.60000,45,,,,
2025-11-26T13:12:56+07:00,1198,27.20000,27.30000,47.20000,44.40000,43,,,,
2025-11-26T13:15:02+07:00,1199,27.10000,27.30000,48.50000,44.60000,43,,,,
2025-11-26T13:17:09+07:00,1200,27.10000,27.30000,47.00000,44.20000,43,,,,
2025-11-26T13:19:16+07:00,1201,27.20000,27.20000,46.70000,43.90000,43,,,,
2025-11-26T13:23:34+07:00,1202,27.20000,27.10000,45.80000,43.40000,43,,,,
2025-11-26T13:25:41+07:00,1203,27.00000,27.10000,45.70000,43.20000,43,,,,
2025-11-26T13:27:48+07:00,1204,27.00000,27.10000,45.80000,43.10000,43,,,,
2025-11-26T13:29:58+07:00,1205,26.80000,27.00000,45.70000,42.80000,42,,,,
2025-11-26T13:32:07+07:00,1206,26.90000,27.00000,46.50000,42.80000,42,,,,
2025-11-26T13:36:24+07:00,1207,26.80000,26.80000,45.50000,42.80000,43,,,,
2025-11-26T13:38:32+07:00,1208,26.70000,26.80000,45.80000,43.00000,42,,,,
2025-11-26T13:40:40+07:00,1209,26.70000,26.90000,45.20000,42.30000,42,,,,
2025-11-26T13:42:48+07:00,1210,26.90000,26.80000,45.20000,42.30000,42,,,,
2025-11-26T13:44:56+07:00,1211,26.80000,26.80000,44.60000,41.70000,42,,,,
2025-11-26T13:47:03+07:00,1212,26.60000,26.80000,44.80000,41.70000,42,,,,
2025-11-26T13:49:10+07:00,1213,26.50000,26.80000,44.90000,41.80000,42,,,,
2025-11-26T13:51:20+07:00,1214,26.50000,26.80000,45.60000,42.20000,42,,,,
2025-11-26T13:53:27+07:00,1215,26.50000,26.80000,46.60000,43.40000,42,,,,
2025-11-26T13:55:34+07:00,1216,26.60000,26.90000,48.00000,44.00000,42,,,,
2025-11-26T13:57:41+07:00,1217,26.80000,27.00000,47.80000,44.60000,42,,,,
2025-11-26T13:59:49+07:00,1218,27.10000,27.20000,47.70000,45.10000,42,,,,
2025-11-26T14:01:56+07:00,1219,27.30000,27.30000,48.50000,45.80000,42,,,,
2025-11-26T14:04:02+07:00,1220,27.50000,27.40000,49.20000,46.90000,42,,,,
2025-11-26T14:25:28+07:00,1221,29.10000,31.60000,57.20000,45.10000,11,,,,
2025-11-26T14:27:35+07:00,1222,30.10000,31.90000,54.50000,44.90000,11,,,,
2025-11-26T14:31:50+07:00,1223,30.20000,30.30000,51.00000,47.20000,17,,,,
2025-11-26T14:33:57+07:00,1224,30.60000,29.90000,50.40000,48.70000,17,,,,
2025-11-26T14:36:04+07:00,1225,30.50000,29.60000,52.20000,49.70000,17,,,,
2025-11-26T14:38:10+07:00,1226,30.70000,29.50000,53.10000,50.80000,17,,,,
2025-11-26T14:40:17+07:00,1227,30.50000,29.20000,53.20000,52.00000,17,,,,
2025-11-26T15:39:43+07:00,1228,27.70000,28.50000,69.60000,60.20000,13,,,,
2025-11-26T15:41:50+07:00,1229,28.20000,28.80000,68.20000,59.20000,13,,,,
2025-11-26T15:43:56+07:00,1230,28.30000,29.00000,68.10000,58.80000,12,,,,
2025-11-26T15:46:03+07:00,1231,28.20000,28.80000,68.10000,59.20000,12,,,,
2025-11-26T15:48:11+07:00,1232,28.20000,28.70000,68.50000,59.60000,13,,,,
2025-11-26T15:50:18+07:00,1233,28.20000,28.60000,67.70000,60.10000,17,,,,
2025-11-26T15:52:25+07:00,1234,27.80000,28.40000,66.30000,58.20000,17,,,,
2025-11-26T15:54:35+07:00,1235,27.90000,28.40000,65.20000,57.40000,14,,,,
2025-11-26T15:56:41+07:00,1236,28.10000,28.50000,65.30000,57.60000,13,,,,
2025-11-26T15:58:48+07:00,1237,28.20000,28.70000,67.10000,59.90000,13,,,,
2025-11-26T16:03:12+07:00,1238,28.70000,29.50000,67.70000,60.30000,13,,,,
2025-11-26T18:05:29+07:00,1239,30.70000,30.70000,77.50000,71.40000,9,,,,
2025-11-26T18:08:39+07:00,1240,30.40000,32.10000,78.10000,65.90000,16,,,,
2025-11-26T18:11:48+07:00,1241,30.30000,32.70000,78.80000,64.00000,16,,,,
2025-11-26T18:14:55+07:00,1242,30.30000,33.00000,79.30000,63.00000,17,,,,
2025-11-26T18:18:01+07:00,1243,30.30000,33.20000,79.40000,62.60000,17,,,,
2025-11-26T18:21:08+07:00,1244,30.30000,33.30000,79.30000,62.00000,17,,,,
2025-11-26T18:24:16+07:00,1245,30.30000,33.40000,79.30000,61.60000,18,,,,
2025-11-26T18:27:22+07:00,1246,30.20000,33.40000,79.60000,61.40000,18,,,,
2025-11-26T18:30:27+07:00,1247,30.20000,33.50000,79.60000,61.20000,19,,,,
2025-11-26T18:33:34+07:00,1248,30.20000,33.50000,79.80000,61.20000,19,,,,
2025-11-26T18:36:40+07:00,1249,30.20000,33.60000,79.90000,61.20000,20,,,,
2025-11-26T18:39:47+07:00,1250,30.20000,33.60000,79.80000,61.00000,20,,,,
2025-11-26T18:42:54+07:00,1251,30.20000,33.60000,79.90000,61.00000,20,,,,
2025-11-26T18:46:00+07:00,1252,30.20000,33.60000,80.00000,61.00000,21,,,,
2025-11-26T18:49:07+07:00,1253,30.20000,33.60000,79.80000,60.70000,21,,,,
2025-11-26T18:52:13+07:00,1254,30.20000,33.60000,79.50000,60.70000,22,,,,
2025-11-26T18:55:19+07:00,1255,30.20000,33.60000,79.30000,60.40000,22,,,,
2025-11-26T18:58:25+07:00,1256,30.20000,33.60000,79.20000,60.10000,22,,,,
2025-11-26T19:01:32+07:00,1257,30.20000,33.60000,79.10000,59.90000,22,,,,
2025-11-26T19:04:37+07:00,1258,30.20000,33.60000,78.70000,59.50000,23,,,,
2025-11-26T19:07:43+07:00,1259,30.10000,33.60000,78.70000,59.30000,23,,,,
2025-11-26T19:10:49+07:00,1260,30.10000,33.60000,78.70000,59.10000,24,,,,
2025-11-26T19:13:55+07:00,1261,30.10000,33.60000,78.40000,58.90000,24,,,,
2025-11-26T19:17:01+07:00,1262,30.00000,33.60000,78.30000,58.80000,25,,,,
2025-11-26T19:20:06+07:00,1263,30.00000,33.50000,78.40000,58.80000,25,,,,
2025-11-26T19:23:11+07:00,1264,30.00000,33.50000,78.50000,59.10000,26,,,,
2025-11-26T19:26:17+07:00,1265,30.00000,33.50000,79.10000,59.40000,26,,,,
2025-11-26T19:29:22+07:00,1266,30.00000,33.50000,79.00000,59.20000,27,,,,
2025-11-26T19:32:28+07:00,1267,29.90000,33.50000,78.80000,59.00000,27,,,,
2025-11-26T19:35:34+07:00,1268,29.90000,33.50000,79.00000,59.00000,27,,,,
2025-11-26T19:38:40+07:00,1269,29.90000,33.50000,79.00000,59.10000,28,,,,
2025-11-26T19:41:45+07:00,1270,29.90000,33.50000,79.20000,59.10000,28,,,,
2025-11-26T19:44:51+07:00,1271,29.90000,33.50000,79.20000,59.10000,28,,,,
2025-11-26T19:47:58+07:00,1272,29.90000,33.50000,79.30000,59.10000,29,,,,
2025-11-26T19:51:06+07:00,1273,29.90000,33.50000,79.60000,59.30000,29,,,,
2025-11-26T19:54:12+07:00,1274,29.90000,33.50000,79.70000,59.40000,30,,,,
2025-11-26T19:57:21+07:00,1275,29.90000,33.50000,79.60000,59.50000,30,,,,
2025-11-26T20:00:26+07:00,1276,29.90000,33.50000,79.70000,59.90000,30,,,,
2025-11-26T20:03:32+07:00,1277,29.90000,33.50000,79.90000,59.70000,31,,,,
2025-11-26T20:06:38+07:00,1278,30.00000,33.50000,80.40000,60.30000,31,,,,
2025-11-26T20:09:43+07:00,1279,30.00000,33.60000,79.90000,60.10000,32,,,,
2025-11-26T20:12:49+07:00,1280,30.00000,33.60000,79.90000,59.60000,32,,,,
2025-11-26T20:15:54+07:00,1281,29.90000,33.60000,80.00000,59.60000,32,,,,
2025-11-26T20:19:00+07:00,1282,29.90000,33.50000,80.10000,59.60000,33,,,,
2025-11-26T20:22:06+07:00,1283,29.90000,33.60000,80.20000,59.60000,33,,,,
2025-11-26T20:25:11+07:00,1284,29.90000,33.90000,80.10000,58.90000,34,,,,
2025-11-26T20:28:16+07:00,1285,29.90000,34.00000,80.00000,58.20000,34,,,,
2025-11-26T20:31:21+07:00,1286,29.90000,34.10000,80.00000,58.00000,34,,,,
2025-11-26T20:34:27+07:00,1287,29.90000,34.10000,79.90000,57.80000,35,,,,
2025-11-26T20:37:32+07:00,1288,29.90000,34.00000,79.90000,57.70000,35,,,,
2025-11-26T20:40:39+07:00,1289,29.90000,34.00000,79.80000,57.70000,36,,,,
2025-11-26T20:43:45+07:00,1290,29.90000,34.10000,79.70000,57.60000,36,,,,
2025-11-26T20:46:49+07:00,1291,29.90000,34.10000,79.70000,57.40000,36,,,,
2025-11-26T20:49:52+07:00,1292,29.90000,34.10000,79.80000,57.40000,37,,,,
2025-11-26T20:53:06+07:00,1293,29.80000,34.00000,79.60000,57.30000,37,,,,
2025-11-26T20:56:09+07:00,1294,29.80000,33.90000,77.70000,55.60000,38,,,,
2025-11-26T20:59:11+07:00,1295,29.70000,33.70000,76.20000,54.30000,38,,,,
2025-11-26T21:02:14+07:00,1296,29.50000,33.60000,75.00000,53.30000,38,,,,
2025-11-26T21:05:16+07:00,1297,29.40000,33.50000,74.30000,52.70000,39,,,,
2025-11-26T21:08:18+07:00,1298,29.30000,33.40000,73.50000,52.20000,39,,,,
2025-11-26T21:11:20+07:00,1299,29.20000,33.30000,73.10000,51.60000,40,,,,
2025-11-26T21:14:22+07:00,1300,29.10000,33.20000,72.80000,51.10000,40,,,,
2025-11-26T21:17:25+07:00,1301,29.00000,33.20000,72.50000,50.90000,40,,,,
2025-11-26T21:20:30+07:00,1302,29.00000,33.00000,72.30000,50.90000,41,,,,
2025-11-26T21:23:35+07:00,1303,29.00000,32.80000,72.30000,51.20000,42,,,,
2025-11-26T21:26:41+07:00,1304,28.90000,32.50000,71.90000,51.20000,42,,,,
2025-11-26T21:29:47+07:00,1305,28.90000,32.60000,74.00000,53.60000,43,,,,
2025-11-26T21:32:53+07:00,1306,28.90000,32.30000,73.20000,53.20000,43,,,,
2025-11-26T21:35:59+07:00,1307,28.70000,32.50000,72.60000,51.90000,43,,,,
2025-11-26T21:39:04+07:00,1308,28.70000,32.50000,72.40000,51.20000,44,,,,
2025-11-26T21:42:10+07:00,1309,28.70000,32.50000,74.00000,53.00000,44,,,,
2025-11-26T21:45:19+07:00,1310,28.70000,32.60000,73.60000,52.30000,45,,,,
2025-11-26T21:48:28+07:00,1311,28.60000,32.50000,72.60000,51.30000,45,,,,
2025-11-26T21:51:37+07:00,1312,28.50000,32.50000,72.10000,50.90000,46,,,,
2025-11-26T21:54:45+07:00,1313,28.60000,32.40000,74.10000,53.20000,46,,,,
2025-11-26T21:57:53+07:00,1314,28.60000,32.50000,73.30000,52.00000,46,,,,
2025-11-26T22:01:00+07:00,1315,28.50000,32.20000,72.20000,51.30000,47,,,,
2025-11-26T22:04:08+07:00,1316,28.50000,32.20000,74.20000,53.80000,47,,,,
2025-11-26T22:07:14+07:00,1317,28.50000,32.20000,73.10000,52.10000,48,,,,
2025-11-26T22:10:20+07:00,1318,28.40000,32.20000,73.30000,52.50000,48,,,,
2025-11-26T22:13:25+07:00,1319,28.40000,32.20000,73.50000,52.70000,49,,,,
2025-11-26T22:16:32+07:00,1320,28.30000,32.20000,71.90000,51.40000,49,,,,
2025-11-26T22:19:41+07:00,1321,28.30000,32.10000,74.10000,53.10000,49,,,,
2025-11-26T22:22:47+07:00,1322,28.30000,32.10000,72.10000,51.10000,50,,,,
2025-11-26T22:25:52+07:00,1323,28.30000,31.90000,73.80000,53.30000,50,,,,
2025-11-26T22:28:58+07:00,1324,28.30000,32.00000,72.30000,51.30000,51,,,,
2025-11-26T22:32:03+07:00,1325,28.20000,31.90000,73.20000,52.60000,51,,,,
2025-11-26T22:35:09+07:00,1326,28.20000,31.80000,72.10000,51.40000,51,,,,
2025-11-26T22:38:14+07:00,1327,28.20000,31.40000,72.40000,52.80000,52,,,,
2025-11-26T22:41:21+07:00,1328,28.20000,31.60000,72.70000,53.10000,52,,,,
2025-11-26T22:44:26+07:00,1329,28.10000,31.60000,71.50000,51.60000,52,,,,
2025-11-26T22:47:32+07:00,1330,28.10000,31.60000,73.40000,53.10000,52,,,,
2025-11-26T22:50:38+07:00,1331,28.10000,31.60000,71.60000,51.50000,53,,,,
2025-11-26T22:53:45+07:00,1332,28.10000,31.60000,73.60000,53.40000,53,,,,
2025-11-26T22:56:51+07:00,1333,28.10000,31.60000,71.50000,51.50000,53,,,,
2025-11-26T22:59:56+07:00,1334,28.10000,31.60000,73.50000,53.30000,53,,,,
2025-11-26T23:03:02+07:00,1335,28.00000,31.50000,72.10000,51.70000,53,,,,
2025-11-26T23:06:08+07:00,1336,28.00000,31.40000,73.10000,53.30000,54,,,,
2025-11-26T23:09:14+07:00,1337,28.00000,31.40000,72.30000,52.20000,54,,,,
2025-11-26T23:12:20+07:00,1338,28.00000,31.30000,73.10000,53.40000,54,,,,
2025-11-26T23:15:26+07:00,1339,28.00000,31.10000,72.40000,52.80000,54,,,,
2025-11-26T23:18:31+07:00,1340,28.00000,30.60000,72.90000,55.20000,55,,,,
2025-11-26T23:21:37+07:00,1341,28.00000,30.50000,72.40000,54.60000,55,,,,
2025-11-26T23:24:43+07:00,1342,28.00000,30.30000,72.90000,56.00000,55,,,,
2025-11-26T23:27:49+07:00,1343,28.00000,30.30000,72.90000,55.40000,55,,,,
2025-11-26T23:30:54+07:00,1344,27.90000,30.10000,72.90000,56.50000,56,,,,
2025-11-27T06:25:39+07:00,1345,28.50000,30.30000,84.60000,67.80000,52,,,,
2025-11-27T06:28:48+07:00,1346,28.50000,30.20000,84.60000,68.10001,52,,,,
2025-11-27T06:44:09+07:00,1347,28.50000,30.30000,83.60000,66.70000,52,,,,
2025-11-27T06:47:18+07:00,1348,28.60000,30.20000,83.80000,67.40000,52,,,,
2025-11-27T06:50:28+07:00,1349,28.60000,30.10000,84.20000,68.10001,52,,,,
2025-11-27T06:53:36+07:00,1350,28.60000,30.00000,83.90000,68.30000,51,,,,
2025-11-27T07:11:13+07:00,1351,28.70000,29.00000,83.50000,71.80000,58,,,,
2025-11-27T07:14:20+07:00,1352,28.70000,29.00000,82.90000,71.40000,58,,,,
2025-11-27T07:17:26+07:00,1353,28.70000,29.00000,83.10000,71.40000,58,,,,
2025-11-27T07:20:33+07:00,1354,28.70000,29.00000,82.90000,71.40000,58,,,,
2025-11-27T07:23:39+07:00,1355,28.70000,29.00000,82.90000,71.40000,58,,,,
2025-11-27T07:26:46+07:00,1356,28.70000,29.00000,82.80000,71.30000,58,,,,
2025-11-27T07:29:52+07:00,1357,28.80000,29.00000,82.80000,71.30000,59,,,,
2025-11-27T07:32:59+07:00,1358,28.80000,29.10000,83.40000,71.40000,59,,,,
2025-11-27T07:36:06+07:00,1359,28.80000,29.20000,83.20000,71.40000,59,,,,
2025-11-27T07:39:11+07:00,1360,28.90000,29.20000,83.10000,71.40000,59,,,,
2025-11-27T07:42:19+07:00,1361,28.90000,29.20000,82.80000,71.30000,59,,,,
2025-11-27T07:45:26+07:00,1362,28.90000,29.30000,82.80000,71.20000,59,,,,
2025-11-27T07:48:35+07:00,1363,28.90000,29.30000,82.70000,71.10001,59,,,,
2025-11-27T07:51:42+07:00,1364,29.00000,29.40000,82.50000,70.80000,59,,,,
2025-11-27T07:54:49+07:00,1365,29.00000,29.40000,82.40000,70.80000,59,,,,
2025-11-27T07:57:58+07:00,1366,29.00000,29.40000,82.30000,70.50000,59,,,,
2025-11-27T08:01:08+07:00,1367,29.00000,29.40000,82.30000,70.60001,60,,,,
2025-11-27T08:04:15+07:00,1368,29.00000,29.50000,82.40000,70.30000,54,,,,
2025-11-27T08:07:22+07:00,1369,30.00000,30.00000,80.90000,70.20000,53,,,,
2025-11-27T08:18:45+07:00,1370,29.40000,29.60000,80.90000,69.80000,53,,,,
2025-11-27T08:21:48+07:00,1371,29.30000,29.50000,80.80000,69.80000,53,,,,
2025-11-27T08:24:51+07:00,1372,29.20000,29.50000,80.70000,69.90000,53,,,,
2025-11-27T08:27:58+07:00,1373,29.30000,29.50000,80.80000,69.90000,53,,,,
2025-11-27T08:31:22+07:00,1374,29.30000,29.50000,81.20000,70.00000,53,,,,
2025-11-27T08:34:45+07:00,1375,29.50000,29.60000,81.20000,70.30000,53,,,,
2025-11-27T08:38:12+07:00,1376,29.60000,29.70000,81.40000,70.40000,53,,,,
2025-11-27T08:48:11+07:00,1377,30.10000,29.80000,81.70000,70.60001,53,,,,
2025-11-27T08:51:31+07:00,1378,30.20000,29.90000,80.80000,70.60001,53,,,,
2025-11-27T08:54:57+07:00,1379,30.20000,29.90000,80.40000,70.80000,53,,,,
2025-11-27T08:58:20+07:00,1380,30.20000,30.00000,80.20000,70.80000,53,,,,
2025-11-27T09:01:46+07:00,1381,30.20000,30.00000,79.30000,70.80000,53,,,,
2025-11-27T09:11:37+07:00,1382,30.30000,30.10000,79.50000,70.60001,53,,,,
2025-11-27T09:15:05+07:00,1383,30.30000,30.10000,77.70000,70.50000,53,,,,
2025-11-27T09:18:33+07:00,1384,30.10000,30.20000,75.20000,70.20000,53,,,,
2025-11-27T09:21:57+07:00,1385,29.90000,30.10000,72.90000,69.90000,53,,,,
2025-11-27T09:25:16+07:00,1386,29.80000,30.10000,74.60000,69.70000,53,,,,
2025-11-27T09:28:38+07:00,1387,29.70000,30.10000,73.50000,69.60001,53,,,,
2025-11-27T09:31:51+07:00,1388,29.70000,30.10000,74.60000,69.10001,53,,,,
2025-11-27T09:41:44+07:00,1389,29.60000,30.10000,72.70000,69.00000,53,,,,
2025-11-27T09:45:12+07:00,1390,29.40000,30.10000,75.00000,68.50000,53,,,,
2025-11-27T09:48:37+07:00,1391,29.40000,30.10000,74.80000,68.40000,53,,,,
2025-11-27T09:51:59+07:00,1392,29.30000,30.10000,73.30000,68.40000,53,,,,
2025-11-27T09:55:24+07:00,1393,29.20000,30.10000,73.60000,68.40000,53,,,,
2025-11-27T09:58:42+07:00,1394,29.10000,30.10000,72.90000,68.10001,52,,,,
2025-11-27T10:02:05+07:00,1395,28.90000,30.00000,72.70000,67.90000,52,,,,
2025-11-27T10:09:51+07:00,1396,28.60000,29.30000,73.20000,61.70000,53,,,,
2025-11-27T10:11:59+07:00,1397,27.50000,28.10000,76.50000,65.40000,52,,,,
2025-11-27T10:14:06+07:00,1398,26.90000,27.30000,78.10000,67.20000,52,,,,
2025-11-27T10:16:14+07:00,1399,26.60000,27.00000,79.20000,68.20000,53,,,,
2025-11-27T10:23:40+07:00,1400,26.30000,26.60000,80.10000,69.30000,52,,,,
2025-11-27T10:25:47+07:00,1401,26.40000,26.70000,80.00000,69.10001,52,,,,
2025-11-27T10:27:54+07:00,1402,26.50000,26.80000,79.80000,69.00000,52,,,,
2025-11-27T10:35:49+07:00,1403,26.50000,26.70000,80.80000,69.90000,52,,,,
2025-11-27T10:41:38+07:00,1404,,,,,,,,,
2025-11-27T10:42:10+07:00,1405,,,,,,,,,
2025-11-27T10:42:42+07:00,1406,,,,,,,,,
2025-11-27T10:43:13+07:00,1407,,,,,,,,,
2025-11-27T10:43:36+07:00,1408,26.60000,26.80000,80.10000,69.30000,52,,,,
2025-11-27T10:44:25+07:00,1409,,,,,,,,,
2025-11-27T10:44:56+07:00,1410,,,,,,,,,
2025-11-27T10:48:57+07:00,1411,,,,,,,,,
2025-11-27T10:51:02+07:00,1412,26.60000,26.80000,80.50000,69.60001,52,,,,
2025-11-27T10:51:30+07:00,1413,,,,,,,,,
2025-11-27T10:52:03+07:00,1414,,,,,,,,,
2025-11-27T10:52:34+07:00,1415,,,,,,,,,
2025-11-27T10:53:05+07:00,1416,,,,,,,,,
2025-11-27T10:53:36+07:00,1417,,,,,,,,,
2025-11-27T10:54:08+07:00,1418,,,,,,,,,
2025-11-27T10:55:33+07:00,1419,26.50000,26.70000,80.60000,69.90000,52,,,,
2025-11-27T10:56:50+07:00,1420,,,,,,,,,
2025-11-27T10:57:24+07:00,1421,,,,,,,,,
2025-11-27T10:57:50+07:00,1422,26.50000,26.70000,80.80000,70.10001,52,,,,
2025-11-27T10:58:28+07:00,1423,,,,,,,,,
2025-11-27T10:58:59+07:00,1424,,,,,,,,,
2025-11-27T10:59:31+07:00,1425,,,,,,,,,
2025-11-27T10:59:57+07:00,1426,26.50000,26.70000,81.10000,70.30000,52,,,,
2025-11-27T11:02:04+07:00,1427,26.60000,26.80000,80.90000,70.20000,52,,,,
2025-11-27T11:04:10+07:00,1428,26.70000,26.90000,81.00000,69.90000,52,,,,
2025-11-27T11:06:17+07:00,1429,26.50000,26.80000,81.30000,70.40000,56,,,,
2025-11-27T11:07:17+07:00,1430,,,,,,,,,
2025-11-27T11:07:48+07:00,1431,,,,,,,,,
2025-11-27T11:08:19+07:00,1432,,,,,,,,,
2025-11-27T11:08:50+07:00,1433,,,,,,,,,
2025-11-27T11:09:21+07:00,1434,,,,,,,,,
2025-11-27T11:09:53+07:00,1435,,,,,,,,,
2025-11-27T11:10:23+07:00,1436,,,,,,,,,
2025-11-27T11:10:47+07:00,1437,26.70000,26.90000,80.60000,70.00000,57,,,,
2025-11-27T11:11:26+07:00,1438,,,,,,,,,
2025-11-27T11:11:57+07:00,1439,,,,,,,,,
2025-11-27T11:12:28+07:00,1440,,,,,,,,,
2025-11-27T11:12:54+07:00,1441,26.70000,26.80000,80.40000,70.00000,58,,,,
2025-11-27T11:13:30+07:00,1442,,,,,,,,,
2025-11-27T11:14:01+07:00,1443,,,,,,,,,
2025-11-27T11:14:32+07:00,1444,,,,,,,,,
2025-11-27T11:15:01+07:00,1445,26.70000,26.80000,80.20000,69.90000,58,,,,
2025-11-27T11:15:35+07:00,1446,,,,,,,,,
2025-11-27T11:16:07+07:00,1447,,,,,,,,,
2025-11-27T11:16:38+07:00,1448,,,,,,,,,
2025-11-27T11:17:08+07:00,1449,26.70000,26.80000,80.10000,69.80000,58,,,,
2025-11-27T11:17:41+07:00,1450,,,,,,,,,
2025-11-27T11:18:20+07:00,1451,,,,,,,,,
2025-11-27T11:19:05+07:00,1452,,,,,,,,,
2025-11-27T11:19:36+07:00,1453,,,,,,,,,
2025-11-27T11:20:07+07:00,1454,,,,,,,,,
2025-11-27T11:22:46+07:00,1455,26.60000,26.80000,71.70000,72.30000,58,,,,
2025-11-27T11:24:52+07:00,1456,26.50000,26.70000,72.20000,72.60001,58,,,,
2025-11-27T11:26:59+07:00,1457,26.50000,26.70000,72.30000,72.70000,53,,,,
2025-11-27T11:29:06+07:00,1458,26.40000,26.60000,72.70000,73.00000,53,,,,
2025-11-27T11:31:12+07:00,1459,26.30000,26.60000,73.00000,73.00000,53,,,,
2025-11-27T11:33:20+07:00,1460,26.20000,26.70000,73.10000,72.90000,53,,,,
2025-11-27T11:35:27+07:00,1461,26.20000,26.70000,73.20000,72.50000,53,,,,
2025-11-27T11:37:34+07:00,1462,26.10000,26.70000,73.50000,72.70000,53,,,,
2025-11-27T11:39:41+07:00,1463,26.10000,26.70000,73.80000,73.00000,53,,,,
2025-11-27T11:41:47+07:00,1464,26.10000,26.70000,74.00000,73.00000,53,,,,
2025-11-27T11:43:54+07:00,1465,26.10000,26.80000,74.30000,73.30000,54,,,,
2025-11-27T11:46:01+07:00,1466,26.10000,26.80000,74.60000,73.50000,53,,,,
2025-11-27T11:48:07+07:00,1467,26.20000,26.90000,74.80000,73.50000,53,,,,
2025-11-27T11:50:14+07:00,1468,26.20000,26.90000,75.00000,73.70000,53,,,,
2025-11-27T11:52:24+07:00,1469,26.20000,26.80000,75.10000,73.80000,53,,,,
2025-11-27T11:54:04+07:00,1470,26.40000,26.90000,74.60000,74.00000,57,,,,
2025-11-27T11:59:09+07:00,1471,26.40000,27.10000,74.70000,72.90000,57,,,,
2025-11-27T12:04:13+07:00,1472,26.30000,27.00000,74.70000,73.00000,57,,,,
2025-11-27T12:09:16+07:00,1473,26.30000,27.00000,74.70000,73.00000,58,,,,
2025-11-27T12:11:42+07:00,1474,26.30000,26.90000,74.70000,73.20000,58,,,,
2025-11-27T12:16:46+07:00,1475,26.60000,-0.30000,75.50000,0.00000,54,,,,
2025-11-27T12:21:49+07:00,1476,26.40000,28.00000,77.20000,71.10001,54,,,,
2025-11-27T12:26:54+07:00,1477,29.30000,27.60000,67.80000,73.40000,54,,,,
2025-11-27T12:31:57+07:00,1478,28.50000,27.40000,71.70000,73.30000,54,,,,
2025-11-27T12:37:01+07:00,1479,27.10000,28.00000,74.90000,72.30000,54,,,,
2025-11-27T12:42:06+07:00,1480,26.80000,27.50000,74.40000,73.00000,53,,,,
2025-11-27T12:47:10+07:00,1481,26.80000,27.40000,74.60000,73.60001,54,,,,
2025-11-27T12:52:14+07:00,1482,26.80000,27.40000,74.90000,73.80000,53,,,,
2025-11-27T12:57:18+07:00,1483,26.80000,27.40000,75.00000,74.20000,53,,,,
2025-11-27T13:02:21+07:00,1484,26.80000,27.40000,75.10000,74.10001,54,,,,
2025-11-27T13:07:25+07:00,1485,26.80000,27.50000,74.70000,73.60001,54,,,,
2025-11-27T13:12:30+07:00,1486,26.70000,27.50000,74.50000,73.90000,53,,,,
2025-11-27T13:17:35+07:00,1487,26.60000,27.40000,75.80000,74.70000,53,,,,
2025-11-27T13:22:39+07:00,1488,26.50000,27.40000,76.40000,75.10001,54,,,,
2025-11-27T13:27:43+07:00,1489,26.50000,27.40000,76.90000,75.40000,53,,,,
2025-11-27T13:32:47+07:00,1490,26.50000,27.40000,77.30000,75.50000,54,,,,
2025-11-27T13:37:52+07:00,1491,26.50000,27.40000,77.60000,75.60001,54,,,,
2025-11-27T13:42:57+07:00,1492,26.50000,27.50000,77.80000,75.80000,53,,,,
2025-11-27T13:48:01+07:00,1493,26.50000,27.50000,78.10000,75.90000,53,,,,
2025-11-27T13:53:05+07:00,1494,26.50000,27.50000,78.30000,76.00000,53,,,,
2025-11-27T13:58:10+07:00,1495,26.50000,27.50000,78.50000,76.10001,53,,,,
2025-11-27T14:03:14+07:00,1496,26.50000,27.60000,78.70000,76.10001,53,,,,
2025-11-27T14:08:18+07:00,1497,26.50000,27.60000,78.80000,76.20000,53,,,,
2025-11-27T14:13:22+07:00,1498,26.50000,27.60000,79.00000,76.30000,53,,,,
2025-11-27T14:18:26+07:00,1499,26.50000,27.60000,79.10000,76.30000,53,,,,
2025-11-27T14:23:30+07:00,1500,26.60000,27.60000,79.30000,76.30000,53,,,,
2025-11-27T14:28:35+07:00,1501,26.60000,27.70000,79.30000,76.40000,53,,,,
2025-11-27T14:33:39+07:00,1502,26.60000,27.70000,79.30000,76.40000,53,,,,
2025-11-27T14:38:43+07:00,1503,26.60000,27.70000,79.30000,76.50000,53,,,,
2025-11-27T14:43:48+07:00,1504,26.60000,27.70000,79.30000,76.50000,53,,,,
2025-11-27T14:48:51+07:00,1505,26.60000,27.80000,79.30000,76.60001,53,,,,
2025-11-27T14:53:56+07:00,1506,26.60000,27.80000,79.30000,76.60001,53,,,,
2025-11-27T14:58:59+07:00,1507,26.70000,27.90000,79.30000,76.70000,53,,,,
2025-11-27T15:04:04+07:00,1508,26.70000,27.90000,79.30000,76.60001,53,,,,
2025-11-27T15:09:08+07:00,1509,26.70000,27.90000,79.30000,76.70000,53,,,,
2025-11-27T15:14:12+07:00,1510,26.70000,27.90000,79.30000,76.70000,53,,,,
2025-11-27T15:19:16+07:00,1511,26.80000,28.00000,79.30000,76.70000,53,,,,
2025-11-27T15:24:21+07:00,1512,26.80000,28.00000,79.30000,76.70000,53,,,,
2025-11-27T15:29:25+07:00,1513,26.80000,28.00000,79.30000,76.70000,53,,,,
2025-11-27T15:34:29+07:00,1514,26.80000,28.00000,79.30000,76.70000,53,,,,
2025-11-27T15:39:34+07:00,1515,26.80000,28.00000,79.30000,76.70000,53,,,,
2025-11-27T15:44:37+07:00,1516,26.80000,28.00000,79.30000,76.60001,53,,,,
2025-11-27T15:49:41+07:00,1517,26.80000,28.00000,79.30000,76.60001,53,,,,
2025-11-27T15:54:45+07:00,1518,26.80000,28.00000,79.30000,76.60001,53,,,,
2025-11-27T15:59:49+07:00,1519,26.70000,27.90000,79.30000,76.60001,53,,,,
2025-11-27T16:04:53+07:00,1520,26.70000,27.90000,79.30000,76.60001,53,,,,
2025-11-27T16:09:58+07:00,1521,26.70000,27.90000,79.30000,76.50000,53,,,,
2025-11-27T16:15:02+07:00,1522,26.70000,27.90000,79.30000,76.50000,53,,,,
2025-11-27T16:20:06+07:00,1523,26.70000,27.80000,79.30000,76.50000,53,,,,
2025-11-27T16:25:10+07:00,1524,26.60000,27.80000,79.30000,76.50000,53,,,,
2025-11-27T16:30:13+07:00,1525,26.60000,27.80000,79.30000,76.50000,53,,,,
2025-11-27T16:35:17+07:00,1526,26.60000,27.70000,79.30000,76.50000,53,,,,
2025-11-27T16:40:22+07:00,1527,26.60000,27.70000,79.30000,76.50000,53,,,,
2025-11-27T16:45:26+07:00,1528,26.60000,27.60000,79.30000,76.50000,53,,,,
2025-11-27T16:50:30+07:00,1529,26.50000,27.60000,79.30000,76.50000,53,,,,
2025-11-27T16:55:34+07:00,1530,26.50000,27.60000,79.30000,76.50000,53,,,,
2025-11-27T17:00:38+07:00,1531,26.50000,27.50000,79.30000,76.50000,53,,,,
2025-11-27T17:05:41+07:00,1532,26.50000,27.50000,79.30000,76.50000,53,,,,
2025-11-27T17:10:45+07:00,1533,26.40000,27.40000,79.30000,76.50000,53,,,,
2025-11-27T17:15:49+07:00,1534,26.40000,27.40000,79.30000,76.50000,53,,,,
2025-11-27T17:20:53+07:00,1535,26.40000,27.40000,79.30000,76.40000,53,,,,
2025-11-27T17:25:57+07:00,1536,26.40000,27.40000,79.30000,76.40000,53,,,,
2025-11-27T17:31:01+07:00,1537,26.40000,27.30000,79.30000,76.40000,53,,,,
2025-11-27T17:36:05+07:00,1538,26.30000,27.30000,79.30000,76.40000,53,,,,
2025-11-27T17:41:08+07:00,1539,26.30000,27.30000,79.30000,76.40000,53,,,,
2025-11-27T17:46:12+07:00,1540,26.30000,27.20000,79.20000,76.40000,53,,,,
2025-11-27T17:51:16+07:00,1541,26.30000,27.20000,79.20000,76.30000,53,,,,
2025-11-27T17:56:21+07:00,1542,26.20000,27.20000,79.10000,76.30000,53,,,,
2025-11-27T18:01:25+07:00,1543,26.20000,27.10000,79.00000,76.30000,53,,,,
2025-11-27T18:06:29+07:00,1544,26.20000,27.10000,78.90000,76.30000,53,,,,
2025-11-27T18:11:34+07:00,1545,26.20000,27.10000,78.90000,76.30000,53,,,,
2025-11-27T18:16:38+07:00,1546,26.10000,27.00000,78.80000,76.20000,53,,,,
2025-11-27T18:21:42+07:00,1547,26.10000,27.00000,78.70000,76.20000,53,,,,
2025-11-27T18:26:46+07:00,1548,26.10000,27.00000,78.70000,76.20000,53,,,,
2025-11-27T18:31:50+07:00,1549,26.10000,26.90000,78.60000,76.20000,53,,,,
2025-11-27T18:36:54+07:00,1550,26.00000,26.90000,78.60000,76.20000,53,,,,
2025-11-27T18:41:59+07:00,1551,26.00000,26.90000,78.50000,76.20000,53,,,,
2025-11-27T18:47:03+07:00,1552,26.00000,26.80000,78.40000,76.20000,53,,,,
2025-11-27T18:52:07+07:00,1553,26.00000,26.80000,78.40000,76.10001,53,,,,
2025-11-27T18:57:11+07:00,1554,26.00000,26.80000,78.30000,76.10001,53,,,,
2025-11-27T19:02:15+07:00,1555,25.90000,26.70000,78.30000,76.10001,53,,,,
2025-11-27T19:07:19+07:00,1556,25.90000,26.70000,78.20000,76.10001,53,,,,
2025-11-27T19:12:23+07:00,1557,25.90000,26.70000,78.10000,76.10001,53,,,,
2025-11-27T19:17:28+07:00,1558,25.90000,26.70000,78.10000,76.10001,53,,,,
2025-11-27T19:22:32+07:00,1559,25.90000,26.60000,78.00000,76.00000,53,,,,
2025-11-27T19:27:36+07:00,1560,25.80000,26.60000,78.00000,76.00000,53,,,,
2025-11-27T19:32:40+07:00,1561,25.80000,26.60000,77.90000,76.00000,53,,,,
2025-11-27T19:37:44+07:00,1562,25.80000,26.60000,77.90000,76.00000,53,,,,
2025-11-27T19:42:48+07:00,1563,25.80000,26.50000,77.80000,76.00000,53,,,,
2025-11-27T19:47:52+07:00,1564,25.80000,26.50000,77.70000,76.00000,53,,,,
2025-11-27T19:52:56+07:00,1565,25.70000,26.50000,77.70000,75.90000,53,,,,
2025-11-27T19:58:00+07:00,1566,25.70000,26.40000,77.60000,75.90000,53,,,,
2025-11-27T20:03:04+07:00,1567,25.70000,26.40000,77.60000,75.90000,53,,,,
2025-11-27T20:08:09+07:00,1568,25.60000,26.40000,77.50000,75.90000,53,,,,
2025-11-27T20:13:12+07:00,1569,25.60000,26.30000,77.50000,75.90000,53,,,,
2025-11-27T20:18:16+07:00,1570,25.60000,26.30000,77.40000,75.80000,53,,,,
2025-11-27T20:23:20+07:00,1571,25.60000,26.30000,77.30000,75.80000,53,,,,
2025-11-27T20:28:25+07:00,1572,25.60000,26.30000,77.30000,75.80000,53,,,,
2025-11-27T20:33:28+07:00,1573,25.50000,26.20000,77.20000,75.70000,53,,,,
2025-11-27T20:38:33+07:00,1574,25.50000,26.20000,77.20000,75.70000,53,,,,
2025-11-27T20:43:37+07:00,1575,25.50000,26.10000,77.10000,75.70000,53,,,,
2025-11-27T20:48:42+07:00,1576,25.50000,26.10000,77.10000,75.70000,53,,,,
2025-11-27T20:53:44+07:00,1577,25.40000,26.10000,77.00000,75.60001,53,,,,
2025-11-27T20:58:49+07:00,1578,25.40000,26.10000,77.00000,75.60001,53,,,,
2025-11-27T21:03:53+07:00,1579,25.40000,26.00000,76.90000,75.60001,53,,,,
2025-11-27T21:08:57+07:00,1580,25.30000,26.00000,76.90000,75.60001,53,,,,
2025-11-27T21:14:00+07:00,1581,25.30000,26.00000,76.80000,75.60001,53,,,,
2025-11-27T21:19:04+07:00,1582,25.30000,25.90000,76.80000,75.50000,53,,,,
2025-11-27T21:24:08+07:00,1583,25.30000,25.90000,76.70000,75.50000,53,,,,
2025-11-27T21:29:13+07:00,1584,25.20000,25.90000,76.70000,75.50000,53,,,,
2025-11-27T21:34:17+07:00,1585,25.20000,25.80000,76.60000,75.40000,53,,,,
2025-11-27T21:39:20+07:00,1586,25.20000,25.80000,76.60000,75.40000,53,,,,
2025-11-27T21:44:25+07:00,1587,25.20000,25.80000,76.50000,75.40000,53,,,,
2025-11-27T21:49:29+07:00,1588,25.20000,25.70000,76.50000,75.40000,53,,,,
2025-11-27T21:54:33+07:00,1589,25.10000,25.70000,76.40000,75.40000,53,,,,
2025-11-27T21:59:37+07:00,1590,25.10000,25.70000,76.40000,75.30000,53,,,,
2025-11-27T22:04:40+07:00,1591,25.10000,25.60000,76.40000,75.30000,53,,,,
2025-11-27T22:09:44+07:00,1592,25.10000,25.60000,76.30000,75.30000,53,,,,
2025-11-27T22:14:48+07:00,1593,25.00000,25.60000,76.30000,75.30000,53,,,,
2025-11-27T22:19:52+07:00,1594,25.00000,25.60000,76.20000,75.30000,53,,,,
2025-11-27T22:24:56+07:00,1595,25.00000,25.50000,76.20000,75.20000,53,,,,
2025-11-27T22:30:01+07:00,1596,25.00000,25.50000,76.20000,75.20000,53,,,,
2025-11-27T22:35:04+07:00,1597,25.00000,25.50000,76.10000,75.20000,53,,,,
2025-11-27T22:40:08+07:00,1598,24.90000,25.40000,76.10000,75.20000,53,,,,
2025-11-27T22:45:12+07:00,1599,24.90000,25.40000,76.00000,75.20000,53,,,,
2025-11-27T22:50:16+07:00,1600,24.90000,25.40000,76.00000,75.10001,53,,,,
2025-11-27T22:55:20+07:00,1601,24.90000,25.40000,76.00000,75.10001,53,,,,
2025-11-27T23:00:24+07:00,1602,24.90000,25.30000,76.00000,75.10001,53,,,,
2025-11-27T23:05:28+07:00,1603,24.80000,25.30000,75.90000,75.00000,53,,,,
2025-11-27T23:10:31+07:00,1604,24.80000,25.30000,75.90000,75.00000,53,,,,
2025-11-27T23:15:35+07:00,1605,24.80000,25.20000,75.90000,74.90000,53,,,,
2025-11-27T23:20:39+07:00,1606,24.80000,25.20000,75.80000,75.00000,53,,,,
2025-11-27T23:25:43+07:00,1607,24.80000,25.20000,75.80000,75.00000,53,,,,
2025-11-27T23:30:47+07:00,1608,24.70000,25.20000,75.70000,74.90000,53,,,,
2025-11-27T23:35:51+07:00,1609,24.70000,25.10000,75.60000,74.90000,53,,,,
2025-11-27T23:40:55+07:00,1610,24.70000,25.10000,75.60000,74.90000,53,,,,
2025-11-27T23:45:59+07:00,1611,24.70000,25.10000,75.60000,74.90000,53,,,,
2025-11-27T23:51:03+07:00,1612,24.70000,25.10000,75.60000,74.80000,53,,,,
2025-11-27T23:56:07+07:00,1613,24.60000,25.00000,75.50000,74.80000,53,,,,
2025-11-28T00:01:10+07:00,1614,24.60000,25.00000,75.50000,74.80000,53,,,,
2025-11-28T00:06:15+07:00,1615,24.60000,25.00000,75.50000,74.80000,53,,,,
2025-11-28T00:11:19+07:00,1616,24.60000,25.00000,75.50000,74.70000,53,,,,
2025-11-28T00:16:23+07:00,1617,24.60000,24.90000,75.50000,74.70000,53,,,,
2025-11-28T00:21:27+07:00,1618,24.50000,24.90000,75.40000,74.70000,53,,,,
2025-11-28T00:26:31+07:00,1619,24.50000,24.90000,75.40000,74.70000,53,,,,
2025-11-28T00:31:35+07:00,1620,24.50000,24.80000,75.30000,74.70000,53,,,,
2025-11-28T00:36:39+07:00,1621,24.50000,24.80000,75.20000,74.60001,53,,,,
2025-11-28T00:41:43+07:00,1622,24.40000,24.80000,75.20000,74.60001,53,,,,
2025-11-28T00:46:47+07:00,1623,24.40000,24.80000,75.20000,74.60001,53,,,,
2025-11-28T00:51:51+07:00,1624,24.40000,24.80000,75.10000,74.60001,53,,,,
2025-11-28T00:56:55+07:00,1625,24.40000,24.70000,75.10000,74.50000,53,,,,
2025-11-28T01:01:59+07:00,1626,24.30000,24.70000,75.10000,74.50000,53,,,,
2025-11-28T01:07:03+07:00,1627,24.30000,24.70000,75.00000,74.50000,53,,,,
2025-11-28T01:12:07+07:00,1628,24.30000,24.60000,75.00000,74.50000,53,,,,
2025-11-28T01:17:11+07:00,1629,24.30000,24.60000,74.90000,74.50000,53,,,,
2025-11-28T01:22:15+07:00,1630,24.20000,24.60000,74.90000,74.40000,53,,,,
2025-11-28T01:27:18+07:00,1631,24.20000,24.60000,74.90000,74.40000,53,,,,
2025-11-28T01:32:23+07:00,1632,24.20000,24.50000,74.80000,74.40000,53,,,,
2025-11-28T01:37:27+07:00,1633,24.20000,24.50000,74.80000,74.30000,53,,,,
2025-11-28T01:42:31+07:00,1634,24.10000,24.50000,74.80000,74.30000,53,,,,
2025-11-28T01:47:35+07:00,1635,24.10000,24.40000,74.80000,74.30000,53,,,,
2025-11-28T01:52:39+07:00,1636,24.10000,24.40000,74.80000,74.30000,53,,,,
2025-11-28T01:57:44+07:00,1637,24.10000,24.30000,74.70000,74.20000,53,,,,
2025-11-28T02:02:47+07:00,1638,24.00000,24.30000,74.70000,74.20000,53,,,,
2025-11-28T02:07:51+07:00,1639,24.00000,24.30000,74.70000,74.20000,53,,,,
2025-11-28T02:12:55+07:00,1640,24.00000,24.30000,74.60000,74.20000,53,,,,
2025-11-28T02:17:59+07:00,1641,24.00000,24.20000,74.60000,74.20000,53,,,,
2025-11-28T02:23:03+07:00,1642,24.00000,24.20000,74.60000,74.10001,53,,,,
2025-11-28T02:28:07+07:00,1643,23.90000,24.20000,74.50000,74.00000,53,,,,
2025-11-28T02:33:12+07:00,1644,23.90000,24.20000,74.50000,74.00000,53,,,,
2025-11-28T02:38:16+07:00,1645,23.90000,24.10000,74.50000,74.00000,53,,,,
2025-11-28T02:43:21+07:00,1646,23.90000,24.10000,74.40000,74.00000,53,,,,
2025-11-28T02:48:25+07:00,1647,23.90000,24.10000,74.40000,74.00000,53,,,,
2025-11-28T02:53:28+07:00,1648,23.80000,24.10000,74.40000,74.00000,53,,,,
2025-11-28T02:58:33+07:00,1649,23.80000,24.00000,74.40000,74.00000,53,,,,
2025-11-28T03:03:37+07:00,1650,23.80000,24.00000,74.40000,73.90000,53,,,,
2025-11-28T03:08:41+07:00,1651,23.80000,24.00000,74.30000,73.90000,53,,,,
2025-11-28T03:13:45+07:00,1652,23.80000,24.00000,74.20000,73.90000,53,,,,
2025-11-28T03:18:49+07:00,1653,23.80000,23.90000,74.20000,73.90000,53,,,,
2025-11-28T03:23:54+07:00,1654,23.70000,23.90000,74.30000,73.90000,53,,,,
2025-11-28T03:28:58+07:00,1655,23.70000,23.90000,74.20000,73.90000,53,,,,
2025-11-28T03:34:02+07:00,1656,23.70000,23.90000,74.10000,73.80000,53,,,,
2025-11-28T03:39:05+07:00,1657,23.70000,23.80000,74.10000,73.80000,53,,,,
2025-11-28T03:44:10+07:00,1658,23.70000,23.80000,74.20000,73.80000,53,,,,
2025-11-28T03:49:14+07:00,1659,23.60000,23.80000,74.10000,73.80000,53,,,,
2025-11-28T03:54:18+07:00,1660,23.60000,23.80000,74.00000,73.80000,53,,,,
2025-11-28T03:59:21+07:00,1661,23.60000,23.70000,74.00000,73.70000,53,,,,
2025-11-28T04:04:26+07:00,1662,23.60000,23.70000,74.00000,73.70000,53,,,,
2025-11-28T04:09:30+07:00,1663,23.60000,23.70000,74.00000,73.70000,53,,,,
2025-11-28T04:14:34+07:00,1664,23.50000,23.60000,73.90000,73.70000,53,,,,
2025-11-28T04:19:39+07:00,1665,23.50000,23.60000,73.90000,73.70000,53,,,,
2025-11-28T04:24:43+07:00,1666,23.50000,23.60000,73.90000,73.70000,53,,,,
2025-11-28T04:29:47+07:00,1667,23.50000,23.60000,73.90000,73.70000,53,,,,
2025-11-28T04:34:50+07:00,1668,23.50000,23.60000,73.80000,73.70000,53,,,,
2025-11-28T04:39:54+07:00,1669,23.40000,23.60000,73.80000,73.70000,53,,,,
2025-11-28T04:44:58+07:00,1670,23.50000,23.50000,73.80000,73.70000,53,,,,
2025-11-28T04:50:02+07:00,1671,23.40000,23.50000,73.80000,73.60001,53,,,,
2025-11-28T04:55:06+07:00,1672,23.40000,23.50000,73.70000,73.60001,53,,,,
2025-11-28T05:00:10+07:00,1673,23.40000,23.50000,73.70000,73.60001,53,,,,
2025-11-28T05:05:14+07:00,1674,23.40000,23.50000,73.70000,73.60001,53,,,,
2025-11-28T05:10:17+07:00,1675,23.40000,23.50000,73.60000,73.60001,53,,,,
2025-11-28T05:15:22+07:00,1676,23.30000,23.40000,73.60000,73.60001,53,,,,
2025-11-28T05:20:26+07:00,1677,23.30000,23.40000,73.60000,73.60001,53,,,,
2025-11-28T05:25:30+07:00,1678,23.30000,23.40000,73.60000,73.60001,53,,,,
2025-11-28T05:30:34+07:00,1679,23.30000,23.40000,73.60000,73.60001,53,,,,
2025-11-28T05:35:38+07:00,1680,23.30000,23.40000,73.50000,73.60001,53,,,,
2025-11-28T05:40:42+07:00,1681,23.30000,23.40000,73.50000,73.60001,53,,,,
2025-11-28T05:45:46+07:00,1682,23.30000,23.40000,73.50000,73.60001,53,,,,
2025-11-28T05:50:50+07:00,1683,23.30000,23.30000,73.50000,73.50000,53,,,,
2025-11-28T05:55:54+07:00,1684,23.30000,23.30000,73.50000,73.50000,53,,,,
2025-11-28T06:00:58+07:00,1685,23.30000,23.30000,73.50000,73.60001,53,,,,
2025-11-28T06:06:02+07:00,1686,23.30000,23.30000,73.50000,73.60001,53,,,,
2025-11-28T06:11:06+07:00,1687,23.30000,23.30000,73.50000,73.60001,53,,,,
2025-11-28T06:16:09+07:00,1688,23.20000,23.30000,73.40000,73.60001,53,,,,
2025-11-28T06:21:13+07:00,1689,23.20000,23.30000,73.50000,73.60001,53,,,,
2025-11-28T06:26:17+07:00,1690,23.20000,23.30000,73.50000,73.60001,53,,,,
2025-11-28T06:31:21+07:00,1691,23.20000,23.30000,73.40000,73.60001,53,,,,
2025-11-28T06:36:25+07:00,1692,23.30000,23.30000,73.40000,73.60001,53,,,,
2025-11-28T06:41:29+07:00,1693,23.30000,23.30000,73.50000,73.60001,53,,,,
2025-11-28T06:46:32+07:00,1694,23.30000,23.30000,73.50000,73.60001,53,,,,
2025-11-28T06:51:36+07:00,1695,23.30000,23.30000,73.40000,73.60001,53,,,,
2025-11-28T06:56:41+07:00,1696,23.30000,23.30000,73.50000,73.60001,53,,,,
2025-11-28T07:01:45+07:00,1697,23.30000,23.40000,73.50000,73.60001,53,,,,
2025-11-28T07:06:49+07:00,1698,23.30000,23.40000,73.50000,73.60001,53,,,,
2025-11-28T07:11:53+07:00,1699,23.40000,23.40000,73.50000,73.70000,53,,,,
2025-11-28T07:16:57+07:00,1700,23.40000,23.40000,73.50000,73.70000,53,,,,
2025-11-28T07:22:01+07:00,1701,23.40000,23.50000,73.50000,73.70000,53,,,,
2025-11-28T07:27:05+07:00,1702,23.40000,23.50000,73.60000,73.80000,53,,,,
2025-11-28T07:32:09+07:00,1703,23.50000,23.50000,73.60000,73.80000,53,,,,
2025-11-28T07:37:13+07:00,1704,23.50000,23.60000,73.60000,73.80000,53,,,,
2025-11-28T07:42:17+07:00,1705,23.50000,23.60000,73.60000,73.80000,53,,,,
2025-11-28T07:47:21+07:00,1706,23.60000,23.60000,73.70000,73.90000,53,,,,
2025-11-28T07:52:24+07:00,1707,23.60000,23.70000,73.70000,73.90000,53,,,,
2025-11-28T07:57:28+07:00,1708,23.60000,23.70000,73.70000,73.90000,53,,,,
2025-11-28T08:02:33+07:00,1709,23.60000,23.80000,73.70000,74.00000,53,,,,
2025-11-28T08:07:36+07:00,1710,23.70000,23.80000,73.80000,74.00000,53,,,,
2025-11-28T08:12:40+07:00,1711,23.70000,23.90000,73.80000,74.00000,53,,,,
2025-11-28T08:17:45+07:00,1712,23.80000,23.90000,73.90000,74.10001,53,,,,
2025-11-28T08:22:49+07:00,1713,23.80000,24.00000,73.90000,74.10001,53,,,,
2025-11-28T08:27:53+07:00,1714,23.80000,24.00000,74.00000,74.20000,53,,,,
2025-11-28T08:32:57+07:00,1715,23.90000,24.10000,74.10000,74.20000,53,,,,
2025-11-28T08:38:01+07:00,1716,23.90000,24.10000,74.10000,74.20000,53,,,,
2025-11-28T08:43:05+07:00,1717,24.00000,24.20000,74.20000,74.30000,53,,,,
2025-11-28T08:48:09+07:00,1718,24.00000,24.20000,74.20000,74.30000,53,,,,
2025-11-28T08:53:13+07:00,1719,24.10000,24.30000,74.30000,74.40000,53,,,,
2025-11-28T08:58:17+07:00,1720,24.10000,24.30000,74.30000,74.40000,53,,,,
2025-11-28T09:03:21+07:00,1721,24.20000,24.40000,74.40000,74.50000,53,,,,
2025-11-28T09:08:26+07:00,1722,24.20000,24.40000,74.50000,74.50000,53,,,,
2025-11-28T09:13:30+07:00,1723,24.30000,24.50000,74.60000,74.60001,53,,,,
2025-11-28T09:18:34+07:00,1724,24.30000,24.60000,74.70000,74.60001,53,,,,
2025-11-28T09:23:38+07:00,1725,24.40000,24.70000,74.80000,74.70000,53,,,,
2025-11-28T09:28:42+07:00,1726,24.40000,24.80000,74.90000,74.70000,53,,,,
2025-11-28T09:33:46+07:00,1727,24.50000,24.80000,75.00000,74.80000,53,,,,
2025-11-28T09:38:50+07:00,1728,24.50000,24.90000,75.10000,74.80000,53,,,,
2025-11-28T09:43:54+07:00,1729,24.60000,25.00000,75.20000,74.90000,53,,,,
2025-11-28T09:48:57+07:00,1730,24.70000,25.10000,75.30000,74.90000,53,,,,
2025-11-28T09:54:02+07:00,1731,24.70000,25.10000,75.40000,75.00000,53,,,,
2025-11-28T09:59:07+07:00,1732,24.80000,25.20000,75.50000,75.00000,53,,,,
2025-11-28T10:04:11+07:00,1733,24.80000,25.30000,75.60000,75.10001,53,,,,
2025-11-28T10:09:15+07:00,1734,24.90000,25.40000,75.70000,75.10001,53,,,,
2025-11-28T10:14:19+07:00,1735,24.90000,25.40000,75.80000,75.20000,53,,,,
2025-11-28T10:19:24+07:00,1736,25.00000,25.50000,75.80000,75.20000,53,,,,
2025-11-28T10:24:28+07:00,1737,25.10000,25.60000,76.00000,75.30000,53,,,,
2025-11-28T10:29:32+07:00,1738,25.10000,25.70000,76.00000,75.30000,53,,,,
2025-11-28T10:34:36+07:00,1739,25.20000,25.80000,76.10000,75.40000,53,,,,
2025-11-28T10:39:39+07:00,1740,25.20000,25.80000,76.20000,75.40000,53,,,,
2025-11-28T10:44:45+07:00,1741,25.30000,25.90000,76.30000,75.40000,53,,,,
2025-11-28T10:49:48+07:00,1742,25.30000,26.00000,76.40000,75.50000,53,,,,
2025-11-28T10:54:53+07:00,1743,25.40000,26.00000,76.50000,75.50000,53,,,,
2025-11-28T10:59:57+07:00,1744,25.40000,26.10000,76.60000,75.50000,53,,,,
2025-11-28T11:05:02+07:00,1745,25.50000,26.20000,76.60000,75.50000,53,,,,
2025-11-28T11:10:07+07:00,1746,25.50000,26.20000,76.70000,75.50000,53,,,,
2025-11-28T11:15:10+07:00,1747,25.50000,26.30000,76.80000,75.60001,53,,,,
2025-11-28T11:20:15+07:00,1748,25.60000,26.30000,76.80000,75.50000,53,,,,
2025-11-28T11:25:19+07:00,1749,25.60000,26.40000,76.80000,75.50000,53,,,,
2025-11-28T11:30:23+07:00,1750,25.60000,26.40000,76.90000,75.60001,53,,,,
2025-11-28T11:35:27+07:00,1751,25.70000,26.50000,76.90000,75.60001,53,,,,
2025-11-28T11:40:32+07:00,1752,25.70000,26.50000,77.00000,75.60001,53,,,,
2025-11-28T11:45:36+07:00,1753,25.70000,26.50000,77.00000,75.60001,53,,,,
2025-11-28T11:50:40+07:00,1754,25.70000,26.60000,77.00000,75.60001,53,,,,
2025-11-28T11:55:44+07:00,1755,25.80000,26.60000,77.00000,75.50000,53,,,,
2025-11-28T12:00:50+07:00,1756,25.80000,26.60000,77.00000,75.50000,53,,,,
2025-11-28T12:05:54+07:00,1757,25.80000,26.60000,77.00000,75.50000,53,,,,
2025-11-28T12:10:58+07:00,1758,25.80000,26.60000,77.10000,75.50000,53,,,,
2025-11-28T12:16:02+07:00,1759,25.80000,26.70000,77.10000,75.50000,53,,,,
2025-11-28T12:21:06+07:00,1760,25.80000,26.70000,77.10000,75.50000,53,,,,
2025-11-28T12:26:10+07:00,1761,25.90000,26.70000,77.10000,75.50000,53,,,,
2025-11-28T12:31:15+07:00,1762,25.90000,26.80000,77.10000,75.50000,53,,,,
2025-11-28T12:36:18+07:00,1763,25.90000,26.80000,77.10000,75.50000,53,,,,
2025-11-28T12:41:23+07:00,1764,25.90000,26.80000,77.10000,75.50000,53,,,,
2025-11-28T12:46:29+07:00,1765,26.00000,26.80000,77.20000,75.50000,53,,,,
2025-11-28T12:51:34+07:00,1766,26.00000,26.90000,77.20000,75.50000,53,,,,
2025-11-28T12:56:37+07:00,1767,26.00000,26.90000,77.10000,75.50000,53,,,,
2025-11-28T13:01:41+07:00,1768,26.00000,26.90000,77.10000,75.50000,52,,,,
2025-11-28T13:06:45+07:00,1769,26.00000,26.90000,77.10000,75.50000,53,,,,
2025-11-28T13:11:51+07:00,1770,26.00000,26.90000,77.10000,75.50000,52,,,,
2025-11-28T13:16:58+07:00,1771,26.00000,26.90000,77.10000,75.50000,53,,,,
2025-11-28T13:22:02+07:00,1772,26.00000,26.90000,77.10000,75.50000,53,,,,
2025-11-28T13:27:06+07:00,1773,26.00000,26.90000,77.10000,75.50000,52,,,,
2025-11-28T13:32:10+07:00,1774,26.10000,26.90000,77.10000,75.50000,53,,,,
2025-11-28T13:37:14+07:00,1775,26.10000,27.00000,77.10000,75.40000,52,,,,
2025-11-28T13:42:21+07:00,1776,26.10000,27.00000,77.10000,75.50000,53,,,,
2025-11-28T13:47:26+07:00,1777,26.10000,27.00000,77.10000,75.50000,52,,,,
2025-11-28T13:52:29+07:00,1778,26.10000,27.00000,77.10000,75.50000,53,,,,
2025-11-28T13:57:33+07:00,1779,26.10000,27.00000,77.20000,75.50000,53,,,,
2025-11-28T14:02:39+07:00,1780,26.10000,27.10000,77.20000,75.50000,53,,,,
2025-11-28T14:07:45+07:00,1781,26.20000,27.10000,77.20000,75.50000,53,,,,
2025-11-28T14:12:50+07:00,1782,26.20000,27.10000,77.20000,75.50000,52,,,,
2025-11-28T14:18:02+07:00,1783,26.20000,27.10000,77.20000,75.50000,53,,,,
2025-11-28T14:23:06+07:00,1784,26.20000,27.10000,77.20000,75.50000,53,,,,
2025-11-28T14:28:10+07:00,1785,26.20000,27.20000,77.30000,75.50000,53,,,,
2025-11-28T14:33:13+07:00,1786,26.30000,27.20000,77.20000,75.50000,53,,,,
2025-11-28T14:38:17+07:00,1787,26.20000,27.20000,77.20000,75.50000,53,,,,
2025-11-28T14:43:21+07:00,1788,26.30000,27.20000,77.20000,75.50000,53,,,,
2025-11-28T14:48:25+07:00,1789,26.30000,27.20000,77.20000,75.50000,53,,,,
2025-11-28T14:53:29+07:00,1790,26.30000,27.20000,77.20000,75.40000,53,,,,
2025-11-28T14:58:38+07:00,1791,26.30000,27.20000,77.20000,75.40000,53,,,,
2025-11-28T15:03:49+07:00,1792,26.30000,27.20000,77.20000,75.40000,53,,,,
2025-11-28T15:08:55+07:00,1793,26.20000,27.20000,77.20000,75.40000,53,,,,
2025-11-28T15:14:02+07:00,1794,26.20000,27.20000,77.10000,75.40000,53,,,,
2025-11-28T15:19:05+07:00,1795,26.20000,27.20000,77.10000,75.30000,52,,,,
2025-11-28T15:24:09+07:00,1796,26.20000,27.20000,77.00000,75.30000,53,,,,
2025-11-28T15:29:15+07:00,1797,26.20000,27.20000,77.00000,75.30000,53,,,,
2025-11-28T15:34:19+07:00,1798,26.20000,27.20000,77.00000,75.30000,53,,,,
2025-11-28T15:39:23+07:00,1799,26.20000,27.20000,77.00000,75.30000,52,,,,
2025-11-28T15:44:27+07:00,1800,26.20000,27.20000,76.90000,75.30000,52,,,,
2025-11-28T15:49:31+07:00,1801,26.20000,27.10000,76.90000,75.20000,52,,,,
2025-11-28T15:54:35+07:00,1802,26.20000,27.10000,76.80000,75.20000,52,,,,
2025-11-28T15:59:38+07:00,1803,26.20000,27.10000,76.80000,75.20000,52,,,,
2025-11-28T16:04:44+07:00,1804,26.10000,27.10000,76.80000,75.20000,52,,,,
2025-11-28T16:09:49+07:00,1805,26.10000,27.10000,76.70000,75.10001,52,,,,
2025-11-28T16:14:52+07:00,1806,26.10000,27.10000,76.70000,75.20000,52,,,,
2025-11-28T16:19:56+07:00,1807,26.10000,27.10000,76.70000,75.10001,52,,,,
2025-11-28T16:25:01+07:00,1808,26.10000,27.10000,76.60000,75.10001,52,,,,
2025-11-28T16:30:04+07:00,1809,26.10000,27.00000,76.60000,75.10001,52,,,,
2025-11-28T16:35:08+07:00,1810,26.10000,27.00000,76.60000,75.10001,52,,,,
2025-11-28T16:40:12+07:00,1811,26.10000,27.00000,76.50000,75.10001,53,,,,
2025-11-28T16:45:16+07:00,1812,26.10000,27.00000,76.50000,75.00000,52,,,,
2025-11-28T16:50:20+07:00,1813,26.10000,27.00000,76.40000,75.10001,52,,,,
2025-11-28T16:55:24+07:00,1814,26.10000,27.00000,76.40000,75.00000,52,,,,
2025-11-28T17:00:28+07:00,1815,26.10000,26.90000,76.40000,75.00000,52,,,,
2025-11-28T17:05:32+07:00,1816,26.10000,26.90000,76.30000,75.00000,52,,,,
2025-11-28T17:10:36+07:00,1817,26.00000,26.90000,76.30000,75.00000,52,,,,
2025-11-28T17:15:40+07:00,1818,26.00000,26.90000,76.20000,74.90000,52,,,,
2025-11-28T17:20:44+07:00,1819,26.00000,26.90000,76.20000,74.90000,52,,,,
2025-11-28T17:25:47+07:00,1820,26.00000,26.90000,76.10000,74.90000,52,,,,
2025-11-28T17:30:51+07:00,1821,26.00000,26.90000,76.10000,74.90000,53,,,,
2025-11-28T17:35:56+07:00,1822,26.00000,26.80000,76.00000,74.90000,52,,,,
2025-11-28T17:40:59+07:00,1823,25.90000,26.80000,76.00000,74.90000,52,,,,
2025-11-28T17:46:03+07:00,1824,25.90000,26.80000,75.90000,74.80000,52,,,,
2025-11-28T17:51:08+07:00,1825,25.90000,26.80000,75.90000,74.80000,52,,,,
2025-11-28T17:56:12+07:00,1826,25.90000,26.70000,75.80000,74.80000,52,,,,
2025-11-28T18:01:16+07:00,1827,25.80000,26.70000,75.70000,74.80000,52,,,,
2025-11-28T18:06:19+07:00,1828,25.80000,26.70000,75.70000,74.70000,52,,,,
2025-11-28T18:11:23+07:00,1829,25.80000,26.60000,75.60000,74.70000,52,,,,
2025-11-28T18:16:27+07:00,1830,25.80000,26.60000,75.50000,74.70000,52,,,,
2025-11-28T18:21:31+07:00,1831,25.80000,26.60000,75.50000,74.60001,53,,,,
2025-11-28T18:26:34+07:00,1832,25.70000,26.50000,75.40000,74.60001,52,,,,
2025-11-28T18:31:38+07:00,1833,25.70000,26.50000,75.30000,74.60001,53,,,,
2025-11-28T18:36:45+07:00,1834,25.70000,26.50000,75.30000,74.60001,52,,,,
2025-11-28T18:41:48+07:00,1835,25.60000,26.50000,75.20000,74.50000,52,,,,
2025-11-28T18:46:52+07:00,1836,25.60000,26.40000,75.20000,74.50000,52,,,,
2025-11-28T18:51:56+07:00,1837,25.60000,26.40000,75.10000,74.50000,53,,,,
2025-11-28T18:57:00+07:00,1838,25.60000,26.30000,75.00000,74.50000,52,,,,
2025-11-28T19:02:05+07:00,1839,25.60000,26.30000,75.00000,74.40000,52,,,,
2025-11-28T19:07:08+07:00,1840,25.50000,26.30000,74.90000,74.40000,52,,,,
2025-11-28T19:12:12+07:00,1841,25.50000,26.20000,74.80000,74.40000,52,,,,
2025-11-28T19:17:16+07:00,1842,25.50000,26.20000,74.80000,74.40000,52,,,,
2025-11-28T19:22:20+07:00,1843,25.50000,26.10000,74.70000,74.40000,53,,,,
2025-11-28T19:27:24+07:00,1844,25.40000,26.10000,74.70000,74.30000,52,,,,
2025-11-28T19:32:28+07:00,1845,25.40000,26.10000,74.60000,74.30000,53,,,,
2025-11-28T19:37:31+07:00,1846,25.40000,26.10000,74.60000,74.30000,53,,,,
2025-11-28T19:42:35+07:00,1847,25.40000,26.00000,74.50000,74.30000,52,,,,
2025-11-28T19:47:39+07:00,1848,25.30000,26.00000,74.50000,74.30000,53,,,,
2025-11-28T19:52:42+07:00,1849,25.30000,26.00000,74.40000,74.20000,52,,,,
2025-11-28T19:57:46+07:00,1850,25.30000,25.90000,74.40000,74.20000,52,,,,
2025-11-28T20:02:50+07:00,1851,25.30000,25.90000,74.30000,74.20000,52,,,,
2025-11-28T20:07:54+07:00,1852,25.20000,25.90000,74.30000,74.20000,53,,,,
2025-11-28T20:12:58+07:00,1853,25.20000,25.80000,74.20000,74.10001,52,,,,
2025-11-28T20:18:03+07:00,1854,25.20000,25.80000,74.20000,74.10001,52,,,,
2025-11-28T20:23:07+07:00,1855,25.10000,25.80000,74.10000,74.10001,52,,,,
2025-11-28T20:28:11+07:00,1856,25.10000,25.70000,74.00000,74.00000,52,,,,
2025-11-28T20:33:15+07:00,1857,25.10000,25.70000,74.00000,74.00000,52,,,,
2025-11-28T20:38:19+07:00,1858,25.10000,25.70000,74.00000,74.00000,52,,,,
2025-11-28T20:43:23+07:00,1859,25.00000,25.60000,73.90000,73.90000,52,,,,
2025-11-28T20:48:28+07:00,1860,25.00000,25.60000,73.90000,73.90000,52,,,,
2025-11-28T20:53:32+07:00,1861,25.00000,25.60000,73.90000,73.90000,52,,,,
2025-11-28T20:58:36+07:00,1862,24.90000,25.50000,73.80000,73.90000,52,,,,
2025-11-28T21:03:39+07:00,1863,24.90000,25.50000,73.70000,73.90000,52,,,,
2025-11-28T21:08:44+07:00,1864,24.90000,25.50000,73.70000,73.80000,52,,,,
2025-11-28T21:13:48+07:00,1865,24.90000,25.40000,73.70000,73.80000,52,,,,
2025-11-28T21:18:52+07:00,1866,24.90000,25.40000,73.60000,73.80000,52,,,,
2025-11-28T21:23:56+07:00,1867,24.80000,25.40000,73.60000,73.70000,52,,,,
2025-11-28T21:29:00+07:00,1868,24.80000,25.30000,73.60000,73.70000,52,,,,
2025-11-28T21:34:06+07:00,1869,24.80000,25.30000,73.50000,73.70000,52,,,,
2025-11-28T21:39:09+07:00,1870,24.80000,25.30000,73.50000,73.70000,52,,,,
2025-11-28T21:44:13+07:00,1871,24.70000,25.20000,73.50000,73.70000,52,,,,
2025-11-28T21:49:17+07:00,1872,24.70000,25.20000,73.40000,73.60001,52,,,,
2025-11-28T21:54:20+07:00,1873,24.70000,25.20000,73.30000,73.60001,52,,,,
2025-11-28T21:59:27+07:00,1874,24.70000,25.20000,73.30000,73.60001,52,,,,
2025-11-28T22:04:30+07:00,1875,24.70000,25.10000,73.30000,73.50000,52,,,,
2025-11-28T22:09:34+07:00,1876,24.60000,25.10000,73.20000,73.50000,52,,,,
2025-11-28T22:14:40+07:00,1877,24.60000,25.10000,73.20000,73.50000,52,,,,
2025-11-28T22:19:43+07:00,1878,24.60000,25.00000,73.10000,73.50000,52,,,,
2025-11-28T22:24:47+07:00,1879,24.60000,25.00000,73.10000,73.50000,52,,,,
2025-11-28T22:29:51+07:00,1880,24.60000,25.00000,73.10000,73.50000,52,,,,
2025-11-28T22:34:55+07:00,1881,24.60000,25.00000,73.10000,73.40000,52,,,,
2025-11-28T22:39:59+07:00,1882,24.50000,24.90000,73.00000,73.40000,52,,,,
2025-11-28T22:45:03+07:00,1883,24.50000,24.90000,73.00000,73.40000,52,,,,
2025-11-28T22:50:07+07:00,1884,24.50000,24.90000,72.90000,73.40000,52,,,,
2025-11-28T22:55:11+07:00,1885,24.50000,24.90000,72.90000,73.30000,52,,,,
2025-11-28T23:00:15+07:00,1886,24.50000,24.80000,72.90000,73.30000,52,,,,
2025-11-28T23:05:19+07:00,1887,24.40000,24.80000,72.90000,73.30000,52,,,,
2025-11-28T23:10:22+07:00,1888,24.40000,24.80000,72.80000,73.30000,52,,,,
2025-11-28T23:15:26+07:00,1889,24.40000,24.80000,72.80000,73.30000,52,,,,
2025-11-28T23:20:30+07:00,1890,24.40000,24.70000,72.80000,73.20000,52,,,,
2025-11-28T23:25:34+07:00,1891,24.40000,24.70000,72.70000,73.20000,52,,,,
2025-11-28T23:30:38+07:00,1892,24.40000,24.70000,72.70000,73.20000,52,,,,
2025-11-28T23:35:51+07:00,1893,24.30000,24.70000,72.70000,73.20000,52,,,,
2025-11-28T23:40:54+07:00,1894,24.30000,24.60000,72.70000,73.10001,52,,,,
2025-11-28T23:45:58+07:00,1895,24.30000,24.60000,72.60000,73.10001,52,,,,
2025-11-28T23:51:02+07:00,1896,24.30000,24.60000,72.60000,73.10001,52,,,,
2025-11-28T23:56:06+07:00,1897,24.30000,24.50000,72.60000,73.10001,52,,,,
2025-11-29T00:01:10+07:00,1898,24.30000,24.50000,72.50000,73.10001,52,,,,
2025-11-29T00:06:14+07:00,1899,24.20000,24.50000,72.50000,73.10001,52,,,,
2025-11-29T00:11:18+07:00,1900,24.20000,24.50000,72.50000,73.10001,52,,,,
2025-11-29T00:16:22+07:00,1901,24.20000,24.50000,72.50000,73.00000,52,,,,
2025-11-29T00:21:31+07:00,1902,24.20000,24.50000,72.40000,73.00000,52,,,,
2025-11-29T00:26:36+07:00,1903,24.20000,24.40000,72.50000,73.00000,52,,,,
2025-11-29T00:31:42+07:00,1904,24.20000,24.40000,72.40000,73.00000,52,,,,
2025-11-29T00:36:45+07:00,1905,24.10000,24.40000,72.40000,73.00000,52,,,,
2025-11-29T00:41:49+07:00,1906,24.10000,24.40000,72.40000,72.90000,52,,,,
2025-11-29T00:46:53+07:00,1907,24.10000,24.40000,72.30000,72.90000,52,,,,
2025-11-29T00:51:57+07:00,1908,24.10000,24.30000,72.40000,72.90000,52,,,,
2025-11-29T00:57:01+07:00,1909,24.10000,24.30000,72.40000,72.90000,52,,,,
2025-11-29T01:02:05+07:00,1910,24.10000,24.30000,72.40000,72.90000,52,,,,
2025-11-29T01:12:17+07:00,1911,24.10000,24.30000,72.30000,72.80000,52,,,,
2025-11-29T01:17:21+07:00,1912,24.00000,24.20000,72.30000,72.80000,52,,,,
2025-11-29T01:22:25+07:00,1913,24.00000,24.20000,72.20000,72.80000,52,,,,
2025-11-29T01:27:29+07:00,1914,24.00000,24.20000,72.30000,72.80000,52,,,,
2025-11-29T01:32:33+07:00,1915,24.00000,24.20000,72.20000,72.80000,52,,,,
2025-11-29T01:37:37+07:00,1916,24.00000,24.20000,72.20000,72.80000,52,,,,
2025-11-29T01:42:41+07:00,1917,23.90000,24.10000,72.20000,72.70000,52,,,,
2025-11-29T01:47:45+07:00,1918,23.90000,24.10000,72.10000,72.70000,52,,,,
2025-11-29T01:52:48+07:00,1919,23.90000,24.10000,72.10000,72.70000,52,,,,
2025-11-29T01:57:52+07:00,1920,23.90000,24.10000,72.10000,72.70000,52,,,,
2025-11-29T02:02:56+07:00,1921,23.90000,24.10000,72.10000,72.70000,52,,,,
2025-11-29T02:08:00+07:00,1922,23.90000,24.00000,72.10000,72.70000,52,,,,
2025-11-29T02:13:05+07:00,1923,23.80000,24.00000,72.10000,72.70000,52,,,,
2025-11-29T02:18:09+07:00,1924,23.80000,24.00000,72.00000,72.60001,52,,,,
2025-11-29T02:23:13+07:00,1925,23.80000,24.00000,72.00000,72.60001,52,,,,
2025-11-29T02:28:16+07:00,1926,23.80000,23.90000,72.00000,72.60001,52,,,,
2025-11-29T02:33:20+07:00,1927,23.80000,23.90000,72.00000,72.60001,52,,,,
2025-11-29T02:38:24+07:00,1928,23.70000,23.90000,72.00000,72.60001,52,,,,
2025-11-29T02:43:28+07:00,1929,23.70000,23.90000,71.90000,72.60001,52,,,,
2025-11-29T02:48:32+07:00,1930,23.70000,23.80000,71.90000,72.50000,52,,,,
2025-11-29T02:53:36+07:00,1931,23.70000,23.80000,71.90000,72.50000,52,,,,
2025-11-29T02:58:40+07:00,1932,23.70000,23.80000,71.90000,72.50000,52,,,,
2025-11-29T03:03:44+07:00,1933,23.60000,23.80000,71.80000,72.50000,52,,,,
2025-11-29T03:08:48+07:00,1934,23.60000,23.80000,71.80000,72.50000,52,,,,
2025-11-29T03:13:52+07:00,1935,23.60000,23.70000,71.80000,72.50000,52,,,,
2025-11-29T03:18:56+07:00,1936,23.60000,23.70000,71.80000,72.40000,52,,,,
2025-11-29T03:24:00+07:00,1937,23.60000,23.70000,71.70000,72.40000,52,,,,
2025-11-29T03:29:04+07:00,1938,23.50000,23.70000,71.70000,72.40000,52,,,,
2025-11-29T03:34:08+07:00,1939,23.50000,23.60000,71.70000,72.40000,52,,,,
2025-11-29T03:39:11+07:00,1940,23.50000,23.60000,71.70000,72.40000,52,,,,
2025-11-29T03:44:15+07:00,1941,23.50000,23.60000,71.70000,72.30000,52,,,,
2025-11-29T03:49:19+07:00,1942,23.50000,23.60000,71.60000,72.30000,52,,,,
2025-11-29T03:54:23+07:00,1943,23.40000,23.50000,71.60000,72.30000,52,,,,
2025-11-29T03:59:27+07:00,1944,23.40000,23.50000,71.60000,72.30000,52,,,,
2025-11-29T04:04:30+07:00,1945,23.40000,23.50000,71.60000,72.20000,52,,,,
2025-11-29T04:09:34+07:00,1946,23.40000,23.50000,71.50000,72.20000,52,,,,
2025-11-29T04:14:40+07:00,1947,23.40000,23.40000,71.60000,72.20000,52,,,,
2025-11-29T04:19:43+07:00,1948,23.30000,23.40000,71.50000,72.20000,52,,,,
2025-11-29T04:24:47+07:00,1949,23.30000,23.40000,71.50000,72.20000,52,,,,
2025-11-29T04:29:51+07:00,1950,23.30000,23.40000,71.50000,72.20000,52,,,,
2025-11-29T04:34:55+07:00,1951,23.30000,23.30000,71.50000,72.20000,52,,,,
2025-11-29T04:39:58+07:00,1952,23.30000,23.30000,71.50000,72.20000,52,,,,
2025-11-29T04:45:03+07:00,1953,23.30000,23.30000,71.40000,72.20000,52,,,,
2025-11-29T04:50:07+07:00,1954,23.20000,23.30000,71.40000,72.20000,52,,,,
2025-11-29T04:55:10+07:00,1955,23.20000,23.20000,71.40000,72.20000,52,,,,
2025-11-29T05:00:14+07:00,1956,23.20000,23.20000,71.40000,72.20000,52,,,,
2025-11-29T05:05:18+07:00,1957,23.20000,23.20000,71.40000,72.20000,52,,,,
2025-11-29T05:10:22+07:00,1958,23.20000,23.20000,71.30000,72.10001,52,,,,
2025-11-29T05:15:26+07:00,1959,23.20000,23.20000,71.30000,72.10001,52,,,,
2025-11-29T05:20:30+07:00,1960,23.10000,23.20000,71.40000,72.10001,52,,,,
2025-11-29T05:25:34+07:00,1961,23.10000,23.20000,71.30000,72.10001,52,,,,
2025-11-29T05:30:38+07:00,1962,23.10000,23.10000,71.30000,72.10001,52,,,,
2025-11-29T05:35:42+07:00,1963,23.10000,23.10000,71.20000,72.10001,52,,,,
2025-11-29T05:40:45+07:00,1964,23.10000,23.10000,71.20000,72.10001,52,,,,
2025-11-29T05:45:49+07:00,1965,23.10000,23.10000,71.20000,72.10001,52,,,,
2025-11-29T05:50:53+07:00,1966,23.00000,23.10000,71.10000,72.00000,52,,,,
2025-11-29T05:55:57+07:00,1967,23.00000,23.10000,71.20000,72.00000,52,,,,
2025-11-29T06:01:04+07:00,1968,23.00000,23.00000,71.20000,72.00000,52,,,,
2025-11-29T06:06:07+07:00,1969,23.00000,23.00000,71.20000,72.00000,52,,,,
2025-11-29T06:11:11+07:00,1970,23.00000,23.00000,71.20000,72.00000,52,,,,
2025-11-29T06:16:15+07:00,1971,23.00000,23.00000,71.20000,72.00000,52,,,,
2025-11-29T06:21:18+07:00,1972,22.90000,23.00000,71.20000,72.00000,52,,,,
2025-11-29T06:26:22+07:00,1973,22.90000,23.00000,71.10000,72.00000,52,,,,
2025-11-29T06:31:28+07:00,1974,23.00000,22.90000,71.20000,72.00000,52,,,,
2025-11-29T06:36:31+07:00,1975,23.00000,22.90000,71.10000,72.00000,52,,,,
2025-11-29T06:41:35+07:00,1976,23.00000,22.90000,71.10000,72.00000,52,,,,
2025-11-29T06:46:41+07:00,1977,23.00000,22.90000,71.10000,72.00000,52,,,,
2025-11-29T06:51:44+07:00,1978,23.00000,22.90000,71.10000,72.00000,52,,,,
2025-11-29T06:56:48+07:00,1979,23.00000,22.90000,71.10000,72.10001,52,,,,
2025-11-29T07:01:52+07:00,1980,23.00000,23.00000,71.10000,72.10001,52,,,,
2025-11-29T07:06:56+07:00,1981,23.00000,23.00000,71.10000,72.10001,52,,,,
2025-11-29T07:12:01+07:00,1982,23.00000,23.00000,71.10000,72.10001,52,,,,
2025-11-29T07:17:05+07:00,1983,23.00000,23.00000,71.10000,72.10001,52,,,,
2025-11-29T07:22:08+07:00,1984,23.10000,23.00000,71.10000,72.20000,52,,,,
2025-11-29T07:27:12+07:00,1985,23.10000,23.00000,71.10000,72.20000,52,,,,
2025-11-29T07:32:16+07:00,1986,23.10000,23.10000,71.10000,72.20000,52,,,,
2025-11-29T07:37:20+07:00,1987,23.10000,23.10000,71.10000,72.20000,52,,,,
2025-11-29T07:42:24+07:00,1988,23.10000,23.10000,71.10000,72.20000,52,,,,
2025-11-29T07:47:28+07:00,1989,23.20000,23.10000,71.20000,72.30000,52,,,,
2025-11-29T07:52:32+07:00,1990,23.20000,23.20000,71.20000,72.30000,52,,,,
2025-11-29T07:57:36+07:00,1991,23.20000,23.20000,71.20000,72.30000,52,,,,
2025-11-29T08:02:40+07:00,1992,23.20000,23.20000,71.20000,72.30000,52,,,,
2025-11-29T08:07:46+07:00,1993,23.20000,23.20000,71.30000,72.30000,52,,,,
2025-11-29T08:12:49+07:00,1994,23.30000,23.30000,71.30000,72.30000,52,,,,
2025-11-29T08:17:53+07:00,1995,23.30000,23.30000,71.30000,72.40000,52,,,,
2025-11-29T08:22:57+07:00,1996,23.30000,23.30000,71.30000,72.40000,52,,,,
2025-11-29T08:28:00+07:00,1997,23.30000,23.40000,71.30000,72.40000,52,,,,
2025-11-29T08:33:05+07:00,1998,23.30000,23.40000,71.40000,72.40000,52,,,,
2025-11-29T08:38:08+07:00,1999,23.40000,23.50000,71.40000,72.50000,52,,,,
2025-11-29T08:43:12+07:00,2000,23.40000,23.50000,71.40000,72.50000,52,,,,
2025-11-29T08:48:16+07:00,2001,23.40000,23.50000,71.50000,72.50000,52,,,,
2025-11-29T08:53:20+07:00,2002,23.50000,23.60000,71.50000,72.50000,52,,,,
2025-11-29T08:58:24+07:00,2003,23.50000,23.60000,71.50000,72.60001,52,,,,
2025-11-29T09:03:28+07:00,2004,23.50000,23.60000,71.50000,72.60001,52,,,,
2025-11-29T09:08:32+07:00,2005,23.70000,23.80000,70.70000,72.20000,52,,,,
2025-11-29T09:13:37+07:00,2006,23.90000,23.90000,69.90000,71.80000,52,,,,
2025-11-29T09:18:40+07:00,2007,24.10000,24.10000,69.40000,71.50000,52,,,,
2025-11-29T09:23:44+07:00,2008,24.30000,24.30000,68.70000,71.50000,52,,,,
2025-11-29T09:28:48+07:00,2009,24.50000,24.20000,69.10000,72.20000,52,,,,
2025-11-29T09:33:52+07:00,2010,24.60000,24.40000,68.40000,71.30000,51,,,,
2025-11-29T09:38:56+07:00,2011,24.80000,24.60000,68.10000,70.70000,52,,,,
2025-11-29T09:44:01+07:00,2012,24.80000,24.70000,68.30000,70.80000,52,,,,
2025-11-29T09:49:04+07:00,2013,25.00000,24.90000,68.40000,70.80000,52,,,,
2025-11-29T09:54:10+07:00,2014,25.10000,25.00000,67.90000,70.40000,52,,,,
2025-11-29T09:59:13+07:00,2015,25.20000,25.10000,66.20000,69.30000,52,,,,
2025-11-29T10:04:17+07:00,2016,25.30000,25.20000,66.90000,69.30000,52,,,,
2025-11-29T10:09:21+07:00,2017,25.40000,25.30000,66.10000,69.00000,51,,,,
2025-11-29T10:14:25+07:00,2018,25.50000,25.40000,65.50000,68.50000,52,,,,
2025-11-29T10:19:29+07:00,2019,25.70000,25.60000,64.50000,68.00000,52,,,,
2025-11-29T10:24:33+07:00,2020,25.90000,25.80000,62.10000,66.20000,52,,,,
2025-11-29T10:29:37+07:00,2021,26.00000,25.90000,62.50000,67.10001,52,,,,
2025-11-29T10:34:40+07:00,2022,26.10000,26.10000,63.20000,67.40000,51,,,,
2025-11-29T10:39:45+07:00,2023,26.30000,26.30000,61.00000,65.10001,52,,,,
2025-11-29T10:44:48+07:00,2024,26.40000,26.40000,60.80000,65.60001,52,,,,
2025-11-29T10:49:52+07:00,2025,26.50000,26.60000,62.30000,66.40000,52,,,,
2025-11-29T10:54:56+07:00,2026,26.60000,26.80000,61.70000,66.60001,52,,,,
2025-11-29T10:59:59+07:00,2027,26.70000,26.90000,63.10000,66.80000,52,,,,
2025-11-29T11:05:03+07:00,2028,26.80000,27.00000,60.40000,65.30000,52,,,,
2025-11-29T11:10:08+07:00,2029,26.90000,27.10000,61.70000,65.30000,51,,,,
2025-11-29T11:15:12+07:00,2030,27.00000,27.20000,61.00000,64.90000,52,,,,
2025-11-29T11:20:16+07:00,2031,27.10000,27.40000,60.60000,64.80000,52,,,,
2025-11-29T11:25:19+07:00,2032,27.10000,27.50000,62.50000,65.80000,52,,,,
2025-11-29T11:30:23+07:00,2033,27.20000,27.60000,60.70000,65.40000,52,,,,
2025-11-29T11:35:29+07:00,2034,27.20000,27.60000,61.00000,65.10001,52,,,,
2025-11-29T11:40:32+07:00,2035,27.30000,27.70000,61.50000,65.30000,52,,,,
2025-11-29T11:45:36+07:00,2036,27.30000,27.70000,60.70000,64.20000,51,,,,
2025-11-29T11:50:40+07:00,2037,27.30000,27.80000,61.70000,65.40000,52,,,,
2025-11-29T11:55:44+07:00,2038,27.30000,27.80000,62.10000,65.50000,52,,,,
2025-11-29T12:00:48+07:00,2039,27.30000,27.90000,62.10000,65.60001,52,,,,
2025-11-29T12:05:51+07:00,2040,27.30000,27.90000,62.10000,65.10001,52,,,,
2025-11-29T12:10:57+07:00,2041,27.30000,28.00000,61.40000,64.80000,52,,,,
2025-11-29T12:16:00+07:00,2042,27.30000,28.00000,61.60000,64.90000,52,,,,
2025-11-29T12:21:07+07:00,2043,27.40000,28.00000,61.60000,64.60001,52,,,,
2025-11-29T12:26:10+07:00,2044,27.40000,28.00000,60.30000,64.20000,51,,,,
2025-11-29T12:31:14+07:00,2045,27.50000,28.10000,60.40000,63.40000,52,,,,
2025-11-29T12:36:20+07:00,2046,27.50000,28.10000,59.20000,62.80000,52,,,,
2025-11-29T12:41:25+07:00,2047,27.50000,28.10000,61.00000,64.50000,52,,,,
2025-11-29T12:46:28+07:00,2048,27.50000,28.10000,62.10000,65.00000,51,,,,
2025-11-29T12:51:32+07:00,2049,27.50000,28.20000,62.30000,65.20000,52,,,,
2025-11-29T12:56:36+07:00,2050,27.60000,28.20000,62.70000,65.40000,52,,,,
2025-11-29T13:01:42+07:00,2051,27.60000,28.20000,62.50000,65.40000,52,,,,
2025-11-29T13:06:46+07:00,2052,27.50000,28.20000,62.10000,65.00000,51,,,,
2025-11-29T13:11:52+07:00,2053,27.50000,28.10000,62.40000,65.40000,51,,,,
2025-11-29T13:16:57+07:00,2054,27.50000,28.10000,62.30000,65.30000,51,,,,
2025-11-29T13:22:03+07:00,2055,27.50000,28.10000,62.70000,65.10001,51,,,,
2025-11-29T13:27:06+07:00,2056,27.60000,28.10000,62.90000,65.60001,51,,,,
2025-11-29T13:32:10+07:00,2057,27.60000,28.10000,62.40000,65.00000,51,,,,
2025-11-29T13:37:14+07:00,2058,27.60000,28.10000,63.10000,65.20000,52,,,,
2025-11-29T13:42:18+07:00,2059,27.60000,28.20000,62.00000,64.90000,51,,,,
2025-11-29T13:47:22+07:00,2060,27.60000,28.10000,61.80000,64.40000,51,,,,
2025-11-29T13:52:26+07:00,2061,27.70000,28.20000,61.70000,64.50000,51,,,,
2025-11-29T13:57:30+07:00,2062,27.70000,28.20000,60.20000,64.30000,51,,,,
2025-11-29T14:02:36+07:00,2063,27.70000,28.20000,60.40000,63.70000,51,,,,
2025-11-29T14:07:41+07:00,2064,27.80000,28.20000,60.70000,63.80000,51,,,,
2025-11-29T14:12:45+07:00,2065,27.80000,28.30000,61.20000,64.60001,51,,,,
2025-11-29T14:17:50+07:00,2066,27.80000,28.30000,61.10000,64.50000,52,,,,
2025-11-29T14:22:53+07:00,2067,27.80000,28.30000,61.50000,64.20000,52,,,,
2025-11-29T14:27:57+07:00,2068,27.80000,28.40000,62.10000,64.60001,52,,,,
2025-11-29T14:33:01+07:00,2069,27.80000,28.40000,61.20000,64.50000,51,,,,
2025-11-29T14:38:05+07:00,2070,27.80000,28.40000,61.90000,64.40000,52,,,,
2025-11-29T14:43:10+07:00,2071,27.80000,28.40000,61.40000,64.40000,51,,,,
2025-11-29T14:48:14+07:00,2072,27.80000,28.40000,62.00000,64.30000,51,,,,
2025-11-29T14:53:17+07:00,2073,27.80000,28.40000,61.40000,64.30000,52,,,,
2025-11-29T14:58:24+07:00,2074,27.80000,28.40000,60.30000,64.30000,52,,,,
2025-11-29T15:03:27+07:00,2075,27.80000,28.40000,61.30000,63.80000,51,,,,
2025-11-29T15:08:31+07:00,2076,27.80000,28.40000,59.80000,62.90000,51,,,,
2025-11-29T15:13:35+07:00,2077,27.90000,28.40000,60.80000,63.40000,52,,,,
2025-11-29T15:18:39+07:00,2078,27.90000,28.40000,61.00000,64.00000,51,,,,
2025-11-29T15:23:43+07:00,2079,27.90000,28.50000,61.70000,63.60000,52,,,,
2025-11-29T15:28:47+07:00,2080,27.90000,28.30000,59.90000,64.40000,52,,,,
2025-11-29T15:33:51+07:00,2081,27.90000,28.30000,60.50000,65.00000,52,,,,
2025-11-29T15:38:55+07:00,2082,27.80000,28.20000,60.00000,65.60001,51,,,,
2025-11-29T15:43:58+07:00,2083,27.80000,28.20000,60.40000,65.60001,51,,,,
2025-11-29T15:49:02+07:00,2084,27.80000,28.20000,61.00000,65.80000,51,,,,
2025-11-29T15:54:06+07:00,2085,27.80000,28.10000,60.90000,65.70000,52,,,,
2025-11-29T15:59:09+07:00,2086,27.70000,28.00000,60.70000,65.10001,51,,,,
2025-11-29T16:04:13+07:00,2087,27.70000,28.00000,61.30000,65.40000,52,,,,
2025-11-29T16:09:17+07:00,2088,27.70000,27.90000,61.20000,65.40000,52,,,,
2025-11-29T16:14:21+07:00,2089,27.60000,27.90000,61.30000,65.00000,51,,,,
2025-11-29T16:19:28+07:00,2090,27.70000,28.00000,61.50000,64.60001,51,,,,
2025-11-29T16:24:31+07:00,2091,27.60000,28.00000,61.30000,64.50000,51,,,,
2025-11-29T16:29:37+07:00,2092,27.60000,27.90000,61.40000,65.40000,51,,,,
2025-11-29T16:34:43+07:00,2093,27.40000,27.90000,62.40000,65.70000,51,,,,
2025-11-29T16:39:49+07:00,2094,27.30000,27.80000,63.20000,66.10001,51,,,,
2025-11-29T16:44:55+07:00,2095,27.20000,27.80000,63.70000,66.30000,51,,,,
2025-11-29T16:50:00+07:00,2096,27.20000,27.80000,64.00000,66.50000,51,,,,
2025-11-29T16:55:04+07:00,2097,27.10000,27.80000,64.30000,66.70000,51,,,,
2025-11-29T17:00:11+07:00,2098,27.10000,27.80000,64.50000,66.80000,51,,,,
2025-11-29T17:05:16+07:00,2099,27.10000,27.80000,64.70000,67.00000,51,,,,
2025-11-29T17:10:24+07:00,2100,27.10000,27.70000,64.90000,67.10001,51,,,,
2025-11-29T17:15:31+07:00,2101,27.00000,27.70000,65.10000,67.20000,51,,,,
2025-11-29T17:20:40+07:00,2102,27.00000,27.70000,65.20000,67.20000,51,,,,
2025-11-29T17:25:48+07:00,2103,27.00000,27.70000,65.30000,67.30000,51,,,,
2025-11-29T17:30:56+07:00,2104,26.90000,27.60000,65.40000,67.40000,51,,,,
2025-11-29T17:36:04+07:00,2105,26.90000,27.60000,65.50000,67.40000,51,,,,
2025-11-29T17:41:09+07:00,2106,26.80000,27.50000,65.50000,67.50000,51,,,,
2025-11-29T17:46:15+07:00,2107,26.80000,27.50000,65.60000,67.50000,51,,,,
2025-11-29T17:51:23+07:00,2108,26.80000,27.50000,65.60000,67.50000,51,,,,
2025-11-29T17:56:31+07:00,2109,26.70000,27.40000,65.70000,67.60001,51,,,,
2025-11-29T18:01:41+07:00,2110,26.70000,27.40000,65.70000,67.60001,51,,,,
2025-11-29T18:06:45+07:00,2111,26.60000,27.30000,65.70000,67.70000,51,,,,
2025-11-29T18:11:50+07:00,2112,26.60000,27.30000,65.80000,67.70000,51,,,,
2025-11-29T18:16:55+07:00,2113,26.50000,27.20000,65.80000,67.70000,51,,,,
2025-11-29T18:21:58+07:00,2114,26.50000,27.20000,65.80000,67.80000,51,,,,
2025-11-29T18:27:05+07:00,2115,26.40000,27.20000,65.80000,67.80000,51,,,,
2025-11-29T18:32:08+07:00,2116,26.40000,27.10000,65.80000,67.80000,51,,,,
2025-11-29T18:37:14+07:00,2117,26.30000,27.10000,65.80000,67.90000,51,,,,
2025-11-29T18:42:20+07:00,2118,26.30000,27.10000,65.80000,67.90000,51,,,,
2025-11-29T18:47:28+07:00,2119,26.30000,27.00000,65.90000,68.00000,51,,,,
2025-11-29T18:52:36+07:00,2120,26.30000,27.00000,65.90000,68.00000,51,,,,
2025-11-29T18:57:42+07:00,2121,26.20000,27.00000,65.90000,68.00000,51,,,,
2025-11-29T19:02:48+07:00,2122,26.20000,26.90000,65.90000,68.00000,51,,,,
2025-11-29T19:07:51+07:00,2123,26.20000,26.90000,65.90000,68.10001,51,,,,
2025-11-29T19:12:55+07:00,2124,26.20000,26.90000,65.90000,68.10001,51,,,,
2025-11-29T19:18:01+07:00,2125,26.10000,26.90000,65.90000,68.10001,51,,,,
2025-11-29T19:23:07+07:00,2126,26.10000,26.80000,65.90000,68.10001,51,,,,
2025-11-29T19:28:15+07:00,2127,26.10000,26.80000,66.00000,68.20000,51,,,,
2025-11-29T19:33:22+07:00,2128,26.00000,26.80000,66.00000,68.20000,51,,,,
2025-11-29T19:38:27+07:00,2129,26.00000,26.70000,66.00000,68.10001,51,,,,
2025-11-29T19:43:33+07:00,2130,26.00000,26.70000,65.90000,68.20000,51,,,,
2025-11-29T19:48:39+07:00,2131,25.90000,26.60000,65.90000,68.10001,51,,,,
2025-11-29T19:53:45+07:00,2132,25.90000,26.60000,65.90000,68.10001,51,,,,
2025-11-29T19:58:53+07:00,2133,25.80000,26.50000,65.90000,68.10001,51,,,,
2025-11-29T20:04:01+07:00,2134,25.80000,26.50000,65.80000,68.10001,51,,,,
2025-11-29T20:09:07+07:00,2135,25.70000,26.40000,65.80000,68.20000,51,,,,
2025-11-29T20:14:13+07:00,2136,25.70000,26.40000,65.80000,68.30000,51,,,,
2025-11-29T20:19:19+07:00,2137,25.60000,26.40000,65.70000,68.30000,51,,,,
2025-11-29T20:24:26+07:00,2138,25.60000,26.30000,65.70000,68.30000,51,,,,
2025-11-29T20:29:34+07:00,2139,25.60000,26.20000,65.70000,68.40000,51,,,,
2025-11-29T20:34:42+07:00,2140,25.50000,26.20000,65.70000,68.40000,51,,,,
2025-11-29T20:39:50+07:00,2141,25.50000,26.20000,65.70000,68.40000,51,,,,
2025-11-29T20:44:59+07:00,2142,25.40000,26.10000,65.70000,68.50000,51,,,,
2025-11-29T20:50:07+07:00,2143,25.40000,26.10000,65.70000,68.50000,51,,,,
2025-11-29T20:55:13+07:00,2144,25.30000,26.00000,65.60000,68.50000,51,,,,
2025-11-29T21:00:19+07:00,2145,25.30000,26.00000,65.60000,68.60001,51,,,,
2025-11-29T21:05:24+07:00,2146,25.30000,26.00000,65.60000,68.60001,51,,,,
2025-11-29T21:10:32+07:00,2147,25.20000,25.90000,65.60000,68.60001,51,,,,
2025-11-29T21:15:38+07:00,2148,25.20000,25.90000,65.60000,68.60001,51,,,,
2025-11-29T21:20:45+07:00,2149,25.20000,25.80000,65.60000,68.70000,51,,,,
2025-11-29T21:25:50+07:00,2150,25.20000,25.80000,65.50000,68.70000,51,,,,
2025-11-29T21:30:58+07:00,2151,25.10000,25.70000,65.50000,68.70000,51,,,,
2025-11-29T21:36:06+07:00,2152,25.10000,25.70000,65.50000,68.70000,51,,,,
2025-11-29T21:41:14+07:00,2153,25.10000,25.70000,65.50000,68.70000,51,,,,
2025-11-29T21:46:21+07:00,2154,25.00000,25.60000,65.50000,68.80000,51,,,,
2025-11-29T21:51:29+07:00,2155,25.00000,25.60000,65.40000,68.80000,51,,,,
2025-11-29T21:56:37+07:00,2156,25.00000,25.60000,65.40000,68.80000,51,,,,
2025-11-29T22:01:43+07:00,2157,24.90000,25.50000,65.40000,68.80000,51,,,,
2025-11-29T22:06:48+07:00,2158,24.90000,25.50000,65.30000,68.90000,51,,,,
2025-11-29T22:11:52+07:00,2159,24.90000,25.50000,65.30000,68.90000,51,,,,
2025-11-29T22:16:58+07:00,2160,24.80000,25.40000,65.30000,68.90000,51,,,,
2025-11-29T22:22:03+07:00,2161,24.80000,25.40000,65.30000,68.90000,51,,,,
2025-11-29T22:27:07+07:00,2162,24.80000,25.30000,65.30000,68.90000,51,,,,
2025-11-29T22:32:13+07:00,2163,24.80000,25.30000,65.30000,68.90000,51,,,,
2025-11-29T22:37:16+07:00,2164,24.70000,25.30000,65.30000,68.90000,51,,,,
2025-11-29T22:42:26+07:00,2165,24.70000,25.30000,65.30000,69.00000,51,,,,
2025-11-29T22:47:30+07:00,2166,24.70000,25.20000,65.20000,69.00000,51,,,,
2025-11-29T22:52:37+07:00,2167,24.70000,25.20000,65.20000,69.00000,51,,,,
2025-11-29T22:57:45+07:00,2168,24.60000,25.20000,65.20000,69.00000,51,,,,
2025-11-29T23:02:51+07:00,2169,24.60000,25.20000,65.20000,69.00000,51,,,,
2025-11-29T23:07:54+07:00,2170,24.60000,25.10000,65.20000,69.00000,51,,,,
2025-11-29T23:12:58+07:00,2171,24.60000,25.10000,65.20000,69.00000,51,,,,
2025-11-29T23:18:01+07:00,2172,24.60000,25.10000,65.10000,69.00000,51,,,,
2025-11-29T23:23:05+07:00,2173,24.50000,25.00000,65.10000,69.00000,51,,,,
2025-11-29T23:28:12+07:00,2174,24.50000,25.00000,65.10000,69.00000,51,,,,
2025-11-29T23:33:17+07:00,2175,24.50000,25.00000,65.10000,69.00000,51,,,,
2025-11-29T23:38:25+07:00,2176,24.50000,25.00000,65.10000,69.10001,51,,,,
2025-11-29T23:43:30+07:00,2177,24.40000,24.90000,65.10000,69.10001,51,,,,
2025-11-29T23:48:36+07:00,2178,24.40000,24.90000,65.10000,69.10001,51,,,,
2025-11-29T23:53:41+07:00,2179,24.40000,24.90000,65.10000,69.10001,51,,,,
2025-11-29T23:58:51+07:00,2180,24.40000,24.80000,65.10000,69.10001,51,,,,
2025-11-30T00:03:56+07:00,2181,24.40000,24.80000,65.00000,69.10001,51,,,,
2025-11-30T00:14:09+07:00,2182,24.30000,24.80000,65.00000,69.10001,51,,,,
2025-11-30T00:19:16+07:00,2183,24.30000,24.70000,65.00000,69.00000,51,,,,
2025-11-30T00:24:20+07:00,2184,24.30000,24.70000,65.00000,69.10001,51,,,,
2025-11-30T00:29:25+07:00,2185,24.20000,24.70000,65.00000,69.10001,51,,,,
2025-11-30T00:34:33+07:00,2186,24.20000,24.70000,64.90000,69.00000,51,,,,
2025-11-30T00:39:41+07:00,2187,24.20000,24.60000,64.90000,69.00000,51,,,,
2025-11-30T00:44:48+07:00,2188,24.20000,24.60000,64.90000,69.00000,51,,,,
2025-11-30T00:49:56+07:00,2189,24.20000,24.60000,64.90000,69.10001,51,,,,
2025-11-30T00:55:07+07:00,2190,24.10000,24.50000,64.90000,69.00000,51,,,,
2025-11-30T01:00:15+07:00,2191,24.10000,24.50000,64.90000,69.00000,51,,,,
2025-11-30T01:05:23+07:00,2192,24.10000,24.50000,65.00000,69.00000,51,,,,
2025-11-30T01:10:30+07:00,2193,24.10000,24.50000,64.90000,69.00000,51,,,,
2025-11-30T01:15:33+07:00,2194,24.10000,24.40000,64.90000,69.00000,51,,,,
2025-11-30T01:20:39+07:00,2195,24.10000,24.40000,65.00000,69.00000,51,,,,
2025-11-30T01:35:59+07:00,2196,24.00000,24.30000,65.00000,68.90000,51,,,,
2025-11-30T01:41:08+07:00,2197,24.00000,24.30000,65.00000,68.90000,51,,,,
2025-11-30T01:46:16+07:00,2198,23.90000,24.30000,65.00000,68.90000,51,,,,
2025-11-30T01:51:23+07:00,2199,23.90000,24.30000,65.00000,68.90000,51,,,,
2025-11-30T01:56:28+07:00,2200,23.90000,24.30000,65.00000,68.90000,51,,,,
2025-11-30T02:01:36+07:00,2201,23.90000,24.20000,64.90000,68.90000,51,,,,
2025-11-30T02:06:44+07:00,2202,23.80000,24.20000,64.90000,68.80000,51,,,,
2025-11-30T02:11:53+07:00,2203,23.90000,24.20000,64.90000,68.80000,51,,,,
2025-11-30T02:16:59+07:00,2204,23.80000,24.10000,64.90000,68.80000,51,,,,
2025-11-30T02:22:02+07:00,2205,23.80000,24.10000,64.90000,68.80000,51,,,,
2025-11-30T02:27:08+07:00,2206,23.80000,24.10000,64.90000,68.80000,51,,,,
2025-11-30T02:32:11+07:00,2207,23.80000,24.10000,64.90000,68.80000,51,,,,
2025-11-30T02:37:17+07:00,2208,23.80000,24.10000,64.90000,68.80000,51,,,,
2025-11-30T02:42:22+07:00,2209,23.70000,24.00000,64.90000,68.70000,51,,,,
2025-11-30T02:47:30+07:00,2210,23.70000,24.00000,64.90000,68.70000,51,,,,
2025-11-30T02:52:41+07:00,2211,23.70000,24.00000,64.90000,68.60001,51,,,,
2025-11-30T02:57:46+07:00,2212,23.70000,24.00000,64.90000,68.60001,51,,,,
2025-11-30T03:02:53+07:00,2213,23.70000,23.90000,64.90000,68.60001,51,,,,
2025-11-30T03:07:58+07:00,2214,23.70000,23.90000,64.90000,68.50000,51,,,,
2025-11-30T03:13:06+07:00,2215,23.60000,23.90000,64.90000,68.50000,51,,,,
2025-11-30T03:23:18+07:00,2216,23.60000,23.80000,64.90000,68.40000,51,,,,
2025-11-30T03:28:26+07:00,2217,23.60000,23.80000,64.90000,68.40000,51,,,,
2025-11-30T03:33:34+07:00,2218,23.60000,23.80000,64.80000,68.40000,51,,,,
2025-11-30T03:38:41+07:00,2219,23.50000,23.80000,64.80000,68.40000,51,,,,
2025-11-30T03:43:45+07:00,2220,23.50000,23.70000,64.80000,68.30000,51,,,,
2025-11-30T03:48:50+07:00,2221,23.50000,23.70000,64.80000,68.30000,51,,,,
2025-11-30T03:53:53+07:00,2222,23.50000,23.70000,64.80000,68.30000,51,,,,
2025-11-30T03:58:58+07:00,2223,23.50000,23.70000,64.80000,68.20000,51,,,,
2025-11-30T04:04:03+07:00,2224,23.50000,23.70000,64.80000,68.20000,51,,,,
2025-11-30T04:09:06+07:00,2225,23.40000,23.60000,64.80000,68.20000,51,,,,
2025-11-30T04:14:12+07:00,2226,23.40000,23.60000,64.80000,68.20000,51,,,,
2025-11-30T04:19:17+07:00,2227,23.40000,23.60000,64.80000,68.20000,51,,,,
2025-11-30T04:24:21+07:00,2228,23.40000,23.60000,64.80000,68.10001,51,,,,
2025-11-30T04:29:27+07:00,2229,23.40000,23.50000,64.80000,68.10001,51,,,,
2025-11-30T04:34:32+07:00,2230,23.40000,23.50000,64.80000,68.10001,51,,,,
2025-11-30T04:39:40+07:00,2231,23.30000,23.50000,64.80000,68.00000,51,,,,
2025-11-30T04:44:45+07:00,2232,23.30000,23.50000,64.80000,68.00000,51,,,,
2025-11-30T04:49:53+07:00,2233,23.30000,23.50000,64.80000,68.00000,51,,,,
2025-11-30T04:55:01+07:00,2234,23.30000,23.50000,64.80000,68.00000,51,,,,
2025-11-30T05:00:09+07:00,2235,23.30000,23.40000,64.80000,68.00000,51,,,,
2025-11-30T05:05:17+07:00,2236,23.20000,23.40000,64.80000,67.90000,51,,,,
2025-11-30T05:10:25+07:00,2237,23.20000,23.40000,64.70000,67.90000,51,,,,
2025-11-30T05:15:33+07:00,2238,23.20000,23.40000,64.70000,67.80000,51,,,,
2025-11-30T05:25:46+07:00,2239,23.20000,23.30000,64.70000,67.80000,51,,,,
2025-11-30T05:30:53+07:00,2240,23.20000,23.30000,64.70000,67.80000,51,,,,
2025-11-30T05:41:07+07:00,2241,23.10000,23.30000,64.70000,67.70000,51,,,,
2025-11-30T05:46:13+07:00,2242,23.10000,23.30000,64.70000,67.70000,51,,,,
2025-11-30T05:51:21+07:00,2243,23.10000,23.20000,64.70000,67.70000,51,,,,
2025-11-30T05:56:26+07:00,2244,23.10000,23.20000,64.70000,67.70000,51,,,,
2025-11-30T06:01:30+07:00,2245,23.10000,23.20000,64.70000,67.70000,51,,,,
2025-11-30T06:06:36+07:00,2246,23.10000,23.20000,64.70000,67.60001,51,,,,
2025-11-30T06:11:44+07:00,2247,23.10000,23.20000,64.70000,67.60001,51,,,,
2025-11-30T06:16:52+07:00,2248,23.10000,23.20000,64.70000,67.60001,51,,,,
2025-11-30T06:22:00+07:00,2249,23.10000,23.20000,64.70000,67.60001,51,,,,
2025-11-30T06:27:08+07:00,2250,23.10000,23.10000,64.70000,67.60001,51,,,,
2025-11-30T06:32:16+07:00,2251,23.10000,23.10000,64.70000,67.60001,51,,,,
2025-11-30T06:37:24+07:00,2252,23.10000,23.10000,64.70000,67.60001,51,,,,
2025-11-30T06:42:31+07:00,2253,23.10000,23.20000,64.80000,67.60001,51,,,,
2025-11-30T06:47:42+07:00,2254,23.10000,23.20000,64.80000,67.60001,51,,,,
2025-11-30T06:52:50+07:00,2255,23.10000,23.20000,64.80000,67.60001,51,,,,
2025-11-30T06:57:57+07:00,2256,23.10000,23.20000,64.80000,67.60001,51,,,,
2025-11-30T07:03:02+07:00,2257,23.10000,23.20000,64.80000,67.60001,51,,,,
2025-11-30T07:08:08+07:00,2258,23.20000,23.20000,64.80000,67.60001,51,,,,
2025-11-30T07:13:11+07:00,2259,23.20000,23.20000,64.90000,67.60001,51,,,,
2025-11-30T07:18:17+07:00,2260,23.20000,23.20000,64.90000,67.70000,51,,,,
2025-11-30T07:23:22+07:00,2261,23.20000,23.30000,64.90000,67.70000,51,,,,
2025-11-30T07:28:30+07:00,2262,23.20000,23.30000,64.90000,67.80000,51,,,,
2025-11-30T07:33:35+07:00,2263,23.30000,23.30000,65.00000,67.80000,51,,,,
2025-11-30T07:38:43+07:00,2264,23.30000,23.30000,65.00000,67.80000,51,,,,
2025-11-30T07:43:51+07:00,2265,23.30000,23.30000,65.00000,67.90000,51,,,,
2025-11-30T07:48:59+07:00,2266,23.30000,23.40000,65.10000,67.90000,51,,,,
2025-11-30T07:54:07+07:00,2267,23.40000,23.40000,65.10000,67.90000,51,,,,
2025-11-30T07:59:15+07:00,2268,23.40000,23.50000,65.10000,68.00000,51,,,,
2025-11-30T08:04:23+07:00,2269,23.50000,23.50000,65.20000,68.00000,51,,,,
2025-11-30T08:09:29+07:00,2270,23.50000,23.50000,65.20000,68.00000,51,,,,
2025-11-30T08:14:33+07:00,2271,23.50000,23.60000,65.20000,68.10001,51,,,,
2025-11-30T08:19:37+07:00,2272,23.50000,23.60000,65.20000,68.10001,51,,,,
2025-11-30T08:24:42+07:00,2273,23.60000,23.60000,65.30000,68.20000,51,,,,
2025-11-30T08:29:46+07:00,2274,23.60000,23.70000,65.30000,68.20000,51,,,,
2025-11-30T08:34:51+07:00,2275,23.60000,23.70000,65.40000,68.20000,51,,,,
2025-11-30T08:39:54+07:00,2276,23.70000,23.80000,65.40000,68.30000,51,,,,
2025-11-30T08:45:00+07:00,2277,23.70000,23.80000,65.50000,68.30000,51,,,,
2025-11-30T08:50:05+07:00,2278,23.70000,23.90000,65.50000,68.30000,51,,,,
2025-11-30T08:55:14+07:00,2279,23.80000,23.90000,65.60000,68.40000,51,,,,
2025-11-30T09:00:21+07:00,2280,23.80000,24.00000,65.60000,68.40000,51,,,,
2025-11-30T09:05:29+07:00,2281,23.80000,24.00000,65.60000,68.40000,51,,,,
2025-11-30T09:10:37+07:00,2282,23.90000,24.00000,65.70000,68.40000,51,,,,
2025-11-30T09:15:42+07:00,2283,23.90000,24.10000,65.80000,68.50000,51,,,,
2025-11-30T09:20:50+07:00,2284,23.90000,24.10000,65.80000,68.50000,51,,,,
2025-11-30T09:25:55+07:00,2285,24.00000,24.20000,65.80000,68.50000,51,,,,
2025-11-30T09:31:02+07:00,2286,24.00000,24.20000,65.90000,68.60001,51,,,,
2025-11-30T09:36:08+07:00,2287,24.10000,24.30000,65.90000,68.60001,51,,,,
2025-11-30T09:41:16+07:00,2288,24.10000,24.30000,65.90000,68.60001,51,,,,
2025-11-30T09:46:24+07:00,2289,24.20000,24.40000,65.90000,68.60001,51,,,,
2025-11-30T09:51:33+07:00,2290,24.20000,24.50000,65.90000,68.60001,51,,,,
2025-11-30T09:56:38+07:00,2291,24.30000,24.50000,66.00000,68.70000,51,,,,
2025-11-30T10:01:46+07:00,2292,24.30000,24.60000,66.00000,68.70000,51,,,,
2025-11-30T10:06:54+07:00,2293,24.40000,24.60000,66.00000,68.70000,50,,,,
2025-11-30T10:12:02+07:00,2294,24.40000,24.70000,66.00000,68.70000,51,,,,
2025-11-30T10:17:08+07:00,2295,24.40000,24.80000,66.00000,68.70000,51,,,,
2025-11-30T10:22:15+07:00,2296,24.50000,24.80000,66.00000,68.70000,51,,,,
2025-11-30T10:27:20+07:00,2297,24.50000,24.90000,66.10000,68.70000,51,,,,
2025-11-30T10:32:28+07:00,2298,24.60000,24.90000,66.10000,68.70000,51,,,,
2025-11-30T10:37:36+07:00,2299,24.60000,25.00000,66.10000,68.70000,51,,,,
2025-11-30T10:42:45+07:00,2300,24.70000,25.00000,66.20000,68.70000,50,,,,
2025-11-30T10:47:51+07:00,2301,24.70000,25.10000,66.20000,68.70000,50,,,,
2025-11-30T10:52:57+07:00,2302,24.80000,25.20000,66.20000,68.70000,51,,,,
2025-11-30T11:08:19+07:00,2303,24.90000,25.30000,66.30000,68.70000,50,,,,
2025-11-30T11:13:27+07:00,2304,24.90000,25.40000,66.40000,68.70000,50,,,,
2025-11-30T11:18:37+07:00,2305,24.90000,25.40000,66.40000,68.70000,50,,,,
2025-11-30T11:23:44+07:00,2306,25.00000,25.50000,66.50000,68.70000,50,,,,
2025-11-30T11:28:51+07:00,2307,25.00000,25.50000,66.50000,68.70000,50,,,,
2025-11-30T11:39:05+07:00,2308,25.10000,25.60000,66.60000,68.70000,50,,,,
2025-11-30T11:44:13+07:00,2309,25.10000,25.60000,66.60000,68.70000,50,,,,
2025-11-30T11:49:24+07:00,2310,25.10000,25.60000,66.70000,68.70000,50,,,,
2025-11-30T11:54:31+07:00,2311,25.10000,25.60000,66.70000,68.70000,50,,,,
2025-11-30T11:59:42+07:00,2312,25.10000,25.60000,66.80000,68.60001,51,,,,
2025-11-30T12:04:51+07:00,2313,25.10000,25.70000,66.80000,68.60001,51,,,,
2025-11-30T12:15:04+07:00,2314,25.10000,25.70000,66.80000,68.60001,51,,,,
2025-11-30T12:20:08+07:00,2315,25.10000,25.70000,66.90000,68.60001,51,,,,
2025-11-30T12:30:22+07:00,2316,25.10000,25.70000,66.90000,68.60001,50,,,,
2025-11-30T12:35:33+07:00,2317,25.10000,25.70000,66.90000,68.60001,51,,,,
2025-11-30T12:40:40+07:00,2318,25.10000,25.70000,66.90000,68.60001,50,,,,
2025-11-30T12:45:45+07:00,2319,25.10000,25.70000,66.90000,68.60001,50,,,,
2025-11-30T12:50:53+07:00,2320,25.10000,25.70000,67.00000,68.60001,50,,,,
2025-11-30T13:01:11+07:00,2321,25.10000,25.70000,67.00000,68.60001,51,,,,
2025-11-30T13:06:22+07:00,2322,25.10000,25.60000,67.00000,68.60001,50,,,,
2025-11-30T13:16:34+07:00,2323,25.10000,25.60000,67.00000,68.70000,50,,,,
2025-11-30T13:31:58+07:00,2324,25.10000,25.60000,66.90000,68.70000,51,,,,
2025-11-30T13:37:04+07:00,2325,25.10000,25.60000,66.90000,68.70000,50,,,,
2025-11-30T13:42:12+07:00,2326,25.10000,25.60000,66.90000,68.60001,50,,,,
2025-11-30T13:52:28+07:00,2327,25.00000,25.50000,66.90000,68.60001,50,,,,
2025-11-30T13:57:36+07:00,2328,25.00000,25.50000,66.90000,68.70000,50,,,,
2025-11-30T14:02:45+07:00,2329,25.00000,25.50000,66.90000,68.70000,50,,,,
2025-11-30T14:07:51+07:00,2330,25.00000,25.50000,66.90000,68.70000,50,,,,
2025-11-30T14:12:57+07:00,2331,25.00000,25.50000,66.90000,68.70000,50,,,,
2025-11-30T14:18:04+07:00,2332,25.00000,25.50000,66.90000,68.70000,50,,,,
2025-11-30T14:23:15+07:00,2333,25.00000,25.50000,66.90000,68.70000,50,,,,
2025-11-30T14:28:21+07:00,2334,25.00000,25.50000,66.90000,68.70000,50,,,,
2025-11-30T14:33:26+07:00,2335,25.00000,25.50000,66.90000,68.70000,50,,,,
2025-11-30T14:38:34+07:00,2336,25.00000,25.50000,66.90000,68.70000,50,,,,
2025-11-30T14:43:43+07:00,2337,25.10000,25.60000,66.90000,68.70000,50,,,,
2025-11-30T14:48:49+07:00,2338,25.10000,25.60000,66.90000,68.70000,50,,,,
2025-11-30T14:59:03+07:00,2339,25.10000,25.60000,66.90000,68.70000,50,,,,
2025-11-30T15:04:11+07:00,2340,25.10000,25.60000,67.00000,68.70000,51,,,,
2025-11-30T15:09:22+07:00,2341,25.10000,25.60000,67.00000,68.70000,50,,,,
2025-11-30T15:14:29+07:00,2342,25.10000,25.70000,67.00000,68.70000,50,,,,
2025-11-30T15:19:34+07:00,2343,25.10000,25.70000,67.00000,68.70000,50,,,,
2025-11-30T15:24:46+07:00,2344,25.20000,25.70000,67.10000,68.80000,50,,,,
2025-11-30T15:29:57+07:00,2345,25.20000,25.70000,67.10000,68.70000,50,,,,
2025-11-30T15:35:06+07:00,2346,25.20000,25.70000,67.10000,68.80000,50,,,,
2025-11-30T15:40:13+07:00,2347,25.20000,25.80000,67.10000,68.70000,50,,,,
2025-11-30T15:45:21+07:00,2348,25.20000,25.80000,67.10000,68.70000,50,,,,
2025-11-30T15:50:29+07:00,2349,25.20000,25.80000,67.20000,68.80000,50,,,,
2025-11-30T15:55:37+07:00,2350,25.20000,25.80000,67.20000,68.80000,50,,,,
2025-11-30T16:00:45+07:00,2351,25.30000,25.80000,67.20000,68.80000,50,,,,
2025-11-30T16:05:53+07:00,2352,25.30000,25.80000,67.20000,68.80000,50,,,,
2025-11-30T16:10:58+07:00,2353,25.30000,25.90000,67.20000,68.80000,50,,,,
2025-11-30T16:16:05+07:00,2354,25.30000,25.90000,67.20000,68.80000,50,,,,
2025-11-30T16:21:10+07:00,2355,25.30000,25.90000,67.20000,68.70000,50,,,,
2025-11-30T16:26:21+07:00,2356,25.40000,25.90000,67.30000,68.80000,50,,,,
2025-11-30T16:31:30+07:00,2357,25.40000,26.00000,67.30000,68.80000,50,,,,
2025-11-30T16:36:38+07:00,2358,25.40000,26.00000,67.30000,68.80000,50,,,,
2025-11-30T16:41:45+07:00,2359,25.40000,26.00000,67.40000,68.80000,50,,,,
2025-11-30T16:46:51+07:00,2360,25.40000,26.00000,67.40000,68.80000,50,,,,
2025-11-30T16:51:59+07:00,2361,25.50000,26.10000,67.50000,68.80000,50,,,,
2025-11-30T16:57:06+07:00,2362,25.50000,26.10000,67.50000,68.80000,50,,,,
2025-11-30T17:02:12+07:00,2363,25.50000,26.10000,67.50000,68.80000,50,,,,
2025-11-30T17:07:19+07:00,2364,25.50000,26.10000,67.50000,68.80000,50,,,,
2025-11-30T17:12:26+07:00,2365,25.50000,26.10000,67.50000,68.80000,50,,,,
2025-11-30T17:17:31+07:00,2366,25.50000,26.10000,67.60000,68.80000,50,,,,
2025-11-30T17:22:40+07:00,2367,25.60000,26.10000,67.60000,68.80000,50,,,,
2025-11-30T17:27:43+07:00,2368,25.60000,26.20000,67.60000,68.80000,50,,,,
2025-11-30T17:40:59+07:00,2369,25.60000,26.20000,67.60000,68.80000,50,,,,
2025-11-30T17:46:07+07:00,2370,25.60000,26.20000,67.70000,68.80000,50,,,,
2025-11-30T17:51:12+07:00,2371,25.60000,26.20000,67.80000,68.80000,50,,,,
2025-11-30T17:56:19+07:00,2372,25.60000,26.20000,67.80000,68.80000,50,,,,
2025-11-30T18:01:27+07:00,2373,25.60000,26.20000,67.80000,68.80000,50,,,,
2025-11-30T18:06:35+07:00,2374,25.60000,26.20000,67.70000,68.80000,50,,,,
2025-11-30T18:11:43+07:00,2375,25.60000,26.20000,67.70000,68.80000,50,,,,
2025-11-30T18:16:50+07:00,2376,25.60000,26.20000,67.70000,68.80000,50,,,,
2025-11-30T18:21:58+07:00,2377,25.60000,26.20000,67.60000,68.80000,50,,,,
2025-11-30T18:27:06+07:00,2378,25.60000,26.10000,67.60000,68.80000,50,,,,
2025-11-30T18:32:17+07:00,2379,25.60000,26.10000,67.60000,68.80000,50,,,,
2025-11-30T18:37:22+07:00,2380,25.60000,26.10000,67.50000,68.80000,50,,,,
2025-11-30T18:42:27+07:00,2381,25.50000,26.10000,67.50000,68.80000,50,,,,
2025-11-30T18:47:33+07:00,2382,25.50000,26.10000,67.50000,68.80000,50,,,,
2025-11-30T18:52:39+07:00,2383,25.50000,26.00000,67.40000,68.70000,50,,,,
2025-11-30T18:57:44+07:00,2384,25.50000,26.00000,67.40000,68.70000,50,,,,
2025-11-30T19:02:51+07:00,2385,25.40000,26.00000,67.40000,68.70000,50,,,,
2025-11-30T19:07:56+07:00,2386,25.40000,26.00000,67.40000,68.70000,50,,,,
2025-11-30T19:13:01+07:00,2387,25.40000,26.00000,67.40000,68.70000,50,,,,
2025-11-30T19:18:09+07:00,2388,25.40000,25.90000,67.30000,68.70000,50,,,,
2025-11-30T19:23:17+07:00,2389,25.40000,25.90000,67.30000,68.70000,50,,,,
2025-11-30T19:28:25+07:00,2390,25.30000,25.90000,67.30000,68.70000,49,,,,
2025-11-30T19:33:33+07:00,2391,25.30000,25.90000,67.30000,68.70000,50,,,,
2025-11-30T19:38:41+07:00,2392,25.30000,25.90000,67.20000,68.60001,50,,,,
2025-11-30T19:43:49+07:00,2393,25.30000,25.80000,67.20000,68.70000,50,,,,
2025-11-30T19:48:57+07:00,2394,25.30000,25.80000,67.20000,68.70000,50,,,,
2025-11-30T19:54:05+07:00,2395,25.20000,25.80000,67.20000,68.60001,50,,,,
2025-11-30T19:59:13+07:00,2396,25.20000,25.80000,67.20000,68.70000,49,,,,
2025-11-30T20:04:21+07:00,2397,25.20000,25.70000,67.10000,68.70000,50,,,,
2025-11-30T20:09:29+07:00,2398,25.20000,25.70000,67.10000,68.60001,50,,,,
2025-11-30T20:14:39+07:00,2399,25.20000,25.70000,67.10000,68.70000,50,,,,
2025-11-30T20:19:44+07:00,2400,25.10000,25.70000,67.10000,68.70000,50,,,,
2025-11-30T20:24:52+07:00,2401,25.10000,25.70000,67.10000,68.70000,50,,,,
2025-11-30T20:30:00+07:00,2402,25.10000,25.60000,67.10000,68.70000,50,,,,
2025-11-30T20:35:05+07:00,2403,25.10000,25.60000,67.10000,68.70000,50,,,,
2025-11-30T20:40:11+07:00,2404,25.10000,25.60000,67.00000,68.60001,49,,,,
2025-11-30T20:45:17+07:00,2405,25.10000,25.60000,67.00000,68.60001,50,,,,
2025-11-30T20:50:24+07:00,2406,25.10000,25.60000,67.00000,68.60001,49,,,,
2025-11-30T20:55:29+07:00,2407,25.00000,25.50000,67.00000,68.60001,50,,,,
2025-11-30T21:00:37+07:00,2408,25.00000,25.50000,66.90000,68.70000,50,,,,
2025-11-30T21:05:41+07:00,2409,25.00000,25.50000,66.90000,68.70000,49,,,,
2025-11-30T21:10:44+07:00,2410,25.00000,25.50000,66.90000,68.60001,50,,,,
2025-11-30T21:15:50+07:00,2411,25.00000,25.50000,66.90000,68.70000,49,,,,
2025-11-30T21:20:56+07:00,2412,25.00000,25.40000,66.90000,68.60001,49,,,,
2025-11-30T21:26:01+07:00,2413,24.90000,25.40000,66.80000,68.70000,50,,,,
2025-11-30T21:31:08+07:00,2414,24.90000,25.40000,66.80000,68.60001,49,,,,
2025-11-30T21:36:13+07:00,2415,24.90000,25.40000,66.80000,68.70000,50,,,,
2025-11-30T21:49:39+07:00,2416,24.90000,25.30000,66.80000,68.70000,49,,,,
2025-11-30T21:54:44+07:00,2417,24.90000,25.30000,66.70000,68.70000,50,,,,
2025-11-30T21:59:51+07:00,2418,24.80000,25.30000,66.70000,68.70000,49,,,,
2025-11-30T22:04:55+07:00,2419,24.80000,25.30000,66.70000,68.70000,49,,,,
2025-11-30T22:10:01+07:00,2420,24.80000,25.30000,66.70000,68.70000,49,,,,
2025-11-30T22:15:09+07:00,2421,24.80000,25.20000,66.70000,68.70000,49,,,,
2025-11-30T22:20:14+07:00,2422,24.80000,25.20000,66.70000,68.70000,49,,,,
2025-11-30T22:25:20+07:00,2423,24.70000,25.20000,66.70000,68.70000,49,,,,
2025-11-30T22:30:29+07:00,2424,24.70000,25.20000,66.70000,68.70000,49,,,,
2025-11-30T22:35:35+07:00,2425,24.70000,25.10000,66.60000,68.70000,49,,,,
2025-11-30T22:40:40+07:00,2426,24.70000,25.10000,66.50000,68.70000,49,,,,
2025-11-30T22:45:47+07:00,2427,24.60000,25.10000,66.40000,68.70000,49,,,,
2025-11-30T22:50:54+07:00,2428,24.70000,25.10000,66.40000,68.70000,49,,,,
2025-11-30T22:55:59+07:00,2429,24.60000,25.10000,66.40000,68.70000,49,,,,
2025-11-30T23:01:07+07:00,2430,24.60000,25.10000,66.40000,68.70000,49,,,,
2025-11-30T23:06:15+07:00,2431,24.60000,25.00000,66.40000,68.70000,49,,,,
2025-11-30T23:11:23+07:00,2432,24.60000,25.00000,66.30000,68.70000,49,,,,
2025-11-30T23:16:34+07:00,2433,24.50000,25.00000,66.40000,68.70000,49,,,,
2025-11-30T23:21:41+07:00,2434,24.50000,25.00000,66.30000,68.70000,49,,,,
2025-11-30T23:26:49+07:00,2435,24.60000,24.90000,66.40000,68.70000,49,,,,
2025-11-30T23:31:57+07:00,2436,24.50000,24.90000,66.30000,68.70000,49,,,,
2025-11-30T23:37:05+07:00,2437,24.50000,24.90000,66.30000,68.70000,49,,,,
2025-11-30T23:42:12+07:00,2438,24.50000,24.90000,66.30000,68.70000,49,,,,
2025-11-30T23:47:21+07:00,2439,24.50000,24.90000,66.30000,68.70000,49,,,,
2025-11-30T23:52:28+07:00,2440,24.50000,24.80000,66.30000,68.70000,49,,,,
2025-11-30T23:57:35+07:00,2441,24.40000,24.80000,66.30000,68.80000,49,,,,
2025-12-01T00:02:39+07:00,2442,24.40000,24.80000,66.30000,68.70000,49,,,,
2025-12-01T00:07:48+07:00,2443,24.40000,24.80000,66.30000,68.70000,49,,,,
2025-12-01T00:12:55+07:00,2444,24.40000,24.70000,66.30000,68.70000,49,,,,
2025-12-01T00:18:00+07:00,2445,24.40000,24.70000,66.20000,68.70000,49,,,,
2025-12-01T00:23:08+07:00,2446,24.30000,24.70000,66.20000,68.70000,49,,,,
2025-12-01T00:28:16+07:00,2447,24.30000,24.70000,66.20000,68.70000,49,,,,
2025-12-01T00:33:23+07:00,2448,24.30000,24.70000,66.20000,68.70000,49,,,,
2025-12-01T00:38:27+07:00,2449,24.30000,24.60000,66.20000,68.80000,49,,,,
2025-12-01T00:43:32+07:00,2450,24.30000,24.60000,66.20000,68.70000,49,,,,
2025-12-01T00:48:41+07:00,2451,24.30000,24.60000,66.20000,68.70000,49,,,,
2025-12-01T00:53:47+07:00,2452,24.20000,24.60000,66.20000,68.70000,49,,,,
2025-12-01T00:58:52+07:00,2453,24.20000,24.60000,66.20000,68.80000,49,,,,
2025-12-01T01:03:57+07:00,2454,24.20000,24.60000,66.20000,68.70000,49,,,,
2025-12-01T01:09:05+07:00,2455,24.20000,24.60000,66.10000,68.70000,49,,,,
2025-12-01T01:14:10+07:00,2456,24.20000,24.60000,66.10000,68.70000,49,,,,
2025-12-01T01:19:19+07:00,2457,24.20000,24.50000,66.10000,68.80000,49,,,,
2025-12-01T01:24:27+07:00,2458,24.20000,24.50000,66.10000,68.70000,49,,,,
2025-12-01T01:29:38+07:00,2459,24.20000,24.50000,66.10000,68.70000,49,,,,
2025-12-01T01:34:45+07:00,2460,24.20000,24.50000,66.10000,68.70000,49,,,,
2025-12-01T01:39:50+07:00,2461,24.20000,24.50000,66.10000,68.70000,49,,,,
2025-12-01T01:44:54+07:00,2462,24.20000,24.50000,66.10000,68.70000,49,,,,
2025-12-01T01:49:59+07:00,2463,24.20000,24.50000,66.10000,68.70000,49,,,,
2025-12-01T01:55:04+07:00,2464,24.20000,24.50000,66.10000,68.70000,49,,,,
2025-12-01T02:00:12+07:00,2465,24.20000,24.50000,66.10000,68.70000,49,,,,
2025-12-01T02:05:19+07:00,2466,24.20000,24.50000,66.10000,68.70000,49,,,,
2025-12-01T02:10:30+07:00,2467,24.20000,24.40000,66.10000,68.70000,49,,,,
2025-12-01T02:15:38+07:00,2468,24.20000,24.50000,66.10000,68.70000,49,,,,
2025-12-01T02:20:44+07:00,2469,24.20000,24.40000,66.00000,68.70000,49,,,,
2025-12-01T02:25:50+07:00,2470,24.10000,24.40000,66.10000,68.70000,49,,,,
2025-12-01T02:30:57+07:00,2471,24.10000,24.40000,66.10000,68.70000,49,,,,
2025-12-01T02:36:02+07:00,2472,24.20000,24.40000,66.10000,68.70000,49,,,,
2025-12-01T02:41:08+07:00,2473,24.20000,24.40000,66.00000,68.70000,49,,,,
2025-12-01T02:46:15+07:00,2474,24.10000,24.40000,66.00000,68.70000,49,,,,
2025-12-01T02:51:23+07:00,2475,24.10000,24.40000,66.10000,68.70000,49,,,,
2025-12-01T02:56:31+07:00,2476,24.10000,24.40000,66.00000,68.70000,49,,,,
2025-12-01T03:01:38+07:00,2477,24.10000,24.30000,66.00000,68.70000,49,,,,
2025-12-01T03:06:46+07:00,2478,24.10000,24.40000,66.00000,68.70000,49,,,,
2025-12-01T03:11:50+07:00,2479,24.10000,24.30000,66.00000,68.70000,49,,,,
2025-12-01T03:16:54+07:00,2480,24.10000,24.30000,66.00000,68.70000,49,,,,
2025-12-01T03:22:00+07:00,2481,24.10000,24.30000,66.00000,68.60001,49,,,,
2025-12-01T03:27:05+07:00,2482,24.00000,24.30000,66.00000,68.60001,49,,,,
2025-12-01T03:32:11+07:00,2483,24.00000,24.30000,66.00000,68.60001,49,,,,
2025-12-01T03:37:20+07:00,2484,24.00000,24.30000,65.90000,68.60001,49,,,,
2025-12-01T03:42:26+07:00,2485,24.00000,24.30000,65.90000,68.60001,49,,,,
2025-12-01T03:47:35+07:00,2486,24.00000,24.20000,65.90000,68.60001,49,,,,
2025-12-01T03:52:42+07:00,2487,24.00000,24.20000,65.90000,68.60001,49,,,,
2025-12-01T03:57:50+07:00,2488,23.90000,24.20000,65.90000,68.60001,49,,,,
2025-12-01T04:02:58+07:00,2489,23.90000,24.20000,65.90000,68.50000,49,,,,
2025-12-01T04:08:04+07:00,2490,23.90000,24.20000,65.90000,68.50000,49,,,,
2025-12-01T04:13:10+07:00,2491,23.90000,24.10000,65.80000,68.50000,49,,,,
2025-12-01T04:18:15+07:00,2492,23.90000,24.10000,65.80000,68.50000,49,,,,
2025-12-01T04:23:20+07:00,2493,23.90000,24.10000,65.80000,68.50000,49,,,,
2025-12-01T04:28:25+07:00,2494,23.80000,24.10000,65.90000,68.50000,49,,,,
2025-12-01T04:33:35+07:00,2495,23.80000,24.10000,65.80000,68.50000,49,,,,
2025-12-01T04:38:42+07:00,2496,23.80000,24.00000,65.80000,68.40000,49,,,,
2025-12-01T04:43:50+07:00,2497,23.80000,24.00000,65.70000,68.40000,48,,,,
2025-12-01T04:48:57+07:00,2498,23.80000,24.00000,65.80000,68.40000,49,,,,
2025-12-01T04:54:02+07:00,2499,23.80000,24.00000,65.80000,68.40000,49,,,,
2025-12-01T04:59:08+07:00,2500,23.70000,24.00000,65.80000,68.40000,49,,,,
2025-12-01T05:04:14+07:00,2501,23.70000,23.90000,65.80000,68.30000,49,,,,
2025-12-01T05:09:19+07:00,2502,23.70000,23.90000,65.80000,68.30000,49,,,,
2025-12-01T05:14:27+07:00,2503,23.70000,23.90000,65.70000,68.30000,49,,,,
2025-12-01T05:19:33+07:00,2504,23.70000,23.90000,65.70000,68.30000,49,,,,
2025-12-01T05:24:39+07:00,2505,23.70000,23.90000,65.70000,68.30000,49,,,,
2025-12-01T05:29:44+07:00,2506,23.60000,23.90000,65.70000,68.30000,49,,,,
2025-12-01T05:34:58+07:00,2507,23.60000,23.90000,65.70000,68.30000,49,,,,
2025-12-01T05:40:03+07:00,2508,23.60000,23.80000,65.70000,68.20000,49,,,,
2025-12-01T05:45:08+07:00,2509,23.60000,23.80000,65.70000,68.20000,48,,,,
2025-12-01T05:50:17+07:00,2510,23.60000,23.80000,65.60000,68.20000,49,,,,
2025-12-01T05:55:22+07:00,2511,23.60000,23.80000,65.70000,68.20000,48,,,,
2025-12-01T06:00:28+07:00,2512,23.60000,23.80000,65.70000,68.20000,48,,,,
2025-12-01T06:05:33+07:00,2513,23.60000,23.80000,65.70000,68.20000,48,,,,
2025-12-01T06:10:44+07:00,2514,23.60000,23.80000,65.70000,68.20000,49,,,,
2025-12-01T06:15:51+07:00,2515,23.60000,23.80000,65.70000,68.20000,49,,,,
2025-12-01T06:20:56+07:00,2516,23.60000,23.80000,65.70000,68.20000,49,,,,
2025-12-01T06:26:00+07:00,2517,23.60000,23.80000,65.70000,68.20000,48,,,,
2025-12-01T06:31:06+07:00,2518,23.60000,23.70000,65.70000,68.20000,48,,,,
2025-12-01T06:36:14+07:00,2519,23.60000,23.80000,65.70000,68.20000,48,,,,
2025-12-01T06:41:19+07:00,2520,23.60000,23.80000,65.80000,68.20000,48,,,,
2025-12-01T06:46:25+07:00,2521,23.60000,23.80000,65.80000,68.20000,49,,,,
2025-12-01T06:51:30+07:00,2522,23.70000,23.80000,65.80000,68.20000,48,,,,
2025-12-01T06:56:38+07:00,2523,23.70000,23.80000,65.70000,68.20000,49,,,,
2025-12-01T07:01:45+07:00,2524,23.70000,23.80000,65.80000,68.20000,49,,,,
2025-12-01T07:06:51+07:00,2525,23.70000,23.80000,65.80000,68.20000,48,,,,
2025-12-01T07:11:56+07:00,2526,23.70000,23.80000,65.70000,68.20000,48,,,,
2025-12-01T07:17:01+07:00,2527,23.70000,23.90000,65.80000,68.20000,49,,,,
2025-12-01T07:22:38+07:00,2528,23.70000,23.90000,65.80000,68.20000,48,,,,
2025-12-01T07:27:45+07:00,2529,23.70000,23.90000,65.80000,68.20000,48,,,,
2025-12-01T07:32:52+07:00,2530,23.80000,23.90000,65.80000,68.20000,48,,,,
2025-12-01T07:38:00+07:00,2531,23.80000,23.90000,65.80000,68.20000,48,,,,
2025-12-01T07:43:07+07:00,2532,23.80000,23.90000,65.80000,68.30000,48,,,,
2025-12-01T07:48:12+07:00,2533,23.80000,23.90000,65.80000,68.30000,48,,,,
2025-12-01T07:53:20+07:00,2534,23.80000,24.00000,65.80000,68.30000,48,,,,
2025-12-01T07:58:28+07:00,2535,23.80000,24.00000,65.90000,68.30000,48,,,,
2025-12-01T08:03:35+07:00,2536,23.80000,24.00000,65.90000,68.30000,48,,,,
2025-12-01T08:08:40+07:00,2537,23.90000,24.00000,65.90000,68.30000,48,,,,
2025-12-01T08:13:47+07:00,2538,23.90000,24.00000,65.90000,68.30000,48,,,,
2025-12-01T08:18:52+07:00,2539,23.90000,24.10000,66.00000,68.30000,48,,,,
2025-12-01T08:23:58+07:00,2540,23.90000,24.10000,66.00000,68.40000,48,,,,
2025-12-01T08:29:04+07:00,2541,24.00000,24.10000,66.00000,68.40000,48,,,,
2025-12-01T08:34:09+07:00,2542,24.00000,24.20000,66.10000,68.40000,48,,,,
2025-12-01T08:39:14+07:00,2543,24.00000,24.20000,66.10000,68.40000,48,,,,
2025-12-01T08:44:23+07:00,2544,24.00000,24.20000,66.10000,68.40000,48,,,,
2025-12-01T08:49:34+07:00,2545,24.10000,24.20000,66.10000,68.40000,48,,,,
2025-12-01T08:54:42+07:00,2546,24.10000,24.30000,66.20000,68.40000,48,,,,
2025-12-01T08:59:46+07:00,2547,24.10000,24.30000,66.20000,68.40000,48,,,,
2025-12-01T09:04:50+07:00,2548,24.10000,24.30000,66.20000,68.50000,48,,,,
2025-12-01T09:09:54+07:00,2549,24.20000,24.30000,66.20000,68.50000,48,,,,
2025-12-01T09:14:58+07:00,2550,24.20000,24.40000,66.20000,68.50000,48,,,,
2025-12-01T09:20:02+07:00,2551,24.20000,24.40000,66.20000,68.50000,48,,,,
2025-12-01T09:30:22+07:00,2552,24.30000,24.50000,66.20000,68.50000,48,,,,
2025-12-01T09:35:26+07:00,2553,24.30000,24.50000,66.30000,68.50000,48,,,,
2025-12-01T09:40:31+07:00,2554,24.30000,24.60000,66.30000,68.60001,48,,,,
2025-12-01T09:45:35+07:00,2555,24.30000,24.60000,66.30000,68.60001,48,,,,
2025-12-01T09:50:40+07:00,2556,24.40000,24.70000,66.30000,68.60001,48,,,,
2025-12-01T09:55:44+07:00,2557,24.40000,24.70000,66.30000,68.60001,48,,,,
2025-12-01T10:00:48+07:00,2558,24.40000,24.70000,66.30000,68.60001,48,,,,
2025-12-01T10:05:52+07:00,2559,24.50000,24.80000,66.30000,68.60001,48,,,,
2025-12-01T10:10:56+07:00,2560,24.50000,24.80000,66.30000,68.70000,48,,,,
2025-12-01T10:16:01+07:00,2561,24.50000,24.90000,66.40000,68.70000,48,,,,
2025-12-01T10:21:05+07:00,2562,24.60000,24.90000,66.50000,68.70000,48,,,,
2025-12-01T10:26:10+07:00,2563,24.60000,25.00000,66.60000,68.90000,48,,,,
2025-12-01T10:31:14+07:00,2564,24.90000,25.20000,68.90000,69.10001,48,,,,
2025-12-01T10:36:18+07:00,2565,25.30000,25.40000,69.70000,70.00000,48,,,,
2025-12-01T10:41:22+07:00,2566,25.70000,25.80000,68.70000,70.70000,48,,,,
2025-12-01T10:46:27+07:00,2567,25.90000,26.10000,68.70000,70.50000,48,,,,
2025-12-01T10:51:31+07:00,2568,26.00000,26.30000,68.20000,70.30000,48,,,,
2025-12-01T10:56:36+07:00,2569,26.20000,26.50000,67.50000,69.90000,48,,,,
2025-12-01T11:10:10+07:00,2570,26.50000,26.90000,67.40000,69.70000,48,,,,
2025-12-01T11:15:14+07:00,2571,26.60000,27.00000,67.00000,69.20000,48,,,,
2025-12-01T11:20:18+07:00,2572,26.70000,27.10000,67.50000,69.00000,48,,,,
2025-12-01T11:25:43+07:00,2573,26.80000,27.20000,67.20000,68.80000,48,,,,
2025-12-01T11:30:46+07:00,2574,26.90000,27.30000,66.30000,68.00000,48,,,,
2025-12-01T11:35:50+07:00,2575,27.00000,27.40000,66.00000,68.00000,48,,,,
2025-12-01T11:40:54+07:00,2576,27.00000,27.50000,65.60000,67.40000,48,,,,
2025-12-01T11:45:58+07:00,2577,27.10000,27.60000,64.50000,66.80000,48,,,,
2025-12-01T11:51:02+07:00,2578,27.10000,27.60000,65.50000,67.40000,48,,,,
2025-12-01T11:56:07+07:00,2579,27.20000,27.70000,65.20000,66.30000,48,,,,
2025-12-01T12:01:12+07:00,2580,27.20000,27.80000,63.40000,65.60001,48,,,,
2025-12-01T12:06:16+07:00,2581,27.20000,27.80000,64.70000,66.30000,48,,,,
2025-12-01T12:11:21+07:00,2582,27.20000,27.80000,63.00000,65.60001,48,,,,
2025-12-01T12:16:25+07:00,2583,27.20000,27.80000,64.50000,66.50000,48,,,,
2025-12-01T12:21:30+07:00,2584,27.20000,27.90000,65.00000,66.70000,48,,,,
2025-12-01T12:26:33+07:00,2585,27.20000,27.90000,64.90000,66.70000,48,,,,
2025-12-01T12:31:38+07:00,2586,27.30000,27.90000,64.00000,66.00000,48,,,,
2025-12-01T12:36:42+07:00,2587,27.30000,27.90000,64.70000,66.70000,48,,,,
2025-12-01T12:41:46+07:00,2588,27.30000,27.90000,64.80000,66.70000,48,,,,
2025-12-01T12:46:50+07:00,2589,27.30000,27.90000,63.90000,66.00000,48,,,,
2025-12-01T12:51:54+07:00,2590,27.20000,27.90000,63.40000,65.40000,48,,,,
2025-12-01T12:56:58+07:00,2591,27.20000,27.90000,63.80000,66.30000,48,,,,
2025-12-01T13:02:03+07:00,2592,27.20000,27.80000,64.00000,66.00000,48,,,,
2025-12-01T13:07:06+07:00,2593,27.20000,27.80000,64.40000,66.30000,48,,,,
2025-12-01T13:12:10+07:00,2594,27.20000,27.80000,64.30000,65.90000,48,,,,
2025-12-01T13:17:13+07:00,2595,27.20000,27.80000,64.80000,66.50000,48,,,,
2025-12-01T13:22:17+07:00,2596,27.10000,27.80000,65.00000,66.60001,48,,,,
2025-12-01T13:27:21+07:00,2597,27.10000,27.80000,65.10000,66.90000,48,,,,
2025-12-01T13:37:31+07:00,2598,27.10000,27.70000,64.50000,66.20000,48,,,,
2025-12-01T13:42:36+07:00,2599,27.20000,27.80000,65.10000,66.70000,48,,,,
2025-12-01T13:47:40+07:00,2600,27.20000,27.80000,65.30000,66.80000,48,,,,
2025-12-01T13:52:44+07:00,2601,27.20000,27.80000,65.50000,66.90000,48,,,,
2025-12-01T13:57:48+07:00,2602,27.30000,27.90000,65.50000,66.90000,48,,,,
2025-12-01T14:02:53+07:00,2603,27.30000,28.00000,65.30000,66.80000,48,,,,
2025-12-01T14:07:57+07:00,2604,27.30000,28.00000,65.30000,66.90000,48,,,,
2025-12-01T14:13:01+07:00,2605,27.40000,28.00000,65.40000,66.70000,48,,,,
2025-12-01T14:18:04+07:00,2606,27.50000,28.10000,65.50000,66.80000,48,,,,
2025-12-01T14:23:08+07:00,2607,27.50000,28.20000,65.10000,66.60001,48,,,,
2025-12-01T14:28:12+07:00,2608,27.50000,28.20000,64.70000,66.80000,48,,,,
2025-12-01T14:33:16+07:00,2609,27.50000,28.20000,63.90000,65.90000,48,,,,
2025-12-01T14:38:20+07:00,2610,27.50000,28.20000,64.10000,65.90000,48,,,,
2025-12-01T14:43:23+07:00,2611,27.50000,28.20000,64.20000,66.10001,48,,,,
2025-12-01T14:48:28+07:00,2612,27.40000,28.20000,63.60000,65.70000,48,,,,
2025-12-01T14:53:31+07:00,2613,27.40000,28.10000,63.30000,65.50000,48,,,,
2025-12-01T14:58:35+07:00,2614,27.50000,28.20000,64.20000,65.90000,48,,,,
2025-12-01T15:03:39+07:00,2615,27.40000,28.20000,63.70000,65.60001,48,,,,
2025-12-01T15:08:43+07:00,2616,27.40000,28.20000,64.00000,65.70000,48,,,,
2025-12-01T15:18:56+07:00,2617,27.40000,28.20000,63.90000,65.60001,48,,,,
2025-12-01T15:24:00+07:00,2618,27.40000,28.20000,64.20000,65.80000,48,,,,
2025-12-01T15:29:03+07:00,2619,27.50000,28.20000,64.90000,66.20000,48,,,,
2025-12-01T15:34:08+07:00,2620,27.50000,28.20000,65.10000,66.30000,48,,,,
2025-12-01T15:39:12+07:00,2621,27.50000,28.20000,65.20000,66.50000,48,,,,
2025-12-01T15:44:17+07:00,2622,27.50000,28.20000,65.40000,66.60001,48,,,,
2025-12-01T15:49:21+07:00,2623,27.50000,28.20000,66.10000,66.70000,48,,,,
2025-12-01T15:54:24+07:00,2624,27.50000,28.20000,65.50000,66.70000,48,,,,
2025-12-01T15:59:28+07:00,2625,27.50000,28.20000,65.70000,66.80000,48,,,,
2025-12-01T16:04:32+07:00,2626,27.40000,28.10000,65.30000,66.70000,48,,,,
2025-12-01T16:09:35+07:00,2627,27.40000,28.10000,65.30000,66.80000,47,,,,
2025-12-01T16:14:43+07:00,2628,27.40000,28.10000,65.60000,66.90000,48,,,,
2025-12-01T16:19:47+07:00,2629,27.40000,28.10000,65.70000,67.00000,48,,,,
2025-12-01T16:24:52+07:00,2630,27.40000,28.10000,65.70000,67.00000,48,,,,
2025-12-01T16:29:55+07:00,2631,27.40000,28.10000,65.70000,66.70000,48,,,,
2025-12-01T16:35:00+07:00,2632,27.30000,27.90000,65.10000,66.60001,48,,,,
2025-12-01T16:40:04+07:00,2633,27.20000,27.90000,65.20000,66.60001,47,,,,
2025-12-01T16:45:08+07:00,2634,27.20000,27.80000,65.40000,66.90000,48,,,,
2025-12-01T16:50:12+07:00,2635,27.20000,27.90000,65.20000,66.80000,47,,,,
2025-12-01T16:55:16+07:00,2636,27.20000,27.80000,65.40000,66.90000,47,,,,
2025-12-01T17:00:20+07:00,2637,27.10000,27.70000,64.70000,66.60001,47,,,,
2025-12-01T17:05:25+07:00,2638,27.00000,27.60000,64.80000,66.40000,47,,,,
2025-12-01T17:10:28+07:00,2639,27.00000,27.50000,64.80000,66.60001,47,,,,
2025-12-01T17:15:32+07:00,2640,26.90000,27.50000,65.00000,66.80000,47,,,,
2025-12-01T17:20:36+07:00,2641,26.90000,27.40000,65.50000,67.00000,47,,,,
2025-12-01T17:25:40+07:00,2642,26.90000,27.50000,65.80000,67.20000,47,,,,
2025-12-01T17:30:44+07:00,2643,26.90000,27.40000,65.60000,67.20000,47,,,,
2025-12-01T17:35:48+07:00,2644,26.80000,27.30000,65.60000,67.30000,48,,,,
2025-12-01T17:40:53+07:00,2645,26.80000,27.20000,66.00000,67.60001,47,,,,
2025-12-01T17:45:56+07:00,2646,26.60000,27.20000,66.50000,67.70000,48,,,,
2025-12-01T17:51:01+07:00,2647,26.50000,27.10000,66.70000,67.70000,47,,,,
2025-12-01T17:56:05+07:00,2648,26.50000,27.10000,66.80000,67.80000,47,,,,
2025-12-01T18:01:09+07:00,2649,26.40000,27.10000,67.00000,67.80000,47,,,,
2025-12-01T18:06:13+07:00,2650,26.40000,27.00000,67.00000,67.80000,47,,,,
2025-12-01T18:11:17+07:00,2651,26.30000,27.00000,67.00000,67.90000,47,,,,
2025-12-01T18:16:22+07:00,2652,26.30000,26.90000,67.00000,67.90000,47,,,,
2025-12-01T18:21:26+07:00,2653,26.20000,26.90000,67.00000,67.90000,47,,,,
2025-12-01T18:26:30+07:00,2654,26.20000,26.80000,67.00000,67.90000,47,,,,
2025-12-01T18:31:34+07:00,2655,26.10000,26.80000,67.10000,67.90000,47,,,,
2025-12-01T18:36:39+07:00,2656,26.10000,26.80000,67.10000,68.00000,47,,,,
2025-12-01T18:41:42+07:00,2657,26.00000,26.70000,67.00000,68.00000,47,,,,
2025-12-01T18:46:46+07:00,2658,26.00000,26.70000,67.00000,68.00000,47,,,,
2025-12-01T18:51:50+07:00,2659,26.00000,26.60000,67.00000,68.00000,47,,,,
2025-12-01T18:56:54+07:00,2660,25.90000,26.60000,67.00000,68.00000,47,,,,
2025-12-01T19:01:58+07:00,2661,25.90000,26.50000,67.00000,68.00000,47,,,,
2025-12-01T19:07:02+07:00,2662,25.80000,26.50000,67.00000,68.00000,47,,,,
2025-12-01T19:12:06+07:00,2663,25.80000,26.40000,67.00000,68.00000,47,,,,
2025-12-01T19:17:10+07:00,2664,25.80000,26.40000,66.90000,68.00000,47,,,,
2025-12-01T19:22:15+07:00,2665,25.70000,26.40000,66.90000,68.00000,47,,,,
2025-12-01T19:27:19+07:00,2666,25.70000,26.30000,66.90000,68.00000,47,,,,
2025-12-01T19:32:23+07:00,2667,25.70000,26.30000,66.90000,68.00000,47,,,,
2025-12-01T19:37:27+07:00,2668,25.60000,26.30000,66.80000,68.00000,47,,,,
2025-12-01T19:42:30+07:00,2669,25.60000,26.20000,66.80000,68.00000,47,,,,
2025-12-01T19:47:34+07:00,2670,25.60000,26.20000,66.80000,68.00000,47,,,,
2025-12-01T19:52:38+07:00,2671,25.50000,26.20000,66.80000,68.00000,47,,,,
2025-12-01T19:57:42+07:00,2672,25.50000,26.10000,66.70000,68.00000,47,,,,
2025-12-01T20:02:46+07:00,2673,25.50000,26.10000,66.70000,68.00000,47,,,,
2025-12-01T20:07:50+07:00,2674,25.50000,26.00000,66.70000,68.00000,47,,,,
2025-12-01T20:12:54+07:00,2675,25.40000,26.00000,66.70000,68.00000,47,,,,
2025-12-01T20:17:58+07:00,2676,25.40000,26.00000,66.70000,68.00000,47,,,,
2025-12-01T20:23:02+07:00,2677,25.40000,26.00000,66.60000,68.00000,47,,,,
2025-12-01T20:28:06+07:00,2678,25.40000,25.90000,66.60000,68.00000,47,,,,
2025-12-01T20:33:10+07:00,2679,25.30000,25.90000,66.60000,68.10001,47,,,,
2025-12-01T20:38:14+07:00,2680,25.30000,25.90000,66.60000,68.00000,47,,,,
2025-12-01T20:43:18+07:00,2681,25.30000,25.80000,66.60000,68.10001,47,,,,
2025-12-01T20:48:22+07:00,2682,25.30000,25.80000,66.50000,68.10001,47,,,,
2025-12-01T20:53:26+07:00,2683,25.20000,25.80000,66.50000,68.10001,47,,,,
2025-12-01T20:58:30+07:00,2684,25.20000,25.70000,66.50000,68.10001,47,,,,
2025-12-01T21:03:34+07:00,2685,25.20000,25.70000,66.50000,68.10001,47,,,,
2025-12-01T21:08:38+07:00,2686,25.20000,25.70000,66.50000,68.10001,47,,,,
2025-12-01T21:13:42+07:00,2687,25.10000,25.70000,66.40000,68.10001,47,,,,
2025-12-01T21:18:46+07:00,2688,25.10000,25.60000,66.40000,68.10001,47,,,,
2025-12-01T21:23:51+07:00,2689,25.10000,25.60000,66.40000,68.10001,46,,,,
2025-12-01T21:28:55+07:00,2690,25.10000,25.60000,66.40000,68.10001,47,,,,
2025-12-01T21:33:59+07:00,2691,25.00000,25.50000,66.30000,68.10001,46,,,,
2025-12-01T21:39:02+07:00,2692,25.00000,25.50000,66.30000,68.10001,46,,,,
2025-12-01T21:44:06+07:00,2693,25.00000,25.50000,66.30000,68.10001,47,,,,
2025-12-01T21:49:10+07:00,2694,25.00000,25.40000,66.30000,68.10001,47,,,,
2025-12-01T21:54:14+07:00,2695,24.90000,25.40000,66.30000,68.10001,46,,,,
2025-12-01T21:59:18+07:00,2696,24.90000,25.40000,66.20000,68.10001,46,,,,
2025-12-01T22:04:22+07:00,2697,24.90000,25.40000,66.20000,68.10001,46,,,,
2025-12-01T22:09:27+07:00,2698,24.90000,25.30000,66.20000,68.10001,46,,,,
2025-12-01T22:14:31+07:00,2699,24.90000,25.30000,66.20000,68.10001,46,,,,
2025-12-01T22:19:35+07:00,2700,24.80000,25.30000,66.20000,68.10001,46,,,,
2025-12-01T22:24:39+07:00,2701,24.80000,25.20000,66.20000,68.10001,46,,,,
2025-12-01T22:29:43+07:00,2702,24.80000,25.20000,66.10000,68.10001,46,,,,
2025-12-01T22:34:47+07:00,2703,24.80000,25.20000,66.10000,68.20000,46,,,,
2025-12-01T22:39:51+07:00,2704,24.80000,25.10000,66.10000,68.10001,46,,,,
2025-12-01T22:44:54+07:00,2705,24.70000,25.10000,66.10000,68.10001,46,,,,
2025-12-01T22:49:58+07:00,2706,24.70000,25.10000,66.10000,68.20000,46,,,,
2025-12-01T22:55:02+07:00,2707,24.70000,25.10000,66.10000,68.10001,46,,,,
2025-12-01T23:00:06+07:00,2708,24.70000,25.10000,66.10000,68.20000,46,,,,
2025-12-01T23:05:10+07:00,2709,24.60000,25.00000,66.00000,68.20000,46,,,,
2025-12-01T23:10:15+07:00,2710,24.60000,25.00000,66.00000,68.20000,46,,,,
2025-12-01T23:20:28+07:00,2711,24.60000,24.90000,66.00000,68.20000,46,,,,
2025-12-01T23:25:33+07:00,2712,24.60000,24.90000,66.00000,68.20000,46,,,,
2025-12-01T23:30:37+07:00,2713,24.50000,24.90000,65.90000,68.10001,46,,,,
2025-12-01T23:35:41+07:00,2714,24.50000,24.80000,65.90000,68.10001,46,,,,
2025-12-01T23:40:45+07:00,2715,24.50000,24.80000,65.90000,68.10001,46,,,,
2025-12-01T23:45:49+07:00,2716,24.40000,24.80000,65.90000,68.20000,46,,,,
2025-12-01T23:50:53+07:00,2717,24.40000,24.80000,65.90000,68.10001,46,,,,
2025-12-01T23:55:57+07:00,2718,24.40000,24.70000,65.90000,68.10001,46,,,,
2025-12-02T00:01:01+07:00,2719,24.40000,24.70000,65.90000,68.20000,46,,,,
2025-12-02T00:06:05+07:00,2720,24.40000,24.70000,65.90000,68.10001,46,,,,
2025-12-02T00:11:09+07:00,2721,24.40000,24.70000,65.90000,68.10001,46,,,,
2025-12-02T00:16:14+07:00,2722,24.30000,24.60000,65.90000,68.10001,46,,,,
2025-12-02T00:21:18+07:00,2723,24.30000,24.60000,65.80000,68.10001,46,,,,
2025-12-02T00:26:22+07:00,2724,24.30000,24.60000,65.80000,68.10001,46,,,,
2025-12-02T00:31:26+07:00,2725,24.30000,24.50000,65.80000,68.00000,46,,,,
2025-12-02T00:36:30+07:00,2726,24.30000,24.50000,65.80000,68.00000,46,,,,
2025-12-02T00:41:34+07:00,2727,24.20000,24.50000,65.80000,68.10001,46,,,,
2025-12-02T00:46:38+07:00,2728,24.20000,24.50000,65.80000,68.00000,46,,,,
2025-12-02T00:51:42+07:00,2729,24.20000,24.50000,65.80000,68.10001,46,,,,
2025-12-02T00:56:46+07:00,2730,24.20000,24.40000,65.80000,68.10001,46,,,,
2025-12-02T01:01:50+07:00,2731,24.20000,24.40000,65.80000,68.10001,46,,,,
2025-12-02T01:06:54+07:00,2732,24.10000,24.40000,65.80000,68.00000,46,,,,
2025-12-02T01:11:58+07:00,2733,24.10000,24.30000,65.70000,68.00000,46,,,,
2025-12-02T01:17:02+07:00,2734,24.10000,24.30000,65.70000,68.00000,46,,,,
2025-12-02T01:22:06+07:00,2735,24.00000,24.30000,65.70000,68.00000,46,,,,
2025-12-02T01:27:10+07:00,2736,24.00000,24.30000,65.70000,68.00000,46,,,,
2025-12-02T01:32:14+07:00,2737,24.00000,24.30000,65.70000,68.00000,46,,,,
2025-12-02T01:37:18+07:00,2738,24.00000,24.20000,65.70000,68.00000,46,,,,
2025-12-02T01:42:22+07:00,2739,23.90000,24.20000,65.60000,68.00000,46,,,,
2025-12-02T01:47:26+07:00,2740,23.90000,24.20000,65.60000,67.90000,46,,,,
2025-12-02T01:52:29+07:00,2741,23.90000,24.10000,65.60000,68.00000,46,,,,
2025-12-02T01:57:32+07:00,2742,23.90000,24.10000,65.60000,68.00000,46,,,,
2025-12-02T02:02:36+07:00,2743,23.90000,24.10000,65.60000,68.00000,46,,,,
2025-12-02T02:07:40+07:00,2744,23.80000,24.00000,65.50000,68.00000,46,,,,
2025-12-02T02:12:44+07:00,2745,23.80000,24.00000,65.60000,67.90000,46,,,,
2025-12-02T02:17:48+07:00,2746,23.80000,24.00000,65.50000,67.90000,46,,,,
2025-12-02T02:22:52+07:00,2747,23.80000,24.00000,65.50000,67.90000,46,,,,
2025-12-02T02:27:56+07:00,2748,23.70000,23.90000,65.50000,67.80000,46,,,,
2025-12-02T02:33:01+07:00,2749,23.70000,23.90000,65.50000,67.90000,46,,,,
2025-12-02T02:38:04+07:00,2750,23.70000,23.90000,65.50000,67.80000,46,,,,
2025-12-02T02:43:09+07:00,2751,23.70000,23.80000,65.50000,67.80000,46,,,,
2025-12-02T02:48:13+07:00,2752,23.70000,23.80000,65.50000,67.90000,46,,,,
2025-12-02T02:53:17+07:00,2753,23.60000,23.80000,65.50000,67.80000,46,,,,
2025-12-02T02:58:21+07:00,2754,23.60000,23.80000,65.50000,67.80000,46,,,,
2025-12-02T03:03:25+07:00,2755,23.60000,23.70000,65.50000,67.80000,46,,,,
2025-12-02T03:08:29+07:00,2756,23.60000,23.70000,65.50000,67.80000,45,,,,
2025-12-02T03:13:33+07:00,2757,23.60000,23.70000,65.50000,67.80000,46,,,,
2025-12-02T03:18:37+07:00,2758,23.60000,23.70000,65.40000,67.70000,46,,,,
2025-12-02T03:23:41+07:00,2759,23.60000,23.70000,65.50000,67.70000,46,,,,
2025-12-02T03:28:44+07:00,2760,23.50000,23.70000,65.50000,67.70000,45,,,,
2025-12-02T03:33:48+07:00,2761,23.50000,23.60000,65.50000,67.70000,45,,,,
2025-12-02T03:38:53+07:00,2762,23.50000,23.60000,65.50000,67.70000,45,,,,
2025-12-02T03:43:57+07:00,2763,23.50000,23.60000,65.40000,67.70000,46,,,,
2025-12-02T03:49:01+07:00,2764,23.50000,23.60000,65.40000,67.70000,45,,,,
2025-12-02T03:54:04+07:00,2765,23.50000,23.60000,65.40000,67.60001,45,,,,
2025-12-02T04:14:20+07:00,2766,23.40000,23.50000,65.40000,67.60001,45,,,,
2025-12-02T04:19:24+07:00,2767,23.40000,23.50000,65.30000,67.50000,45,,,,
2025-12-02T04:24:27+07:00,2768,23.40000,23.50000,65.40000,67.50000,45,,,,
2025-12-02T04:29:31+07:00,2769,23.40000,23.40000,65.30000,67.50000,45,,,,
2025-12-02T04:34:35+07:00,2770,23.40000,23.40000,65.30000,67.50000,46,,,,
2025-12-02T04:39:40+07:00,2771,23.40000,23.40000,65.30000,67.50000,45,,,,
2025-12-02T04:44:43+07:00,2772,23.30000,23.40000,65.30000,67.40000,45,,,,
2025-12-02T04:49:47+07:00,2773,23.40000,23.40000,65.30000,67.40000,45,,,,
2025-12-02T04:54:51+07:00,2774,23.30000,23.30000,65.30000,67.40000,45,,,,
2025-12-02T04:59:55+07:00,2775,23.30000,23.30000,65.20000,67.40000,45,,,,
2025-12-02T05:04:59+07:00,2776,23.30000,23.30000,65.30000,67.40000,45,,,,
2025-12-02T05:10:03+07:00,2777,23.30000,23.30000,65.20000,67.40000,45,,,,
2025-12-02T05:15:07+07:00,2778,23.30000,23.30000,65.20000,67.40000,45,,,,
2025-12-02T05:20:11+07:00,2779,23.30000,23.30000,65.20000,67.40000,45,,,,
2025-12-02T05:25:15+07:00,2780,23.30000,23.30000,65.20000,67.40000,45,,,,
2025-12-02T05:30:19+07:00,2781,23.20000,23.20000,65.20000,67.40000,45,,,,
2025-12-02T05:35:23+07:00,2782,23.20000,23.20000,65.20000,67.40000,45,,,,
2025-12-02T05:40:27+07:00,2783,23.20000,23.20000,65.20000,67.40000,45,,,,
2025-12-02T05:45:32+07:00,2784,23.20000,23.20000,65.20000,67.40000,45,,,,
2025-12-02T05:50:36+07:00,2785,23.20000,23.20000,65.20000,67.30000,45,,,,
2025-12-02T05:55:40+07:00,2786,23.20000,23.20000,65.20000,67.30000,45,,,,
2025-12-02T06:00:44+07:00,2787,23.20000,23.10000,65.20000,67.30000,45,,,,
2025-12-02T06:05:48+07:00,2788,23.20000,23.20000,65.20000,67.30000,45,,,,
2025-12-02T06:10:52+07:00,2789,23.20000,23.10000,65.20000,67.30000,45,,,,
2025-12-02T06:15:56+07:00,2790,23.20000,23.10000,65.20000,67.30000,45,,,,
2025-12-02T06:20:59+07:00,2791,23.20000,23.10000,65.20000,67.30000,45,,,,
2025-12-02T06:26:03+07:00,2792,23.20000,23.10000,65.20000,67.30000,45,,,,
2025-12-02T06:31:07+07:00,2793,23.20000,23.10000,65.20000,67.30000,45,,,,
2025-12-02T06:36:11+07:00,2794,23.20000,23.10000,65.30000,67.30000,45,,,,
2025-12-02T06:41:15+07:00,2795,23.20000,23.10000,65.30000,67.40000,45,,,,
2025-12-02T06:46:19+07:00,2796,23.20000,23.20000,65.30000,67.40000,45,,,,
2025-12-02T06:51:23+07:00,2797,23.20000,23.20000,65.30000,67.40000,45,,,,
2025-12-02T06:56:27+07:00,2798,23.30000,23.20000,65.40000,67.40000,45,,,,
2025-12-02T07:01:31+07:00,2799,23.30000,23.20000,65.40000,67.40000,45,,,,
2025-12-02T07:06:36+07:00,2800,23.30000,23.30000,65.40000,67.40000,45,,,,
2025-12-02T07:11:40+07:00,2801,23.30000,23.30000,65.40000,67.50000,45,,,,
2025-12-02T07:16:44+07:00,2802,23.30000,23.30000,65.40000,67.50000,45,,,,
2025-12-02T07:21:48+07:00,2803,23.30000,23.30000,65.40000,67.50000,45,,,,
2025-12-02T07:26:52+07:00,2804,23.40000,23.40000,65.40000,67.60001,45,,,,
2025-12-02T07:31:57+07:00,2805,23.40000,23.40000,65.50000,67.60001,45,,,,
2025-12-02T07:37:01+07:00,2806,23.40000,23.40000,65.50000,67.70000,45,,,,
2025-12-02T07:42:04+07:00,2807,23.40000,23.40000,65.60000,67.70000,45,,,,
2025-12-02T07:47:08+07:00,2808,23.50000,23.50000,65.60000,67.70000,44,,,,
2025-12-02T07:52:12+07:00,2809,23.50000,23.50000,65.60000,67.80000,45,,,,
2025-12-02T07:57:16+07:00,2810,23.50000,23.50000,65.60000,67.80000,45,,,,
2025-12-02T08:02:20+07:00,2811,23.50000,23.60000,65.70000,67.90000,45,,,,
2025-12-02T08:07:24+07:00,2812,23.60000,23.60000,65.70000,67.90000,45,,,,
2025-12-02T08:12:28+07:00,2813,23.60000,23.70000,65.80000,68.00000,44,,,,
2025-12-02T08:22:41+07:00,2814,23.70000,23.70000,65.90000,68.10001,45,,,,
2025-12-02T08:27:45+07:00,2815,23.70000,23.80000,65.90000,68.10001,45,,,,
2025-12-02T08:32:49+07:00,2816,23.70000,23.80000,66.00000,68.20000,45,,,,
2025-12-02T08:37:53+07:00,2817,23.80000,23.90000,66.10000,68.20000,45,,,,
2025-12-02T08:42:57+07:00,2818,23.80000,23.90000,66.20000,68.30000,44,,,,
2025-12-02T08:48:01+07:00,2819,23.80000,24.00000,66.30000,68.30000,44,,,,
2025-12-02T08:53:05+07:00,2820,24.30000,24.30000,67.90000,68.90000,44,,,,
2025-12-02T08:58:09+07:00,2821,24.50000,24.50000,67.20000,69.00000,44,,,,
2025-12-02T09:03:13+07:00,2822,24.60000,24.60000,67.30000,69.50000,44,,,,
2025-12-02T09:08:18+07:00,2823,24.80000,24.70000,67.60000,69.70000,44,,,,
2025-12-02T09:13:21+07:00,2824,24.90000,24.80000,67.90000,69.70000,44,,,,
2025-12-02T09:18:26+07:00,2825,25.00000,24.90000,67.80000,69.80000,44,,,,
2025-12-02T09:23:31+07:00,2826,25.00000,25.00000,67.60000,69.90000,44,,,,
2025-12-02T09:28:35+07:00,2827,25.10000,25.00000,67.90000,69.80000,44,,,,
2025-12-02T09:33:39+07:00,2828,25.30000,25.00000,68.20000,70.80000,44,,,,
2025-12-02T09:38:44+07:00,2829,25.40000,25.10000,68.20000,71.20000,44,,,,
2025-12-02T09:43:47+07:00,2830,25.50000,25.20000,68.30000,71.10001,44,,,,
2025-12-02T09:48:51+07:00,2831,25.60000,25.30000,68.20000,70.90000,44,,,,
2025-12-02T09:53:55+07:00,2832,25.70000,25.40000,67.80000,70.90000,44,,,,
2025-12-02T09:58:59+07:00,2833,25.70000,25.50000,68.10000,70.90000,44,,,,
2025-12-02T10:04:05+07:00,2834,25.80000,25.60000,67.60000,70.90000,45,,,,
2025-12-02T10:09:10+07:00,2835,25.90000,25.70000,67.30000,70.80000,45,,,,
2025-12-02T10:14:15+07:00,2836,26.00000,25.80000,67.50000,70.80000,45,,,,
2025-12-02T10:19:18+07:00,2837,26.10000,25.90000,67.40000,70.70000,45,,,,
2025-12-02T10:24:23+07:00,2838,26.20000,26.00000,66.30000,70.40000,46,,,,
2025-12-02T10:29:27+07:00,2839,26.30000,26.10000,66.00000,70.20000,46,,,,
2025-12-02T10:34:31+07:00,2840,26.40000,26.20000,66.00000,70.20000,46,,,,
2025-12-02T10:39:35+07:00,2841,26.40000,26.30000,65.50000,69.90000,46,,,,
2025-12-02T10:44:39+07:00,2842,26.50000,26.40000,64.50000,69.70000,46,,,,
2025-12-02T10:49:43+07:00,2843,26.60000,26.50000,64.70000,69.50000,46,,,,
2025-12-02T10:54:47+07:00,2844,26.70000,26.60000,64.30000,69.40000,46,,,,
2025-12-02T10:59:51+07:00,2845,26.80000,26.70000,63.40000,69.00000,45,,,,
2025-12-02T11:04:55+07:00,2846,26.80000,26.70000,62.00000,68.70000,46,,,,
2025-12-02T11:09:59+07:00,2847,26.90000,26.80000,63.00000,68.70000,46,,,,
2025-12-02T11:15:03+07:00,2848,27.00000,26.90000,63.00000,68.60001,45,,,,
2025-12-02T11:20:07+07:00,2849,27.00000,27.00000,63.50000,68.70000,45,,,,
2025-12-02T11:25:11+07:00,2850,27.20000,27.10000,62.50000,68.10001,45,,,,
2025-12-02T11:30:15+07:00,2851,27.20000,27.20000,60.50000,67.30000,45,,,,
2025-12-02T11:35:19+07:00,2852,27.20000,27.20000,62.00000,67.80000,45,,,,
2025-12-02T11:40:24+07:00,2853,27.20000,27.30000,60.80000,67.30000,45,,,,
2025-12-02T11:45:27+07:00,2854,27.30000,27.30000,60.00000,66.70000,45,,,,
2025-12-02T11:50:31+07:00,2855,27.40000,27.40000,58.50000,66.80000,45,,,,
2025-12-02T11:55:35+07:00,2856,27.50000,27.50000,58.60000,66.60001,45,,,,
2025-12-02T12:00:39+07:00,2857,27.60000,27.60000,58.80000,66.50000,45,,,,
2025-12-02T12:05:43+07:00,2858,27.60000,27.60000,60.00000,66.60001,45,,,,
2025-12-02T12:10:47+07:00,2859,27.60000,27.70000,59.20000,66.30000,45,,,,
2025-12-02T12:15:50+07:00,2860,27.60000,27.80000,59.10000,66.00000,45,,,,
2025-12-02T12:20:54+07:00,2861,27.70000,27.90000,59.00000,65.90000,45,,,,
2025-12-02T12:25:58+07:00,2862,27.70000,27.90000,59.80000,66.00000,45,,,,
2025-12-02T12:31:02+07:00,2863,27.80000,28.00000,59.20000,65.90000,45,,,,
2025-12-02T12:36:06+07:00,2864,27.80000,28.00000,60.00000,65.80000,45,,,,
2025-12-02T12:41:10+07:00,2865,27.90000,28.10000,56.90000,65.50000,45,,,,
2025-12-02T12:46:14+07:00,2866,27.90000,28.10000,58.70000,65.00000,45,,,,
2025-12-02T12:51:18+07:00,2867,27.90000,28.20000,58.10000,65.20000,45,,,,
2025-12-02T12:56:22+07:00,2868,28.00000,28.20000,58.30000,65.10001,45,,,,
2025-12-02T13:01:26+07:00,2869,28.10000,28.30000,57.50000,65.00000,45,,,,
2025-12-02T13:06:31+07:00,2870,28.20000,28.30000,59.30000,65.00000,45,,,,
2025-12-02T13:21:50+07:00,2871,28.30000,28.70000,60.40000,64.50000,45,,,,
2025-12-02T13:26:54+07:00,2872,28.30000,28.80000,60.80000,65.20000,45,,,,
2025-12-02T13:31:58+07:00,2873,28.40000,28.80000,60.90000,65.10001,45,,,,
2025-12-02T13:37:02+07:00,2874,28.40000,28.90000,61.10000,65.10001,45,,,,
2025-12-02T13:42:06+07:00,2875,28.50000,29.00000,60.30000,65.30000,45,,,,
2025-12-02T13:47:09+07:00,2876,28.50000,29.00000,61.00000,65.30000,45,,,,
2025-12-02T13:52:14+07:00,2877,28.50000,29.10000,61.10000,65.30000,45,,,,
2025-12-02T13:57:18+07:00,2878,28.50000,29.10000,61.10000,65.50000,45,,,,
2025-12-02T14:02:22+07:00,2879,28.50000,29.10000,60.40000,65.20000,45,,,,
2025-12-02T14:07:26+07:00,2880,28.60000,29.10000,60.70000,65.00000,45,,,,
2025-12-02T14:12:31+07:00,2881,28.60000,29.20000,61.20000,65.00000,44,,,,
2025-12-02T14:17:34+07:00,2882,28.60000,29.20000,61.10000,65.40000,45,,,,
2025-12-02T14:22:38+07:00,2883,28.60000,29.20000,60.90000,65.20000,44,,,,
2025-12-02T14:27:42+07:00,2884,28.60000,29.20000,59.90000,64.60001,44,,,,
2025-12-02T14:32:46+07:00,2885,28.60000,29.20000,59.40000,64.70000,44,,,,
2025-12-02T14:37:50+07:00,2886,28.60000,29.20000,59.40000,64.80000,44,,,,
2025-12-02T14:42:54+07:00,2887,28.60000,29.20000,60.30000,64.80000,44,,,,
2025-12-02T14:47:58+07:00,2888,28.50000,29.20000,58.00000,64.00000,44,,,,
2025-12-02T14:53:03+07:00,2889,28.50000,29.10000,58.00000,64.00000,44,,,,
2025-12-02T14:58:06+07:00,2890,28.50000,29.10000,59.50000,64.20000,44,,,,
2025-12-02T15:03:10+07:00,2891,28.50000,29.10000,58.10000,63.70000,44,,,,
2025-12-02T15:08:15+07:00,2892,28.50000,29.10000,58.10000,63.50000,44,,,,
2025-12-02T15:13:19+07:00,2893,28.50000,29.00000,58.10000,63.70000,44,,,,
2025-12-02T15:18:23+07:00,2894,28.40000,29.00000,58.30000,63.50000,45,,,,
2025-12-02T15:23:27+07:00,2895,28.40000,28.90000,59.70000,63.60000,44,,,,
2025-12-02T15:28:34+07:00,2896,28.30000,28.90000,60.60000,64.00000,44,,,,
2025-12-02T15:33:37+07:00,2897,28.00000,28.80000,61.30000,64.60001,44,,,,
2025-12-02T15:38:41+07:00,2898,27.80000,28.80000,62.10000,64.90000,44,,,,
2025-12-02T15:43:45+07:00,2899,27.70000,28.70000,62.60000,65.10001,44,,,,
2025-12-02T15:48:49+07:00,2900,27.60000,28.70000,63.00000,65.20000,44,,,,
2025-12-02T15:53:52+07:00,2901,27.60000,28.60000,63.40000,65.30000,44,,,,
2025-12-02T15:58:57+07:00,2902,27.50000,28.60000,63.60000,65.40000,44,,,,
2025-12-02T16:04:01+07:00,2903,27.50000,28.50000,63.80000,65.50000,44,,,,
2025-12-02T16:09:23+07:00,2904,27.40000,28.50000,63.90000,65.50000,44,,,,
2025-12-02T16:14:26+07:00,2905,27.30000,28.40000,64.00000,65.60001,44,,,,
2025-12-02T16:19:30+07:00,2906,27.30000,28.30000,64.10000,65.70000,44,,,,
2025-12-02T16:24:35+07:00,2907,27.20000,28.30000,64.20000,65.70000,44,,,,
2025-12-02T16:34:46+07:00,2908,27.10000,28.10000,64.30000,65.80000,44,,,,
2025-12-02T16:39:50+07:00,2909,27.00000,28.00000,64.30000,65.80000,44,,,,
2025-12-02T16:44:54+07:00,2910,26.90000,28.00000,64.30000,65.90000,44,,,,
2025-12-02T16:49:58+07:00,2911,26.90000,27.90000,64.40000,65.90000,44,,,,
2025-12-02T16:55:03+07:00,2912,26.80000,27.80000,64.40000,65.90000,44,,,,
2025-12-02T17:00:07+07:00,2913,26.80000,27.80000,64.40000,65.90000,44,,,,
2025-12-02T17:05:12+07:00,2914,26.70000,27.50000,64.50000,65.90000,44,,,,
2025-12-02T17:10:15+07:00,2915,26.80000,27.30000,64.20000,66.40000,44,,,,
2025-12-02T17:15:19+07:00,2916,26.80000,27.10000,64.30000,67.00000,44,,,,
2025-12-02T17:20:24+07:00,2917,26.70000,27.00000,64.40000,67.50000,44,,,,
2025-12-02T17:25:28+07:00,2918,26.70000,27.00000,64.30000,67.30000,44,,,,
2025-12-02T17:30:31+07:00,2919,26.70000,27.00000,64.50000,67.20000,44,,,,
2025-12-02T17:35:35+07:00,2920,26.60000,26.90000,64.90000,68.00000,45,,,,
2025-12-02T17:40:39+07:00,2921,26.50000,26.70000,65.10000,68.50000,45,,,,
2025-12-02T17:45:44+07:00,2922,26.40000,26.50000,65.60000,69.00000,45,,,,
2025-12-02T17:50:48+07:00,2923,26.40000,26.40000,65.50000,69.10001,45,,,,
2025-12-02T17:55:51+07:00,2924,26.30000,26.40000,65.40000,69.00000,45,,,,
2025-12-02T18:00:55+07:00,2925,26.30000,26.20000,65.30000,69.00000,45,,,,
2025-12-02T18:05:59+07:00,2926,26.20000,26.10000,65.80000,69.40000,45,,,,
2025-12-02T18:11:03+07:00,2927,26.10000,26.10000,65.80000,69.70000,45,,,,
2025-12-02T18:16:08+07:00,2928,26.10000,26.00000,65.80000,69.70000,45,,,,
2025-12-02T18:21:11+07:00,2929,26.00000,25.90000,65.50000,69.50000,45,,,,
2025-12-02T18:26:15+07:00,2930,25.90000,25.70000,65.60000,70.00000,45,,,,
2025-12-02T18:31:20+07:00,2931,25.80000,25.60000,66.10000,70.30000,45,,,,
2025-12-02T18:36:24+07:00,2932,25.80000,25.50000,66.20000,70.60001,45,,,,
2025-12-02T18:41:28+07:00,2933,25.80000,25.60000,66.30000,70.70000,46,,,,
2025-12-02T18:46:33+07:00,2934,25.70000,25.60000,66.50000,70.80000,45,,,,
2025-12-02T18:51:36+07:00,2935,25.70000,25.60000,66.90000,70.80000,45,,,,
2025-12-02T18:56:40+07:00,2936,25.70000,25.70000,66.80000,70.60001,46,,,,
2025-12-02T19:01:44+07:00,2937,25.80000,25.80000,67.00000,70.30000,46,,,,
2025-12-02T19:06:48+07:00,2938,25.70000,25.90000,67.00000,70.10001,45,,,,
2025-12-02T19:11:52+07:00,2939,25.80000,25.90000,67.30000,70.60001,45,,,,
2025-12-02T19:16:56+07:00,2940,25.70000,25.70000,67.60000,71.40000,45,,,,
2025-12-02T19:22:00+07:00,2941,25.70000,25.80000,67.50000,70.70000,45,,,,
2025-12-02T19:27:04+07:00,2942,25.70000,25.70000,68.00000,71.40000,45,,,,
2025-12-02T19:32:09+07:00,2943,25.70000,25.70000,68.10000,71.90000,46,,,,
2025-12-02T19:37:13+07:00,2944,25.70000,25.60000,67.90000,72.00000,45,,,,
2025-12-02T19:42:17+07:00,2945,25.70000,25.60000,68.10000,72.10001,45,,,,
2025-12-02T19:47:22+07:00,2946,25.60000,25.50000,68.60000,72.20000,45,,,,
2025-12-02T19:52:26+07:00,2947,25.50000,25.60000,67.50000,71.10001,45,,,,
2025-12-02T19:57:30+07:00,2948,25.50000,25.70000,67.20000,70.30000,45,,,,
2025-12-02T20:02:35+07:00,2949,25.50000,25.70000,67.10000,69.90000,45,,,,
2025-12-02T20:07:39+07:00,2950,25.40000,25.70000,66.90000,69.50000,45,,,,
2025-12-02T20:12:43+07:00,2951,25.40000,25.70000,66.80000,69.30000,46,,,,
2025-12-02T20:17:50+07:00,2952,25.40000,25.70000,66.70000,69.10001,45,,,,
2025-12-02T20:22:54+07:00,2953,25.40000,25.70000,66.70000,69.00000,45,,,,
2025-12-02T20:27:57+07:00,2954,25.30000,25.60000,66.60000,68.80000,45,,,,
2025-12-02T20:33:01+07:00,2955,25.30000,25.60000,66.60000,68.80000,45,,,,
2025-12-02T20:38:06+07:00,2956,25.30000,25.60000,66.50000,68.70000,45,,,,
2025-12-02T20:43:09+07:00,2957,25.30000,25.60000,66.50000,68.60001,45,,,,
2025-12-02T20:48:14+07:00,2958,25.30000,25.60000,66.40000,68.50000,45,,,,
2025-12-02T20:53:18+07:00,2959,25.30000,25.60000,66.40000,68.50000,45,,,,
2025-12-02T20:58:22+07:00,2960,25.30000,25.50000,66.40000,68.40000,45,,,,
2025-12-02T21:03:26+07:00,2961,25.20000,25.50000,66.30000,68.30000,45,,,,
2025-12-02T21:08:31+07:00,2962,25.20000,25.50000,66.30000,68.30000,45,,,,
2025-12-02T21:13:35+07:00,2963,25.20000,25.50000,66.30000,68.30000,45,,,,
2025-12-02T21:18:40+07:00,2964,25.20000,25.50000,66.20000,68.20000,45,,,,
2025-12-02T21:23:44+07:00,2965,25.20000,25.50000,66.20000,68.20000,45,,,,
2025-12-02T21:28:48+07:00,2966,25.20000,25.50000,66.20000,68.10001,45,,,,
2025-12-02T21:33:52+07:00,2967,25.10000,25.40000,66.20000,68.10001,45,,,,
2025-12-02T21:38:56+07:00,2968,25.10000,25.40000,66.20000,68.10001,45,,,,
2025-12-02T21:44:00+07:00,2969,25.10000,25.40000,66.10000,68.10001,45,,,,
2025-12-02T21:49:05+07:00,2970,25.10000,25.40000,66.10000,68.00000,45,,,,
2025-12-02T21:54:09+07:00,2971,25.10000,25.40000,66.10000,68.00000,45,,,,
2025-12-02T21:59:14+07:00,2972,25.10000,25.40000,66.10000,68.00000,45,,,,
2025-12-02T22:04:18+07:00,2973,25.10000,25.40000,66.10000,68.00000,45,,,,
2025-12-02T22:09:22+07:00,2974,25.10000,25.40000,66.10000,68.00000,45,,,,
2025-12-02T22:14:26+07:00,2975,25.10000,25.30000,66.00000,68.00000,45,,,,
2025-12-02T22:19:31+07:00,2976,25.10000,25.30000,66.00000,67.90000,45,,,,
2025-12-02T22:24:34+07:00,2977,25.10000,25.30000,66.00000,67.90000,45,,,,
2025-12-02T22:34:45+07:00,2978,25.00000,25.30000,66.00000,67.90000,45,,,,
2025-12-02T22:39:49+07:00,2979,25.00000,25.30000,66.00000,67.90000,45,,,,
2025-12-02T22:44:53+07:00,2980,25.00000,25.30000,66.00000,67.80000,45,,,,
2025-12-02T22:49:57+07:00,2981,25.00000,25.30000,66.00000,67.80000,45,,,,
2025-12-02T22:55:01+07:00,2982,25.00000,25.20000,65.90000,67.80000,45,,,,
2025-12-02T23:00:05+07:00,2983,25.00000,25.20000,66.00000,67.80000,45,,,,
2025-12-02T23:05:09+07:00,2984,24.90000,25.20000,65.90000,67.80000,45,,,,
2025-12-02T23:10:14+07:00,2985,24.90000,25.20000,65.90000,67.70000,45,,,,
2025-12-02T23:15:18+07:00,2986,24.90000,25.20000,65.90000,67.70000,45,,,,
2025-12-02T23:20:22+07:00,2987,24.90000,25.20000,65.90000,67.70000,45,,,,
2025-12-02T23:25:26+07:00,2988,24.90000,25.20000,65.80000,67.70000,45,,,,
2025-12-02T23:30:31+07:00,2989,24.90000,25.10000,65.80000,67.70000,45,,,,
2025-12-02T23:35:35+07:00,2990,24.90000,25.10000,65.70000,67.70000,45,,,,
2025-12-02T23:40:39+07:00,2991,24.80000,25.10000,65.70000,67.70000,45,,,,
2025-12-02T23:45:44+07:00,2992,24.80000,25.10000,65.60000,67.70000,45,,,,
2025-12-02T23:50:48+07:00,2993,24.80000,25.10000,65.50000,67.70000,45,,,,
2025-12-02T23:55:52+07:00,2994,24.80000,25.00000,65.50000,67.70000,45,,,,
2025-12-03T00:00:56+07:00,2995,24.80000,25.00000,65.50000,67.70000,45,,,,
2025-12-03T00:06:00+07:00,2996,24.70000,25.00000,65.50000,67.60001,45,,,,
2025-12-03T00:11:04+07:00,2997,24.70000,25.00000,65.40000,67.50000,45,,,,
2025-12-03T00:16:08+07:00,2998,24.70000,25.00000,65.40000,67.60001,45,,,,
2025-12-03T00:21:12+07:00,2999,24.70000,24.90000,65.50000,67.50000,45,,,,
2025-12-03T00:26:16+07:00,3000,24.70000,24.90000,65.40000,67.60001,45,,,,
2025-12-03T00:31:21+07:00,3001,24.60000,24.90000,65.40000,67.60001,45,,,,
2025-12-03T00:36:24+07:00,3002,24.60000,24.90000,65.40000,67.40000,45,,,,
2025-12-03T00:41:29+07:00,3003,24.60000,24.90000,65.30000,67.40000,45,,,,
2025-12-03T00:46:33+07:00,3004,24.60000,24.80000,65.30000,67.50000,45,,,,
2025-12-03T00:51:37+07:00,3005,24.60000,24.80000,65.30000,67.40000,44,,,,
2025-12-03T00:56:41+07:00,3006,24.50000,24.80000,65.30000,67.40000,45,,,,
2025-12-03T01:01:45+07:00,3007,24.50000,24.80000,65.30000,67.40000,45,,,,
2025-12-03T01:06:50+07:00,3008,24.50000,24.70000,65.30000,67.40000,45,,,,
2025-12-03T01:11:54+07:00,3009,24.50000,24.70000,65.30000,67.50000,45,,,,
2025-12-03T01:16:58+07:00,3010,24.50000,24.70000,65.30000,67.30000,45,,,,
2025-12-03T01:22:03+07:00,3011,24.40000,24.70000,65.30000,67.50000,45,,,,
2025-12-03T01:27:07+07:00,3012,24.40000,24.60000,65.30000,67.30000,44,,,,
2025-12-03T01:32:11+07:00,3013,24.40000,24.60000,65.30000,67.30000,45,,,,
2025-12-03T01:37:15+07:00,3014,24.40000,24.60000,65.30000,67.40000,45,,,,
2025-12-03T01:42:19+07:00,3015,24.40000,24.60000,65.30000,67.40000,45,,,,
2025-12-03T01:47:23+07:00,3016,24.40000,24.60000,65.20000,67.30000,45,,,,
2025-12-03T01:52:27+07:00,3017,24.30000,24.60000,65.20000,67.30000,44,,,,
2025-12-03T01:57:31+07:00,3018,24.30000,24.50000,65.20000,67.20000,45,,,,
2025-12-03T02:02:36+07:00,3019,24.30000,24.50000,65.20000,67.40000,45,,,,
2025-12-03T02:07:39+07:00,3020,24.30000,24.50000,65.20000,67.30000,45,,,,
2025-12-03T02:12:44+07:00,3021,24.30000,24.50000,65.20000,67.30000,45,,,,
2025-12-03T02:17:49+07:00,3022,24.20000,24.50000,65.10000,67.30000,44,,,,
2025-12-03T02:22:53+07:00,3023,24.20000,24.40000,65.10000,67.20000,45,,,,
2025-12-03T02:27:57+07:00,3024,24.20000,24.40000,65.10000,67.20000,44,,,,
2025-12-03T02:33:01+07:00,3025,24.20000,24.40000,65.10000,67.20000,44,,,,
2025-12-03T02:38:05+07:00,3026,24.20000,24.40000,65.10000,67.20000,45,,,,
2025-12-03T02:43:09+07:00,3027,24.20000,24.30000,65.10000,67.10001,44,,,,
2025-12-03T02:48:13+07:00,3028,24.20000,24.30000,65.10000,67.10001,44,,,,
2025-12-03T02:53:17+07:00,3029,24.10000,24.30000,65.10000,67.20000,44,,,,
2025-12-03T02:58:22+07:00,3030,24.10000,24.30000,65.10000,67.20000,44,,,,
2025-12-03T03:03:26+07:00,3031,24.10000,24.30000,65.10000,67.20000,45,,,,
2025-12-03T03:08:30+07:00,3032,24.10000,24.30000,65.00000,67.20000,44,,,,
2025-12-03T03:13:35+07:00,3033,24.10000,24.20000,65.10000,67.10001,45,,,,
2025-12-03T03:18:39+07:00,3034,24.10000,24.20000,65.00000,67.10001,44,,,,
2025-12-03T03:23:43+07:00,3035,24.10000,24.20000,65.00000,67.20000,44,,,,
2025-12-03T03:28:47+07:00,3036,24.00000,24.20000,65.00000,67.20000,45,,,,
2025-12-03T03:33:52+07:00,3037,24.00000,24.10000,65.00000,67.10001,44,,,,
2025-12-03T03:38:56+07:00,3038,24.00000,24.10000,65.00000,67.10001,44,,,,
2025-12-03T03:44:01+07:00,3039,24.00000,24.10000,65.00000,67.20000,44,,,,
2025-12-03T03:49:05+07:00,3040,24.00000,24.10000,64.90000,67.10001,44,,,,
2025-12-03T03:54:10+07:00,3041,24.00000,24.10000,64.90000,67.10001,44,,,,
2025-12-03T03:59:14+07:00,3042,23.90000,24.10000,64.90000,67.10001,44,,,,
2025-12-03T04:04:18+07:00,3043,23.90000,24.00000,64.90000,67.10001,44,,,,
2025-12-03T04:09:22+07:00,3044,23.90000,24.00000,64.90000,67.10001,44,,,,
2025-12-03T04:14:26+07:00,3045,23.90000,24.00000,64.90000,67.10001,44,,,,
2025-12-03T04:19:31+07:00,3046,23.90000,24.00000,64.90000,67.10001,44,,,,
2025-12-03T04:24:35+07:00,3047,23.80000,24.00000,64.90000,67.10001,44,,,,
2025-12-03T04:29:39+07:00,3048,23.80000,24.00000,64.90000,67.10001,44,,,,
2025-12-03T04:34:43+07:00,3049,23.80000,23.90000,64.90000,67.10001,44,,,,
2025-12-03T04:39:47+07:00,3050,23.80000,23.90000,64.90000,67.10001,44,,,,
2025-12-03T04:44:52+07:00,3051,23.80000,23.90000,64.80000,67.10001,44,,,,
2025-12-03T04:49:56+07:00,3052,23.80000,23.90000,64.80000,67.00000,44,,,,
2025-12-03T04:55:00+07:00,3053,23.80000,23.90000,64.80000,67.00000,44,,,,
2025-12-03T05:00:05+07:00,3054,23.80000,23.90000,64.80000,67.00000,44,,,,
2025-12-03T05:05:09+07:00,3055,23.80000,23.90000,64.80000,67.00000,44,,,,
2025-12-03T05:10:13+07:00,3056,23.80000,23.80000,64.80000,67.10001,44,,,,
2025-12-03T05:15:17+07:00,3057,23.70000,23.80000,64.80000,67.00000,44,,,,
2025-12-03T05:20:22+07:00,3058,23.70000,23.80000,64.80000,67.00000,44,,,,
2025-12-03T05:25:26+07:00,3059,23.70000,23.80000,64.80000,67.00000,44,,,,
2025-12-03T05:30:31+07:00,3060,23.70000,23.80000,64.80000,67.00000,44,,,,
2025-12-03T05:35:35+07:00,3061,23.70000,23.80000,64.80000,67.00000,44,,,,
2025-12-03T05:40:39+07:00,3062,23.70000,23.80000,64.80000,66.90000,44,,,,
2025-12-03T05:45:44+07:00,3063,23.70000,23.70000,64.80000,67.00000,44,,,,
2025-12-03T05:50:48+07:00,3064,23.70000,23.70000,64.80000,66.90000,44,,,,
2025-12-03T05:55:52+07:00,3065,23.60000,23.70000,64.80000,66.90000,44,,,,
2025-12-03T06:00:56+07:00,3066,23.70000,23.70000,64.70000,66.90000,44,,,,
2025-12-03T06:06:00+07:00,3067,23.60000,23.70000,64.70000,67.00000,44,,,,
2025-12-03T06:11:04+07:00,3068,23.60000,23.70000,64.80000,67.00000,44,,,,
2025-12-03T06:16:08+07:00,3069,23.60000,23.70000,64.70000,66.90000,44,,,,
2025-12-03T06:21:12+07:00,3070,23.60000,23.70000,64.70000,67.00000,44,,,,
2025-12-03T06:26:17+07:00,3071,23.60000,23.70000,64.70000,67.00000,44,,,,
2025-12-03T06:31:21+07:00,3072,23.60000,23.70000,64.70000,67.00000,44,,,,
2025-12-03T06:36:26+07:00,3073,23.60000,23.70000,64.70000,67.00000,44,,,,
2025-12-03T06:41:30+07:00,3074,23.60000,23.70000,64.70000,67.00000,44,,,,
2025-12-03T06:46:34+07:00,3075,23.60000,23.70000,64.70000,67.00000,44,,,,
2025-12-03T06:51:37+07:00,3076,23.70000,23.70000,64.70000,67.00000,44,,,,
2025-12-03T06:56:42+07:00,3077,23.70000,23.70000,64.70000,67.00000,44,,,,
2025-12-03T07:01:46+07:00,3078,23.70000,23.70000,64.70000,67.00000,44,,,,
2025-12-03T07:06:50+07:00,3079,23.70000,23.70000,64.70000,67.00000,44,,,,
2025-12-03T07:11:54+07:00,3080,23.70000,23.70000,64.70000,67.10001,44,,,,
2025-12-03T07:16:58+07:00,3081,23.70000,23.70000,64.70000,67.10001,44,,,,
2025-12-03T07:22:02+07:00,3082,23.70000,23.70000,64.70000,67.10001,44,,,,
2025-12-03T07:27:06+07:00,3083,23.70000,23.80000,64.80000,67.10001,44,,,,
2025-12-03T07:32:10+07:00,3084,23.70000,23.80000,64.70000,67.10001,44,,,,
2025-12-03T07:37:15+07:00,3085,23.70000,23.80000,64.80000,67.10001,44,,,,
2025-12-03T07:42:19+07:00,3086,23.80000,23.80000,64.80000,67.10001,44,,,,
2025-12-03T07:47:23+07:00,3087,23.80000,23.80000,64.80000,67.20000,44,,,,
2025-12-03T07:52:27+07:00,3088,23.80000,23.80000,64.70000,67.20000,44,,,,
2025-12-03T07:57:31+07:00,3089,23.80000,23.80000,64.80000,67.20000,44,,,,
2025-12-03T08:02:36+07:00,3090,23.80000,23.80000,64.80000,67.20000,44,,,,
2025-12-03T08:07:39+07:00,3091,23.80000,23.90000,64.80000,67.20000,44,,,,
2025-12-03T08:12:43+07:00,3092,23.80000,23.90000,64.80000,67.20000,44,,,,
2025-12-03T08:17:46+07:00,3093,23.80000,23.90000,64.80000,67.20000,44,,,,
2025-12-03T08:22:50+07:00,3094,23.80000,23.90000,64.80000,67.30000,44,,,,
2025-12-03T08:27:55+07:00,3095,23.90000,23.90000,64.80000,67.30000,44,,,,
2025-12-03T08:32:59+07:00,3096,23.90000,23.90000,64.80000,67.30000,44,,,,
2025-12-03T08:38:03+07:00,3097,23.90000,24.00000,64.80000,67.30000,44,,,,
2025-12-03T08:43:07+07:00,3098,23.90000,24.00000,64.80000,67.30000,44,,,,
2025-12-03T08:48:11+07:00,3099,23.90000,24.00000,64.90000,67.30000,44,,,,
2025-12-03T08:53:15+07:00,3100,23.90000,24.00000,64.90000,67.30000,44,,,,
2025-12-03T08:58:20+07:00,3101,23.90000,24.00000,64.90000,67.30000,44,,,,
2025-12-03T09:03:24+07:00,3102,23.90000,24.00000,64.90000,67.30000,44,,,,
2025-12-03T09:08:27+07:00,3103,24.00000,24.10000,65.00000,67.40000,44,,,,
2025-12-03T09:13:32+07:00,3104,24.00000,24.10000,65.00000,67.30000,44,,,,
2025-12-03T09:18:36+07:00,3105,24.00000,24.10000,65.00000,67.40000,44,,,,
2025-12-03T09:23:40+07:00,3106,24.00000,24.20000,65.00000,67.40000,44,,,,
2025-12-03T09:28:45+07:00,3107,24.00000,24.20000,65.00000,67.40000,44,,,,
2025-12-03T09:33:49+07:00,3108,24.10000,24.20000,65.10000,67.40000,44,,,,
2025-12-03T09:38:55+07:00,3109,24.10000,24.30000,65.10000,67.40000,44,,,,
2025-12-03T09:43:59+07:00,3110,24.10000,24.30000,65.10000,67.40000,44,,,,
2025-12-03T09:49:03+07:00,3111,24.10000,24.30000,65.20000,67.40000,44,,,,
2025-12-03T09:54:06+07:00,3112,24.10000,24.30000,65.20000,67.50000,44,,,,
2025-12-03T09:59:10+07:00,3113,24.20000,24.40000,65.30000,67.50000,44,,,,
2025-12-03T10:04:14+07:00,3114,24.20000,24.40000,65.30000,67.50000,44,,,,
2025-12-03T10:09:18+07:00,3115,24.20000,24.40000,65.40000,67.50000,44,,,,
2025-12-03T10:14:23+07:00,3116,24.20000,24.40000,65.40000,67.50000,44,,,,
2025-12-03T10:19:27+07:00,3117,24.20000,24.50000,65.50000,67.50000,44,,,,
2025-12-03T10:24:31+07:00,3118,24.30000,24.50000,65.50000,67.60001,43,,,,
2025-12-03T10:29:35+07:00,3119,24.30000,24.50000,65.50000,67.60001,43,,,,
2025-12-03T10:34:40+07:00,3120,24.30000,24.60000,65.60000,67.60001,44,,,,
2025-12-03T10:39:44+07:00,3121,24.40000,24.60000,65.70000,67.60001,44,,,,
2025-12-03T10:44:48+07:00,3122,24.40000,24.60000,65.70000,67.60001,44,,,,
2025-12-03T10:49:52+07:00,3123,24.40000,24.70000,65.70000,67.60001,43,,,,
2025-12-03T10:54:57+07:00,3124,24.40000,24.70000,65.80000,67.60001,43,,,,
2025-12-03T11:00:00+07:00,3125,24.50000,24.70000,65.80000,67.60001,44,,,,
2025-12-03T11:05:04+07:00,3126,24.50000,24.70000,65.80000,67.60001,44,,,,
2025-12-03T11:10:09+07:00,3127,24.50000,24.80000,65.90000,67.60001,44,,,,
2025-12-03T11:15:13+07:00,3128,24.50000,24.80000,65.90000,67.70000,43,,,,
2025-12-03T11:20:17+07:00,3129,24.50000,24.80000,65.90000,67.60001,44,,,,
2025-12-03T11:25:21+07:00,3130,24.60000,24.90000,66.00000,67.70000,43,,,,
2025-12-03T11:30:25+07:00,3131,24.60000,24.90000,66.00000,67.70000,43,,,,
2025-12-03T11:35:29+07:00,3132,24.60000,24.90000,66.10000,67.70000,43,,,,
2025-12-03T11:38:33+07:00,3133,-0.40000,-0.30000,0.00000,0.00000,45,,,,
2025-12-03T11:40:37+07:00,3134,24.60000,25.00000,66.10000,67.70000,44,,,,
2025-12-03T11:43:26+07:00,3135,-0.40000,-0.30000,0.00000,0.00000,44,,,,
2025-12-03T11:44:30+07:00,3136,-0.40000,-0.30000,0.00000,0.00000,43,,,,
2025-12-03T11:45:41+07:00,3137,24.70000,25.00000,66.20000,67.70000,43,,,,
2025-12-03T11:50:45+07:00,3138,24.70000,25.00000,66.20000,67.70000,43,,,,
2025-12-03T11:55:49+07:00,3139,24.70000,25.10000,66.20000,67.70000,43,,,,
2025-12-03T12:06:00+07:00,3140,24.70000,25.10000,66.30000,67.70000,43,,,,
2025-12-03T12:11:04+07:00,3141,24.80000,25.10000,66.30000,67.70000,43,,,,
2025-12-03T12:16:09+07:00,3142,24.80000,25.20000,66.40000,67.80000,43,,,,
2025-12-03T12:21:13+07:00,3143,24.80000,25.20000,66.40000,67.80000,43,,,,
2025-12-03T12:26:17+07:00,3144,24.80000,25.20000,66.40000,67.80000,43,,,,
2025-12-03T12:31:21+07:00,3145,24.80000,25.20000,66.40000,67.80000,43,,,,
2025-12-03T12:36:34+07:00,3146,24.80000,25.20000,66.40000,67.80000,43,,,,
2025-12-03T12:41:38+07:00,3147,24.90000,25.30000,66.40000,67.80000,43,,,,
2025-12-03T12:46:42+07:00,3148,24.90000,25.30000,66.40000,67.80000,43,,,,
2025-12-03T12:51:46+07:00,3149,24.90000,25.30000,66.40000,67.80000,43,,,,
2025-12-03T12:56:50+07:00,3150,24.90000,25.30000,66.50000,67.80000,43,,,,
2025-12-03T13:01:55+07:00,3151,24.90000,25.30000,66.50000,67.80000,43,,,,
2025-12-03T13:06:59+07:00,3152,24.90000,25.30000,66.50000,67.80000,43,,,,
2025-12-03T13:12:03+07:00,3153,24.90000,25.30000,66.50000,67.80000,43,,,,
2025-12-03T13:17:07+07:00,3154,24.90000,25.40000,66.50000,67.80000,43,,,,
2025-12-03T13:22:12+07:00,3155,25.00000,25.40000,66.50000,67.80000,43,,,,
2025-12-03T13:27:16+07:00,3156,25.00000,25.40000,66.50000,67.80000,43,,,,
2025-12-03T13:32:21+07:00,3157,25.00000,25.40000,66.50000,67.80000,43,,,,
2025-12-03T13:37:25+07:00,3158,25.00000,25.40000,66.50000,67.90000,43,,,,
2025-12-03T13:42:29+07:00,3159,25.00000,25.40000,66.50000,67.80000,43,,,,
2025-12-03T13:47:33+07:00,3160,25.00000,25.40000,66.50000,67.90000,43,,,,
2025-12-03T13:52:37+07:00,3161,25.00000,25.40000,66.50000,67.90000,43,,,,
2025-12-03T13:57:41+07:00,3162,25.00000,25.50000,66.50000,67.90000,43,,,,
2025-12-03T14:02:45+07:00,3163,25.00000,25.50000,66.50000,67.90000,43,,,,
2025-12-03T14:12:56+07:00,3164,25.00000,25.50000,66.50000,67.80000,43,,,,
2025-12-03T14:18:00+07:00,3165,25.00000,25.50000,66.50000,67.90000,43,,,,
2025-12-03T14:23:07+07:00,3166,25.00000,25.50000,66.50000,67.90000,43,,,,
2025-12-03T14:28:11+07:00,3167,25.00000,25.50000,66.50000,67.90000,43,,,,
2025-12-03T14:33:16+07:00,3168,25.00000,25.50000,66.50000,67.90000,43,,,,
2025-12-03T14:43:27+07:00,3169,25.00000,25.50000,66.50000,67.90000,43,,,,
2025-12-03T14:48:31+07:00,3170,25.10000,25.50000,66.90000,67.90000,43,,,,
2025-12-03T14:53:36+07:00,3171,25.10000,25.50000,67.30000,67.90000,43,,,,
2025-12-03T14:58:49+07:00,3172,25.10000,25.50000,67.60000,68.00000,43,,,,
2025-12-03T15:03:52+07:00,3173,25.10000,25.60000,67.70000,68.00000,43,,,,
2025-12-03T15:14:17+07:00,3174,25.20000,25.60000,68.00000,68.00000,43,,,,
2025-12-03T15:19:21+07:00,3175,25.20000,25.60000,67.80000,68.00000,43,,,,
2025-12-03T15:24:25+07:00,3176,25.20000,25.70000,68.00000,68.00000,43,,,,
2025-12-03T15:29:30+07:00,3177,25.30000,25.70000,68.10000,68.10001,43,,,,
2025-12-03T15:34:34+07:00,3178,25.30000,25.70000,68.20000,68.10001,43,,,,
2025-12-03T15:39:38+07:00,3179,25.30000,25.80000,68.20000,68.10001,43,,,,
2025-12-03T15:44:42+07:00,3180,25.30000,25.80000,68.30000,68.10001,43,,,,
2025-12-03T15:49:46+07:00,3181,25.40000,25.80000,68.30000,68.10001,43,,,,
2025-12-03T15:54:50+07:00,3182,25.40000,25.90000,68.60000,68.10001,43,,,,
2025-12-03T15:59:54+07:00,3183,25.40000,25.90000,68.60000,68.10001,43,,,,
2025-12-03T16:04:59+07:00,3184,25.40000,25.90000,68.70000,68.10001,43,,,,
2025-12-03T16:10:03+07:00,3185,25.50000,26.00000,68.80000,68.10001,43,,,,
2025-12-03T16:15:07+07:00,3186,25.50000,26.00000,68.50000,68.70000,43,,,,
2025-12-03T16:20:11+07:00,3187,25.80000,26.10000,68.90000,69.50000,43,,,,
2025-12-03T16:25:15+07:00,3188,25.90000,26.20000,68.10000,69.10001,43,,,,
2025-12-03T16:35:26+07:00,3189,26.00000,26.20000,67.70000,68.80000,43,,,,
2025-12-03T16:40:30+07:00,3190,26.00000,26.20000,67.80000,68.60001,43,,,,
2025-12-03T16:45:34+07:00,3191,26.00000,26.20000,67.60000,68.70000,43,,,,
2025-12-03T16:50:39+07:00,3192,26.00000,26.30000,67.50000,68.50000,43,,,,
2025-12-03T16:55:43+07:00,3193,26.00000,26.20000,67.70000,69.00000,43,,,,
2025-12-03T17:00:47+07:00,3194,26.00000,26.30000,67.70000,68.50000,43,,,,
2025-12-03T17:05:51+07:00,3195,26.00000,26.20000,67.80000,68.70000,43,,,,
2025-12-03T17:10:55+07:00,3196,26.00000,26.20000,68.00000,69.60001,43,,,,
2025-12-03T17:16:00+07:00,3197,26.00000,26.20000,68.40000,69.30000,43,,,,
2025-12-03T17:21:04+07:00,3198,26.00000,26.30000,68.60000,69.80000,43,,,,
2025-12-03T17:26:08+07:00,3199,26.00000,26.20000,68.70000,70.00000,43,,,,
2025-12-03T17:31:13+07:00,3200,26.10000,26.20000,69.20000,69.80000,43,,,,
2025-12-03T17:36:17+07:00,3201,26.10000,26.20000,68.90000,69.80000,43,,,,
2025-12-03T17:41:21+07:00,3202,26.00000,26.20000,69.00000,70.20000,43,,,,
2025-12-03T17:46:26+07:00,3203,25.90000,26.20000,69.10000,69.70000,43,,,,
2025-12-03T17:51:30+07:00,3204,25.80000,26.20000,69.10000,69.60001,43,,,,
2025-12-03T17:56:34+07:00,3205,25.80000,26.20000,68.90000,69.50000,43,,,,
2025-12-03T18:01:38+07:00,3206,25.70000,26.10000,68.80000,69.30000,43,,,,
2025-12-03T18:06:43+07:00,3207,25.70000,26.10000,68.70000,69.30000,43,,,,
2025-12-03T18:11:46+07:00,3208,25.70000,26.10000,68.70000,69.20000,43,,,,
2025-12-03T18:16:51+07:00,3209,25.60000,26.10000,68.60000,69.20000,43,,,,
2025-12-03T18:21:56+07:00,3210,25.60000,26.00000,68.50000,69.20000,43,,,,
2025-12-03T18:27:00+07:00,3211,25.50000,26.00000,68.40000,69.20000,43,,,,
2025-12-03T18:32:04+07:00,3212,25.50000,26.00000,68.30000,69.10001,43,,,,
2025-12-03T18:37:09+07:00,3213,25.50000,25.90000,68.30000,69.10001,43,,,,
2025-12-03T18:42:13+07:00,3214,25.40000,25.90000,68.20000,69.10001,43,,,,
2025-12-03T18:47:17+07:00,3215,25.40000,25.90000,68.20000,69.10001,43,,,,
2025-12-03T18:52:21+07:00,3216,25.40000,25.90000,68.10000,69.00000,43,,,,
2025-12-03T18:57:25+07:00,3217,25.30000,25.80000,68.10000,69.00000,43,,,,
2025-12-03T19:02:29+07:00,3218,25.30000,25.80000,68.00000,69.00000,43,,,,
2025-12-03T19:07:34+07:00,3219,25.30000,25.80000,68.00000,69.00000,43,,,,
2025-12-03T19:12:38+07:00,3220,25.20000,25.70000,67.90000,69.00000,43,,,,
2025-12-03T19:17:42+07:00,3221,25.20000,25.70000,67.90000,69.00000,43,,,,
2025-12-03T19:22:46+07:00,3222,25.20000,25.70000,67.80000,69.00000,43,,,,
2025-12-03T19:27:50+07:00,3223,25.20000,25.70000,67.80000,69.00000,43,,,,
2025-12-03T19:32:54+07:00,3224,25.10000,25.60000,67.80000,69.00000,43,,,,
2025-12-03T19:37:58+07:00,3225,25.10000,25.60000,67.70000,69.00000,43,,,,
2025-12-03T19:43:03+07:00,3226,25.10000,25.60000,67.70000,69.00000,43,,,,
2025-12-03T19:48:07+07:00,3227,25.10000,25.60000,67.60000,69.10001,43,,,,
2025-12-03T19:53:11+07:00,3228,25.00000,25.50000,67.60000,69.00000,43,,,,
2025-12-03T19:58:16+07:00,3229,25.00000,25.50000,67.60000,69.00000,43,,,,
2025-12-03T20:03:21+07:00,3230,25.00000,25.50000,67.60000,69.00000,43,,,,
2025-12-03T20:08:25+07:00,3231,25.00000,25.50000,67.50000,69.00000,43,,,,
2025-12-03T20:13:29+07:00,3232,25.00000,25.40000,67.50000,68.90000,43,,,,
2025-12-03T20:18:33+07:00,3233,24.90000,25.40000,67.40000,68.90000,43,,,,
2025-12-03T20:23:37+07:00,3234,24.90000,25.40000,67.40000,68.90000,43,,,,
2025-12-03T20:28:42+07:00,3235,24.90000,25.40000,67.40000,68.90000,43,,,,
2025-12-03T20:33:46+07:00,3236,24.90000,25.30000,67.30000,68.90000,43,,,,
2025-12-03T20:38:50+07:00,3237,24.90000,25.30000,67.30000,68.90000,43,,,,
2025-12-03T20:43:54+07:00,3238,24.80000,25.30000,67.30000,68.90000,43,,,,
2025-12-03T20:48:59+07:00,3239,24.80000,25.30000,67.20000,68.80000,42,,,,
2025-12-03T20:54:03+07:00,3240,24.80000,25.20000,67.20000,68.90000,42,,,,
2025-12-03T20:59:08+07:00,3241,24.80000,25.20000,67.20000,68.80000,43,,,,
2025-12-03T21:04:12+07:00,3242,24.80000,25.20000,67.20000,68.90000,43,,,,
2025-12-03T21:09:17+07:00,3243,24.70000,25.20000,67.10000,68.80000,42,,,,
2025-12-03T21:14:21+07:00,3244,24.70000,25.20000,67.10000,68.80000,42,,,,
2025-12-03T21:19:25+07:00,3245,24.70000,25.10000,67.10000,68.80000,42,,,,
2025-12-03T21:24:29+07:00,3246,24.70000,25.10000,67.10000,68.70000,42,,,,
2025-12-03T21:29:33+07:00,3247,24.70000,25.10000,67.00000,68.70000,43,,,,
2025-12-03T21:34:37+07:00,3248,24.60000,25.10000,67.00000,68.80000,43,,,,
2025-12-03T21:39:41+07:00,3249,24.60000,25.00000,67.00000,68.70000,42,,,,
2025-12-03T21:44:46+07:00,3250,24.60000,25.00000,67.00000,68.70000,42,,,,
2025-12-03T21:49:50+07:00,3251,24.60000,25.00000,67.00000,68.70000,42,,,,
2025-12-03T21:54:54+07:00,3252,24.60000,25.00000,66.90000,68.70000,42,,,,
2025-12-03T21:59:58+07:00,3253,24.50000,25.00000,66.90000,68.70000,42,,,,
2025-12-03T22:05:03+07:00,3254,24.50000,24.90000,66.90000,68.70000,42,,,,
2025-12-03T22:10:07+07:00,3255,24.50000,24.90000,66.90000,68.70000,42,,,,
2025-12-03T22:15:12+07:00,3256,24.50000,24.90000,66.90000,68.60001,42,,,,
2025-12-03T22:20:16+07:00,3257,24.50000,24.90000,66.90000,68.70000,42,,,,
2025-12-03T22:25:21+07:00,3258,24.50000,24.90000,66.80000,68.60001,42,,,,
2025-12-03T22:30:25+07:00,3259,24.50000,24.80000,66.80000,68.60001,42,,,,
2025-12-03T22:35:29+07:00,3260,24.50000,24.80000,66.80000,68.60001,42,,,,
2025-12-03T22:40:34+07:00,3261,24.40000,24.80000,66.80000,68.60001,42,,,,
2025-12-03T22:45:38+07:00,3262,24.40000,24.80000,66.80000,68.60001,42,,,,
2025-12-03T22:50:43+07:00,3263,24.40000,24.80000,66.80000,68.60001,42,,,,
2025-12-03T22:55:47+07:00,3264,24.40000,24.70000,66.80000,68.60001,42,,,,
2025-12-03T23:00:51+07:00,3265,24.40000,24.70000,66.80000,68.50000,42,,,,
2025-12-03T23:05:56+07:00,3266,24.40000,24.70000,66.80000,68.60001,42,,,,
2025-12-03T23:10:59+07:00,3267,24.40000,24.70000,66.80000,68.60001,42,,,,
2025-12-03T23:16:04+07:00,3268,24.40000,24.70000,66.80000,68.50000,42,,,,
2025-12-03T23:21:08+07:00,3269,24.30000,24.70000,66.70000,68.50000,42,,,,
2025-12-03T23:26:12+07:00,3270,24.30000,24.60000,66.70000,68.50000,42,,,,
2025-12-03T23:31:16+07:00,3271,24.30000,24.60000,66.70000,68.50000,42,,,,
2025-12-03T23:36:20+07:00,3272,24.30000,24.60000,66.70000,68.50000,42,,,,
2025-12-03T23:41:25+07:00,3273,24.30000,24.60000,66.70000,68.50000,42,,,,
2025-12-03T23:46:29+07:00,3274,24.30000,24.60000,66.70000,68.50000,42,,,,
2025-12-03T23:51:34+07:00,3275,24.20000,24.50000,66.70000,68.50000,42,,,,
2025-12-03T23:56:38+07:00,3276,24.20000,24.50000,66.60000,68.50000,42,,,,
2025-12-04T00:01:43+07:00,3277,24.20000,24.50000,66.60000,68.40000,42,,,,
2025-12-04T00:06:47+07:00,3278,24.20000,24.50000,66.60000,68.40000,42,,,,
2025-12-04T00:11:51+07:00,3279,24.20000,24.50000,66.60000,68.40000,42,,,,
2025-12-04T00:16:54+07:00,3280,24.20000,24.40000,66.60000,68.40000,42,,,,
2025-12-04T00:21:59+07:00,3281,24.10000,24.40000,66.60000,68.40000,42,,,,
2025-12-04T00:27:03+07:00,3282,24.10000,24.40000,66.60000,68.40000,42,,,,
2025-12-04T00:32:07+07:00,3283,24.10000,24.40000,66.60000,68.40000,42,,,,
2025-12-04T00:37:12+07:00,3284,24.10000,24.40000,66.60000,68.40000,42,,,,
2025-12-04T00:42:16+07:00,3285,24.10000,24.40000,66.60000,68.40000,42,,,,
2025-12-04T00:47:23+07:00,3286,24.10000,24.40000,66.50000,68.40000,42,,,,
2025-12-04T00:52:28+07:00,3287,24.10000,24.30000,66.60000,68.40000,42,,,,
2025-12-04T00:57:32+07:00,3288,24.10000,24.30000,66.60000,68.40000,42,,,,
2025-12-04T01:02:36+07:00,3289,24.10000,24.30000,66.50000,68.40000,42,,,,
2025-12-04T01:07:41+07:00,3290,24.10000,24.30000,66.50000,68.40000,42,,,,
2025-12-04T01:12:45+07:00,3291,24.00000,24.30000,66.50000,68.30000,42,,,,
2025-12-04T01:17:49+07:00,3292,24.00000,24.30000,66.50000,68.30000,42,,,,
2025-12-04T01:22:54+07:00,3293,24.00000,24.20000,66.40000,68.30000,42,,,,
2025-12-04T01:27:59+07:00,3294,24.00000,24.20000,66.50000,68.30000,42,,,,
2025-12-04T01:33:03+07:00,3295,24.00000,24.20000,66.50000,68.30000,42,,,,
2025-12-04T01:38:07+07:00,3296,24.00000,24.20000,66.40000,68.30000,42,,,,
2025-12-04T01:43:11+07:00,3297,24.00000,24.20000,66.40000,68.30000,42,,,,
2025-12-04T01:48:15+07:00,3298,23.90000,24.20000,66.40000,68.30000,42,,,,
2025-12-04T01:53:19+07:00,3299,23.90000,24.20000,66.40000,68.30000,42,,,,
2025-12-04T01:58:24+07:00,3300,23.90000,24.10000,66.40000,68.30000,42,,,,
2025-12-04T02:03:28+07:00,3301,23.90000,24.10000,66.40000,68.30000,42,,,,
2025-12-04T02:08:32+07:00,3302,23.90000,24.10000,66.40000,68.30000,41,,,,
2025-12-04T02:13:36+07:00,3303,23.90000,24.10000,66.40000,68.30000,41,,,,
2025-12-04T02:18:40+07:00,3304,23.90000,24.10000,66.40000,68.30000,42,,,,
2025-12-04T02:23:45+07:00,3305,23.90000,24.10000,66.40000,68.30000,41,,,,
2025-12-04T02:28:48+07:00,3306,23.90000,24.10000,66.30000,68.30000,41,,,,
2025-12-04T02:33:53+07:00,3307,23.90000,24.10000,66.30000,68.30000,42,,,,
2025-12-04T02:38:56+07:00,3308,23.90000,24.00000,66.30000,68.30000,41,,,,
2025-12-04T02:44:03+07:00,3309,23.90000,24.00000,66.30000,68.30000,41,,,,
2025-12-04T02:49:07+07:00,3310,23.90000,24.00000,66.30000,68.30000,41,,,,
2025-12-04T02:54:11+07:00,3311,23.90000,24.00000,66.30000,68.30000,41,,,,
2025-12-04T02:59:16+07:00,3312,23.90000,24.00000,66.30000,68.30000,41,,,,
2025-12-04T03:04:20+07:00,3313,23.80000,24.00000,66.30000,68.30000,41,,,,
2025-12-04T03:09:24+07:00,3314,23.80000,24.00000,66.30000,68.30000,41,,,,
2025-12-04T03:14:28+07:00,3315,23.80000,24.00000,66.30000,68.30000,41,,,,
2025-12-04T03:19:32+07:00,3316,23.80000,24.00000,66.30000,68.30000,41,,,,
2025-12-04T03:24:36+07:00,3317,23.80000,24.00000,66.30000,68.30000,41,,,,
2025-12-04T03:29:40+07:00,3318,23.80000,24.00000,66.30000,68.20000,41,,,,
2025-12-04T03:34:44+07:00,3319,23.80000,24.00000,66.30000,68.30000,41,,,,
2025-12-04T03:39:48+07:00,3320,23.80000,24.00000,66.30000,68.30000,41,,,,
2025-12-04T03:44:53+07:00,3321,23.80000,24.00000,66.30000,68.20000,41,,,,
2025-12-04T03:49:57+07:00,3322,23.80000,24.00000,66.30000,68.20000,41,,,,
2025-12-04T03:55:02+07:00,3323,23.80000,24.00000,66.20000,68.20000,41,,,,
2025-12-04T04:00:06+07:00,3324,23.80000,24.00000,66.20000,68.20000,41,,,,
2025-12-04T04:05:10+07:00,3325,23.80000,23.90000,66.20000,68.20000,41,,,,
2025-12-04T04:10:15+07:00,3326,23.80000,23.90000,66.20000,68.20000,41,,,,
2025-12-04T04:15:20+07:00,3327,23.70000,23.90000,66.20000,68.20000,41,,,,
2025-12-04T04:20:24+07:00,3328,23.70000,23.90000,66.20000,68.20000,41,,,,
2025-12-04T04:25:27+07:00,3329,23.70000,23.90000,66.20000,68.20000,41,,,,
2025-12-04T04:30:31+07:00,3330,23.70000,23.90000,66.20000,68.20000,41,,,,
2025-12-04T04:35:36+07:00,3331,23.70000,23.90000,66.10000,68.20000,41,,,,
2025-12-04T04:40:39+07:00,3332,23.70000,23.80000,66.20000,68.20000,41,,,,
2025-12-04T04:45:44+07:00,3333,23.70000,23.80000,66.20000,68.20000,41,,,,
2025-12-04T04:50:48+07:00,3334,23.70000,23.80000,66.10000,68.20000,41,,,,
2025-12-04T04:55:52+07:00,3335,23.70000,23.80000,66.20000,68.20000,41,,,,
2025-12-04T05:00:57+07:00,3336,23.70000,23.80000,66.20000,68.10001,41,,,,
2025-12-04T05:06:01+07:00,3337,23.60000,23.80000,66.10000,68.10001,41,,,,
2025-12-04T05:11:05+07:00,3338,23.60000,23.80000,66.10000,68.10001,41,,,,
2025-12-04T05:16:09+07:00,3339,23.60000,23.80000,66.10000,68.20000,41,,,,
2025-12-04T05:21:13+07:00,3340,23.60000,23.70000,66.10000,68.10001,41,,,,
2025-12-04T05:26:18+07:00,3341,23.60000,23.70000,66.10000,68.10001,41,,,,
2025-12-04T05:31:22+07:00,3342,23.60000,23.70000,66.10000,68.10001,41,,,,
2025-12-04T05:36:26+07:00,3343,23.60000,23.70000,66.10000,68.10001,41,,,,
2025-12-04T05:41:30+07:00,3344,23.60000,23.70000,66.00000,68.10001,41,,,,
2025-12-04T05:46:35+07:00,3345,23.60000,23.70000,66.10000,68.10001,41,,,,
2025-12-04T05:51:39+07:00,3346,23.60000,23.70000,66.10000,68.10001,41,,,,
2025-12-04T05:56:43+07:00,3347,23.60000,23.70000,66.10000,68.10001,41,,,,
2025-12-04T06:01:48+07:00,3348,23.50000,23.60000,66.10000,68.10001,41,,,,
2025-12-04T06:06:52+07:00,3349,23.60000,23.60000,66.10000,68.10001,41,,,,
2025-12-04T06:11:56+07:00,3350,23.60000,23.60000,66.10000,68.10001,41,,,,
2025-12-04T06:17:00+07:00,3351,23.50000,23.60000,66.00000,68.10001,41,,,,
2025-12-04T06:22:05+07:00,3352,23.60000,23.60000,66.10000,68.10001,41,,,,
2025-12-04T06:27:09+07:00,3353,23.50000,23.60000,66.10000,68.10001,41,,,,
2025-12-04T06:32:14+07:00,3354,23.50000,23.60000,66.10000,68.10001,41,,,,
2025-12-04T06:37:18+07:00,3355,23.50000,23.60000,66.00000,68.10001,41,,,,
2025-12-04T06:42:23+07:00,3356,23.50000,23.60000,66.10000,68.20000,41,,,,
2025-12-04T06:47:27+07:00,3357,23.60000,23.60000,66.00000,68.10001,41,,,,
2025-12-04T06:52:31+07:00,3358,23.60000,23.60000,66.00000,68.20000,41,,,,
2025-12-04T06:57:35+07:00,3359,23.60000,23.70000,66.10000,68.20000,41,,,,
2025-12-04T07:02:40+07:00,3360,23.60000,23.70000,66.10000,68.20000,41,,,,
2025-12-04T07:07:45+07:00,3361,23.60000,23.70000,66.10000,68.20000,41,,,,
2025-12-04T07:12:49+07:00,3362,23.60000,23.70000,66.10000,68.20000,41,,,,
2025-12-04T07:17:53+07:00,3363,23.60000,23.70000,66.10000,68.20000,41,,,,
2025-12-04T07:22:57+07:00,3364,23.60000,23.70000,66.10000,68.20000,41,,,,
2025-12-04T07:28:02+07:00,3365,23.70000,23.80000,66.10000,68.20000,41,,,,
2025-12-04T07:33:06+07:00,3366,23.70000,23.80000,66.10000,68.20000,41,,,,
2025-12-04T07:38:10+07:00,3367,23.70000,23.80000,66.20000,68.20000,41,,,,
2025-12-04T07:43:14+07:00,3368,23.80000,23.90000,66.20000,68.30000,41,,,,
2025-12-04T07:48:19+07:00,3369,23.80000,23.90000,66.20000,68.30000,41,,,,
2025-12-04T07:53:23+07:00,3370,23.80000,23.90000,66.20000,68.30000,41,,,,
2025-12-04T07:58:27+07:00,3371,23.80000,24.00000,66.30000,68.30000,41,,,,
2025-12-04T08:03:32+07:00,3372,23.90000,24.00000,66.30000,68.30000,41,,,,
2025-12-04T08:08:36+07:00,3373,23.90000,24.00000,66.40000,68.30000,41,,,,
2025-12-04T08:13:40+07:00,3374,23.90000,24.10000,66.40000,68.40000,41,,,,
2025-12-04T08:18:44+07:00,3375,23.90000,24.10000,66.40000,68.40000,41,,,,
2025-12-04T08:23:49+07:00,3376,24.00000,24.20000,66.50000,68.40000,41,,,,
2025-12-04T08:28:53+07:00,3377,24.00000,24.20000,66.60000,68.40000,41,,,,
2025-12-04T08:33:57+07:00,3378,24.00000,24.30000,66.60000,68.40000,41,,,,
2025-12-04T08:39:01+07:00,3379,24.10000,24.30000,66.70000,68.40000,41,,,,
2025-12-04T08:44:06+07:00,3380,24.10000,24.30000,66.70000,68.40000,41,,,,
2025-12-04T08:49:10+07:00,3381,24.10000,24.40000,66.80000,68.50000,41,,,,
2025-12-04T08:54:14+07:00,3382,24.20000,24.40000,66.80000,68.50000,41,,,,
2025-12-04T08:59:19+07:00,3383,24.20000,24.50000,66.90000,68.50000,41,,,,
2025-12-04T09:12:35+07:00,3384,24.30000,24.60000,67.00000,68.50000,40,,,,
2025-12-04T09:22:46+07:00,3385,24.40000,24.60000,67.10000,68.50000,40,,,,
2025-12-04T09:27:55+07:00,3386,24.40000,24.70000,67.10000,68.60001,40,,,,
2025-12-04T09:32:58+07:00,3387,24.40000,24.70000,67.20000,68.60001,40,,,,
2025-12-04T09:38:03+07:00,3388,24.40000,24.80000,67.30000,68.60001,41,,,,
2025-12-04T09:43:07+07:00,3389,24.50000,24.80000,67.30000,68.70000,41,,,,
2025-12-04T09:48:14+07:00,3390,24.80000,25.10000,71.90000,72.50000,40,,,,
2025-12-04T09:53:18+07:00,3391,25.20000,25.20000,71.90000,72.20000,40,,,,
2025-12-04T09:58:41+07:00,3392,25.40000,25.30000,71.60000,72.60001,40,,,,
2025-12-04T10:03:44+07:00,3393,25.50000,25.40000,71.00000,73.10001,40,,,,
2025-12-04T10:08:48+07:00,3394,25.70000,25.50000,71.50000,73.70000,40,,,,
2025-12-04T10:13:53+07:00,3395,25.80000,25.60000,70.80000,73.30000,40,,,,
2025-12-04T10:18:57+07:00,3396,25.80000,25.70000,71.00000,73.40000,40,,,,
2025-12-04T10:24:02+07:00,3397,25.90000,25.70000,70.80000,73.70000,40,,,,
2025-12-04T10:29:06+07:00,3398,26.00000,25.80000,70.80000,72.80000,40,,,,
2025-12-04T10:34:11+07:00,3399,26.10000,25.90000,70.10000,73.00000,40,,,,
2025-12-04T10:39:15+07:00,3400,26.00000,25.90000,70.30000,73.20000,40,,,,
2025-12-04T10:44:34+07:00,3401,26.00000,25.90000,70.20000,72.00000,40,,,,
2025-12-04T10:49:37+07:00,3402,25.80000,25.90000,69.10000,70.30000,40,,,,
2025-12-04T10:54:41+07:00,3403,25.80000,25.80000,68.60000,70.60001,40,,,,
2025-12-04T10:59:46+07:00,3404,25.60000,25.70000,67.60000,70.50000,40,,,,
2025-12-04T11:04:50+07:00,3405,25.50000,25.60000,67.50000,70.00000,40,,,,
2025-12-04T11:09:57+07:00,3406,25.40000,25.50000,66.90000,69.80000,40,,,,
2025-12-04T11:15:02+07:00,3407,25.20000,25.40000,66.70000,69.60001,40,,,,
2025-12-04T11:20:06+07:00,3408,25.10000,25.40000,66.90000,69.50000,40,,,,
2025-12-04T11:25:10+07:00,3409,25.10000,25.40000,67.40000,69.90000,40,,,,
2025-12-04T11:30:18+07:00,3410,25.10000,25.30000,67.70000,69.90000,40,,,,
2025-12-04T11:40:28+07:00,3411,25.00000,25.30000,68.20000,69.60001,40,,,,
2025-12-04T11:45:32+07:00,3412,25.00000,25.30000,68.60000,69.50000,40,,,,
2025-12-04T11:50:36+07:00,3413,24.90000,25.20000,69.00000,68.80000,40,,,,
2025-12-04T11:55:41+07:00,3414,24.90000,25.20000,68.80000,70.00000,40,,,,
2025-12-04T12:00:45+07:00,3415,24.90000,25.20000,68.70000,69.90000,40,,,,
2025-12-04T12:05:50+07:00,3416,24.90000,25.20000,68.70000,70.30000,40,,,,
2025-12-04T12:16:03+07:00,3417,24.80000,25.10000,69.00000,69.70000,40,,,,
2025-12-04T12:21:06+07:00,3418,24.70000,25.10000,69.30000,69.90000,40,,,,
2025-12-04T12:26:10+07:00,3419,24.70000,25.00000,69.40000,70.70000,40,,,,
2025-12-04T12:31:14+07:00,3420,24.70000,25.00000,69.60000,69.90000,40,,,,
2025-12-04T12:36:19+07:00,3421,24.70000,25.00000,69.40000,69.80000,40,,,,
2025-12-04T12:41:23+07:00,3422,24.70000,24.80000,69.00000,71.60001,40,,,,
2025-12-04T12:46:27+07:00,3423,24.60000,24.80000,68.70000,71.30000,40,,,,
2025-12-04T12:51:34+07:00,3424,24.60000,24.80000,68.80000,70.90000,40,,,,
2025-12-04T12:56:38+07:00,3425,24.60000,24.80000,69.00000,71.40000,40,,,,
2025-12-04T13:01:42+07:00,3426,24.40000,24.60000,69.00000,71.50000,40,,,,
2025-12-04T13:06:46+07:00,3427,24.50000,24.60000,69.00000,72.00000,40,,,,
2025-12-04T13:11:51+07:00,3428,24.50000,24.70000,69.20000,71.40000,40,,,,
2025-12-04T13:16:55+07:00,3429,24.50000,24.70000,69.50000,71.70000,40,,,,
2025-12-04T13:21:58+07:00,3430,24.50000,24.70000,69.70000,71.80000,40,,,,
2025-12-04T13:27:03+07:00,3431,24.50000,24.60000,70.00000,71.40000,40,,,,
2025-12-04T13:32:06+07:00,3432,24.60000,24.70000,70.10000,72.40000,40,,,,
2025-12-04T13:42:26+07:00,3433,24.60000,24.60000,69.90000,71.70000,40,,,,
2025-12-04T13:47:29+07:00,3434,24.60000,24.70000,70.20000,72.40000,40,,,,
2025-12-04T13:52:33+07:00,3435,24.60000,24.70000,69.90000,72.50000,40,,,,
2025-12-04T13:57:37+07:00,3436,24.60000,24.70000,70.00000,72.10001,40,,,,
2025-12-04T14:02:42+07:00,3437,24.60000,24.60000,70.10000,72.90000,40,,,,
2025-12-04T14:07:46+07:00,3438,24.60000,24.60000,70.10000,73.50000,40,,,,
2025-12-04T14:12:53+07:00,3439,24.60000,24.60000,70.00000,72.90000,40,,,,
2025-12-04T14:17:56+07:00,3440,24.60000,24.60000,70.00000,73.60001,40,,,,
2025-12-04T14:23:01+07:00,3441,24.60000,24.60000,70.00000,73.00000,40,,,,
2025-12-04T14:28:04+07:00,3442,24.60000,24.60000,70.10000,72.60001,40,,,,
2025-12-04T14:33:09+07:00,3443,24.60000,24.60000,70.00000,72.60001,40,,,,
2025-12-04T14:38:13+07:00,3444,24.60000,24.60000,70.00000,72.60001,40,,,,
2025-12-04T14:43:17+07:00,3445,24.60000,24.70000,70.10000,72.50000,40,,,,
2025-12-04T14:48:22+07:00,3446,24.60000,24.70000,70.20000,72.50000,40,,,,
2025-12-04T14:53:26+07:00,3447,24.60000,24.70000,70.30000,72.90000,40,,,,
2025-12-04T14:58:31+07:00,3448,24.60000,24.70000,70.30000,72.40000,40,,,,
2025-12-04T15:03:35+07:00,3449,24.60000,24.70000,70.30000,72.30000,40,,,,
2025-12-04T15:08:39+07:00,3450,24.60000,24.70000,70.40000,72.30000,40,,,,
2025-12-04T15:13:43+07:00,3451,24.60000,24.70000,70.10000,72.50000,39,,,,
2025-12-04T15:18:47+07:00,3452,24.60000,24.70000,70.00000,72.30000,40,,,,
2025-12-04T15:23:51+07:00,3453,24.60000,24.70000,69.90000,72.40000,40,,,,
2025-12-04T15:28:55+07:00,3454,24.60000,24.70000,69.70000,72.30000,40,,,,
2025-12-04T15:33:59+07:00,3455,24.60000,24.70000,69.90000,73.60001,40,,,,
2025-12-04T15:39:03+07:00,3456,24.50000,24.60000,69.80000,73.00000,40,,,,
2025-12-04T15:44:07+07:00,3457,24.40000,24.60000,69.90000,73.00000,40,,,,
2025-12-04T15:49:11+07:00,3458,24.40000,24.60000,69.80000,73.10001,40,,,,
2025-12-04T15:54:15+07:00,3459,24.30000,24.60000,69.80000,72.90000,40,,,,
2025-12-04T15:59:19+07:00,3460,24.30000,24.60000,69.80000,72.70000,40,,,,
2025-12-04T16:04:23+07:00,3461,24.30000,24.50000,69.70000,72.60001,40,,,,
2025-12-04T16:09:28+07:00,3462,24.20000,24.50000,69.70000,72.60001,40,,,,
2025-12-04T16:14:32+07:00,3463,24.20000,24.50000,69.60000,72.60001,40,,,,
2025-12-04T16:19:36+07:00,3464,24.20000,24.50000,69.60000,72.50000,40,,,,
2025-12-04T16:24:40+07:00,3465,24.20000,24.40000,69.60000,72.50000,40,,,,
2025-12-04T16:29:44+07:00,3466,24.10000,24.40000,69.50000,72.40000,40,,,,
2025-12-04T16:34:48+07:00,3467,24.10000,24.40000,69.40000,72.40000,41,,,,
2025-12-04T16:39:53+07:00,3468,24.10000,24.40000,69.40000,72.40000,40,,,,
2025-12-04T16:44:57+07:00,3469,24.10000,24.30000,69.40000,72.30000,40,,,,
2025-12-04T16:50:02+07:00,3470,24.10000,24.30000,69.30000,72.30000,40,,,,
2025-12-04T16:55:06+07:00,3471,24.00000,24.30000,69.30000,72.30000,40,,,,
2025-12-04T17:00:10+07:00,3472,24.00000,24.30000,69.20000,72.20000,41,,,,
2025-12-04T17:05:15+07:00,3473,24.00000,24.20000,69.30000,72.30000,41,,,,
2025-12-04T17:10:20+07:00,3474,24.00000,24.20000,69.20000,72.20000,41,,,,
2025-12-04T17:15:24+07:00,3475,24.00000,24.20000,69.20000,72.20000,41,,,,
2025-12-04T17:20:28+07:00,3476,23.90000,24.20000,69.20000,72.10001,40,,,,
2025-12-04T17:25:32+07:00,3477,23.90000,24.20000,69.20000,72.10001,41,,,,
2025-12-04T17:30:37+07:00,3478,23.90000,24.10000,69.10000,72.10001,40,,,,
2025-12-04T17:35:41+07:00,3479,23.90000,24.10000,69.00000,72.00000,40,,,,
2025-12-04T17:40:45+07:00,3480,23.90000,24.10000,69.00000,72.00000,41,,,,
2025-12-04T17:45:49+07:00,3481,23.80000,24.10000,69.00000,72.00000,40,,,,
2025-12-04T17:50:54+07:00,3482,23.80000,24.00000,69.00000,72.00000,41,,,,
2025-12-04T17:55:58+07:00,3483,23.80000,24.00000,69.00000,71.90000,41,,,,
2025-12-04T18:01:02+07:00,3484,23.80000,23.90000,68.90000,71.90000,40,,,,
2025-12-04T18:06:07+07:00,3485,23.70000,23.90000,68.90000,71.80000,40,,,,
2025-12-04T18:11:10+07:00,3486,23.70000,23.90000,68.90000,71.80000,41,,,,
2025-12-04T18:16:15+07:00,3487,23.70000,23.90000,68.90000,71.80000,41,,,,
2025-12-04T18:21:19+07:00,3488,23.70000,23.80000,68.90000,71.70000,40,,,,
2025-12-04T18:26:23+07:00,3489,23.70000,23.80000,68.90000,71.70000,41,,,,
2025-12-04T18:31:28+07:00,3490,23.70000,23.80000,68.80000,71.70000,40,,,,
2025-12-04T18:36:32+07:00,3491,23.60000,23.80000,68.80000,71.70000,41,,,,
2025-12-04T18:41:36+07:00,3492,23.60000,23.80000,68.80000,71.70000,41,,,,
2025-12-04T18:46:41+07:00,3493,23.60000,23.80000,68.80000,71.80000,41,,,,
2025-12-04T18:51:45+07:00,3494,23.60000,23.70000,68.80000,71.70000,40,,,,
2025-12-04T18:56:49+07:00,3495,23.60000,23.70000,68.70000,71.70000,41,,,,
2025-12-04T19:01:53+07:00,3496,23.60000,23.70000,68.70000,71.70000,41,,,,
2025-12-04T19:06:58+07:00,3497,23.60000,23.70000,68.70000,71.70000,40,,,,
2025-12-04T19:12:03+07:00,3498,23.50000,23.60000,68.70000,71.70000,40,,,,
2025-12-04T19:17:08+07:00,3499,23.50000,23.60000,68.60000,71.70000,40,,,,
2025-12-04T19:22:12+07:00,3500,23.50000,23.60000,68.60000,71.70000,40,,,,
2025-12-04T19:52:48+07:00,3501,23.40000,23.40000,68.50000,71.60001,40,,,,
2025-12-04T19:57:52+07:00,3502,23.30000,23.40000,68.50000,71.60001,40,,,,
2025-12-04T20:02:58+07:00,3503,23.30000,23.40000,68.50000,72.10001,40,,,,
2025-12-04T20:08:03+07:00,3504,23.30000,23.40000,68.50000,72.30000,40,,,,
2025-12-04T20:13:06+07:00,3505,23.30000,23.40000,68.50000,72.40000,40,,,,
2025-12-04T20:18:10+07:00,3506,23.30000,23.40000,68.50000,72.40000,40,,,,
2025-12-04T20:23:13+07:00,3507,23.30000,23.40000,68.50000,72.30000,40,,,,
2025-12-04T20:28:17+07:00,3508,23.30000,23.30000,68.50000,72.30000,40,,,,
2025-12-04T20:33:21+07:00,3509,23.30000,23.30000,68.50000,72.30000,40,,,,
2025-12-04T20:38:25+07:00,3510,23.30000,23.30000,68.50000,72.20000,40,,,,
2025-12-04T20:43:29+07:00,3511,23.30000,23.30000,68.40000,72.20000,40,,,,
2025-12-04T20:48:32+07:00,3512,23.30000,23.30000,68.40000,72.10001,40,,,,
2025-12-04T20:53:37+07:00,3513,23.30000,23.30000,68.40000,72.10001,40,,,,
2025-12-04T20:58:40+07:00,3514,23.30000,23.30000,68.40000,72.10001,40,,,,
2025-12-04T21:03:44+07:00,3515,23.30000,23.30000,68.40000,72.10001,40,,,,
2025-12-04T21:08:49+07:00,3516,23.30000,23.40000,68.40000,72.00000,40,,,,
2025-12-04T21:13:53+07:00,3517,23.30000,23.30000,68.40000,72.10001,40,,,,
2025-12-04T21:18:57+07:00,3518,23.30000,23.30000,68.40000,72.00000,40,,,,
2025-12-04T21:24:01+07:00,3519,23.30000,23.30000,68.30000,72.00000,40,,,,
2025-12-04T21:29:05+07:00,3520,23.30000,23.30000,68.30000,72.00000,40,,,,
2025-12-04T21:34:10+07:00,3521,23.30000,23.30000,68.30000,71.90000,40,,,,
2025-12-04T21:39:14+07:00,3522,23.20000,23.30000,68.30000,71.80000,40,,,,
2025-12-04T21:44:18+07:00,3523,23.20000,23.30000,68.30000,71.70000,40,,,,
2025-12-04T21:49:21+07:00,3524,23.20000,23.30000,68.20000,71.70000,40,,,,
2025-12-04T21:54:25+07:00,3525,23.20000,23.20000,68.20000,71.60001,40,,,,
2025-12-04T21:59:30+07:00,3526,23.10000,23.20000,68.20000,71.60001,40,,,,
2025-12-04T22:04:34+07:00,3527,23.10000,23.20000,68.10000,71.50000,40,,,,
2025-12-04T22:09:38+07:00,3528,23.10000,23.10000,68.10000,71.50000,40,,,,
2025-12-04T22:14:42+07:00,3529,23.10000,23.10000,68.10000,71.50000,40,,,,
2025-12-04T22:19:46+07:00,3530,23.10000,23.10000,68.10000,71.50000,40,,,,
2025-12-04T22:24:50+07:00,3531,23.10000,23.10000,68.10000,71.50000,40,,,,
2025-12-04T22:29:54+07:00,3532,23.00000,23.10000,68.00000,71.40000,40,,,,
2025-12-04T22:34:58+07:00,3533,23.00000,23.00000,68.00000,71.40000,40,,,,
2025-12-04T22:40:02+07:00,3534,23.00000,23.00000,68.00000,71.40000,40,,,,
2025-12-04T22:45:06+07:00,3535,23.00000,23.00000,68.00000,71.40000,40,,,,
2025-12-04T22:50:10+07:00,3536,23.00000,23.00000,68.00000,71.40000,40,,,,
2025-12-04T22:55:14+07:00,3537,23.00000,22.90000,68.00000,71.30000,40,,,,
2025-12-04T23:00:19+07:00,3538,22.90000,22.90000,68.00000,71.30000,40,,,,
2025-12-04T23:05:24+07:00,3539,22.90000,22.90000,68.00000,71.30000,40,,,,
2025-12-04T23:10:28+07:00,3540,22.90000,22.90000,67.90000,71.30000,40,,,,
2025-12-04T23:15:32+07:00,3541,22.90000,22.90000,67.90000,71.20000,40,,,,
2025-12-04T23:20:36+07:00,3542,22.90000,22.90000,67.90000,71.20000,40,,,,
2025-12-04T23:25:40+07:00,3543,22.90000,22.80000,67.90000,71.20000,40,,,,
2025-12-04T23:30:44+07:00,3544,22.90000,22.80000,67.90000,71.10001,40,,,,
2025-12-04T23:35:49+07:00,3545,22.80000,22.80000,67.90000,71.20000,40,,,,
2025-12-04T23:40:53+07:00,3546,22.80000,22.80000,67.90000,71.10001,40,,,,
2025-12-04T23:45:58+07:00,3547,22.80000,22.80000,67.90000,71.10001,40,,,,
2025-12-04T23:51:02+07:00,3548,22.80000,22.80000,67.80000,71.10001,40,,,,
2025-12-04T23:56:06+07:00,3549,22.80000,22.80000,67.80000,71.10001,40,,,,
2025-12-05T00:01:11+07:00,3550,22.80000,22.70000,67.80000,71.10001,40,,,,
2025-12-05T00:06:15+07:00,3551,22.80000,22.70000,67.80000,71.10001,40,,,,
2025-12-05T00:11:19+07:00,3552,22.80000,22.70000,67.80000,71.10001,40,,,,
2025-12-05T00:16:23+07:00,3553,22.80000,22.70000,67.80000,71.10001,40,,,,
2025-12-05T00:21:27+07:00,3554,22.80000,22.70000,67.80000,71.10001,40,,,,
2025-12-05T00:26:31+07:00,3555,22.80000,22.70000,67.80000,71.00000,40,,,,
2025-12-05T00:31:35+07:00,3556,22.80000,22.70000,67.80000,71.00000,40,,,,
2025-12-05T00:36:39+07:00,3557,22.70000,22.70000,67.80000,71.00000,40,,,,
2025-12-05T00:41:44+07:00,3558,22.70000,22.70000,67.80000,71.00000,40,,,,
2025-12-05T00:46:48+07:00,3559,22.70000,22.70000,67.80000,71.00000,40,,,,
2025-12-05T00:51:53+07:00,3560,22.70000,22.60000,67.70000,71.00000,40,,,,
2025-12-05T00:56:57+07:00,3561,22.70000,22.60000,67.70000,71.00000,40,,,,
2025-12-05T01:02:02+07:00,3562,22.70000,22.60000,67.70000,70.90000,40,,,,
2025-12-05T01:07:05+07:00,3563,22.70000,22.60000,67.70000,71.00000,40,,,,
2025-12-05T01:12:10+07:00,3564,22.70000,22.60000,67.70000,71.00000,40,,,,
2025-12-05T01:17:14+07:00,3565,22.70000,22.60000,67.70000,71.00000,40,,,,
2025-12-05T01:22:18+07:00,3566,22.70000,22.60000,67.70000,71.00000,40,,,,
2025-12-05T01:27:23+07:00,3567,22.60000,22.60000,67.60000,70.90000,40,,,,
2025-12-05T01:32:27+07:00,3568,22.60000,22.60000,67.70000,70.90000,40,,,,
2025-12-05T01:37:32+07:00,3569,22.60000,22.50000,67.60000,70.90000,40,,,,
2025-12-05T01:42:36+07:00,3570,22.60000,22.50000,67.60000,70.90000,40,,,,
2025-12-05T01:47:40+07:00,3571,22.60000,22.50000,67.60000,70.90000,40,,,,
2025-12-05T01:52:44+07:00,3572,22.60000,22.50000,67.60000,70.90000,40,,,,
2025-12-05T01:57:48+07:00,3573,22.60000,22.50000,67.60000,70.90000,40,,,,
2025-12-05T02:02:52+07:00,3574,22.60000,22.50000,67.60000,70.90000,40,,,,
2025-12-05T02:07:56+07:00,3575,22.60000,22.50000,67.50000,70.90000,40,,,,
2025-12-05T02:13:00+07:00,3576,22.60000,22.40000,67.60000,70.80000,40,,,,
2025-12-05T02:18:04+07:00,3577,22.50000,22.40000,67.60000,70.90000,40,,,,
2025-12-05T02:23:08+07:00,3578,22.50000,22.40000,67.50000,70.80000,40,,,,
2025-12-05T02:28:12+07:00,3579,22.50000,22.40000,67.50000,70.80000,40,,,,
2025-12-05T02:33:16+07:00,3580,22.50000,22.40000,67.50000,70.80000,40,,,,
2025-12-05T02:38:23+07:00,3581,22.50000,22.30000,67.50000,70.80000,40,,,,
2025-12-05T02:43:26+07:00,3582,22.40000,22.30000,67.50000,70.80000,40,,,,
2025-12-05T02:48:31+07:00,3583,22.40000,22.30000,67.50000,70.80000,40,,,,
2025-12-05T02:53:34+07:00,3584,22.40000,22.30000,67.50000,70.80000,40,,,,
2025-12-05T02:58:39+07:00,3585,22.40000,22.30000,67.40000,70.80000,40,,,,
2025-12-05T03:03:43+07:00,3586,22.40000,22.30000,67.40000,70.80000,40,,,,
2025-12-05T03:08:47+07:00,3587,22.40000,22.30000,67.40000,70.70000,40,,,,
2025-12-05T03:13:51+07:00,3588,22.40000,22.20000,67.40000,70.70000,40,,,,
2025-12-05T03:18:55+07:00,3589,22.40000,22.20000,67.40000,70.80000,40,,,,
2025-12-05T03:23:59+07:00,3590,22.40000,22.20000,67.40000,70.70000,40,,,,
2025-12-05T03:29:04+07:00,3591,22.30000,22.20000,67.40000,70.80000,40,,,,
2025-12-05T03:34:08+07:00,3592,22.30000,22.20000,67.40000,70.70000,40,,,,
2025-12-05T03:39:12+07:00,3593,22.30000,22.20000,67.30000,70.70000,40,,,,
2025-12-05T03:44:16+07:00,3594,22.30000,22.10000,67.30000,70.70000,40,,,,
2025-12-05T03:49:20+07:00,3595,22.30000,22.10000,67.30000,70.70000,40,,,,
2025-12-05T03:54:25+07:00,3596,22.30000,22.10000,67.30000,70.70000,39,,,,
2025-12-05T03:59:29+07:00,3597,22.30000,22.10000,67.30000,70.70000,40,,,,
2025-12-05T04:04:33+07:00,3598,22.20000,22.10000,67.30000,70.70000,40,,,,
2025-12-05T04:09:37+07:00,3599,22.20000,22.10000,67.30000,70.70000,40,,,,
2025-12-05T04:14:41+07:00,3600,22.20000,22.10000,67.30000,70.70000,40,,,,
2025-12-05T04:19:46+07:00,3601,22.20000,22.10000,67.30000,70.70000,39,,,,
2025-12-05T04:24:50+07:00,3602,22.20000,22.00000,67.20000,70.60001,39,,,,
2025-12-05T04:29:54+07:00,3603,22.20000,22.00000,67.20000,70.60001,39,,,,
2025-12-05T04:34:57+07:00,3604,22.20000,22.00000,67.20000,70.60001,39,,,,
2025-12-05T04:40:01+07:00,3605,22.20000,22.00000,67.20000,70.60001,40,,,,
2025-12-05T04:45:06+07:00,3606,22.10000,22.00000,67.20000,70.60001,39,,,,
2025-12-05T04:50:09+07:00,3607,22.10000,22.00000,67.20000,70.60001,40,,,,
2025-12-05T04:55:12+07:00,3608,22.10000,21.90000,67.20000,70.60001,40,,,,
2025-12-05T05:00:17+07:00,3609,22.10000,21.90000,67.20000,70.60001,40,,,,
2025-12-05T05:05:22+07:00,3610,22.10000,21.90000,67.20000,70.60001,39,,,,
2025-12-05T05:10:27+07:00,3611,22.10000,21.90000,67.20000,70.60001,39,,,,
2025-12-05T05:15:31+07:00,3612,22.10000,21.90000,67.20000,70.60001,39,,,,
2025-12-05T05:20:35+07:00,3613,22.00000,21.80000,67.20000,70.50000,39,,,,
2025-12-05T05:25:39+07:00,3614,22.00000,21.80000,67.10000,70.50000,39,,,,
2025-12-05T05:30:44+07:00,3615,22.00000,21.80000,67.10000,70.50000,39,,,,
2025-12-05T05:35:48+07:00,3616,22.00000,21.80000,67.10000,70.50000,39,,,,
2025-12-05T05:40:52+07:00,3617,22.00000,21.80000,67.10000,70.60001,39,,,,
2025-12-05T05:45:56+07:00,3618,22.00000,21.80000,67.10000,70.50000,40,,,,
2025-12-05T05:51:00+07:00,3619,22.00000,21.80000,67.10000,70.50000,39,,,,
2025-12-05T05:56:05+07:00,3620,22.00000,21.80000,67.10000,70.50000,40,,,,
2025-12-05T06:01:09+07:00,3621,22.00000,21.80000,67.10000,70.50000,39,,,,
2025-12-05T06:06:14+07:00,3622,22.00000,21.80000,67.10000,70.50000,39,,,,
2025-12-05T06:11:18+07:00,3623,22.00000,21.80000,67.10000,70.50000,39,,,,
2025-12-05T06:16:22+07:00,3624,22.00000,21.80000,67.10000,70.50000,40,,,,
2025-12-05T06:21:27+07:00,3625,22.00000,21.80000,67.10000,70.60001,39,,,,
2025-12-05T06:26:30+07:00,3626,22.00000,21.80000,67.10000,70.60001,39,,,,
2025-12-05T06:31:34+07:00,3627,22.00000,21.80000,67.10000,70.70000,39,,,,
2025-12-05T06:36:38+07:00,3628,22.00000,21.80000,67.10000,70.70000,39,,,,
2025-12-05T06:41:40+07:00,3629,22.00000,21.90000,67.10000,70.70000,39,,,,
2025-12-05T06:46:45+07:00,3630,22.10000,21.90000,67.10000,70.70000,39,,,,
2025-12-05T06:51:49+07:00,3631,22.10000,21.90000,67.20000,70.80000,39,,,,
2025-12-05T06:56:53+07:00,3632,22.10000,21.90000,67.20000,70.70000,39,,,,
2025-12-05T07:01:58+07:00,3633,22.10000,22.00000,67.20000,70.70000,39,,,,
2025-12-05T07:07:02+07:00,3634,22.20000,22.00000,67.20000,70.70000,39,,,,
2025-12-05T07:12:06+07:00,3635,22.20000,22.00000,67.20000,70.80000,39,,,,
2025-12-05T07:17:10+07:00,3636,22.20000,22.10000,67.20000,70.80000,39,,,,
2025-12-05T07:22:15+07:00,3637,22.30000,22.10000,67.30000,70.80000,39,,,,
2025-12-05T07:27:19+07:00,3638,22.30000,22.20000,67.30000,70.80000,39,,,,
2025-12-05T07:32:23+07:00,3639,22.30000,22.20000,67.30000,70.80000,39,,,,
2025-12-05T07:37:28+07:00,3640,22.40000,22.30000,67.30000,70.80000,39,,,,
2025-12-05T07:42:32+07:00,3641,22.40000,22.30000,67.30000,70.80000,39,,,,
2025-12-05T07:47:36+07:00,3642,22.50000,22.40000,67.40000,70.80000,39,,,,
2025-12-05T07:52:40+07:00,3643,22.50000,22.40000,67.40000,70.80000,39,,,,
2025-12-05T07:57:44+07:00,3644,22.50000,22.50000,67.40000,70.90000,39,,,,
2025-12-05T08:02:49+07:00,3645,22.60000,22.50000,67.50000,70.90000,39,,,,
2025-12-05T08:07:53+07:00,3646,22.60000,22.60000,67.50000,70.90000,39,,,,
2025-12-05T08:12:57+07:00,3647,22.60000,22.60000,67.50000,70.90000,39,,,,
2025-12-05T08:18:01+07:00,3648,22.70000,22.70000,67.50000,70.90000,39,,,,
2025-12-05T08:23:05+07:00,3649,22.70000,22.70000,67.60000,70.90000,39,,,,
2025-12-05T08:28:09+07:00,3650,22.70000,22.80000,67.60000,70.90000,39,,,,
2025-12-05T08:33:14+07:00,3651,22.80000,22.80000,67.70000,70.90000,39,,,,
2025-12-05T08:38:18+07:00,3652,22.80000,22.90000,67.70000,70.90000,39,,,,
2025-12-05T08:43:22+07:00,3653,22.90000,22.90000,67.70000,70.90000,39,,,,
2025-12-05T08:48:26+07:00,3654,22.90000,23.00000,67.80000,70.90000,39,,,,
2025-12-05T08:53:30+07:00,3655,22.90000,23.00000,67.90000,70.90000,39,,,,
2025-12-05T08:58:35+07:00,3656,23.00000,23.10000,67.90000,70.90000,39,,,,
2025-12-05T09:03:54+07:00,3657,23.00000,23.10000,67.90000,70.90000,39,,,,
2025-12-05T09:08:57+07:00,3658,23.10000,23.20000,68.00000,70.90000,39,,,,
2025-12-05T09:14:01+07:00,3659,23.10000,23.20000,68.00000,70.90000,39,,,,
2025-12-05T09:19:06+07:00,3660,23.10000,23.30000,68.00000,70.90000,39,,,,
2025-12-05T09:24:09+07:00,3661,23.20000,23.30000,68.10000,70.90000,39,,,,
2025-12-05T09:29:13+07:00,3662,23.20000,23.40000,68.20000,70.90000,39,,,,
2025-12-05T09:34:18+07:00,3663,23.20000,23.40000,68.20000,70.90000,39,,,,
2025-12-05T09:39:22+07:00,3664,23.30000,23.50000,68.30000,70.90000,39,,,,
2025-12-05T09:44:26+07:00,3665,23.30000,23.50000,68.30000,71.00000,39,,,,
2025-12-05T09:49:30+07:00,3666,23.40000,23.60000,68.40000,70.90000,39,,,,
2025-12-05T09:54:37+07:00,3667,23.40000,23.60000,68.50000,70.90000,39,,,,
2025-12-05T09:59:43+07:00,3668,23.40000,23.70000,68.60000,70.90000,39,,,,
2025-12-05T10:05:24+07:00,3669,23.50000,23.70000,68.60000,70.90000,39,,,,
2025-12-05T10:10:26+07:00,3670,23.50000,23.80000,68.70000,70.90000,39,,,,
2025-12-05T10:15:30+07:00,3671,23.60000,23.80000,68.80000,70.90000,39,,,,
2025-12-05T10:20:35+07:00,3672,23.60000,23.90000,68.90000,70.90000,38,,,,
2025-12-05T10:25:40+07:00,3673,23.60000,23.90000,68.90000,70.90000,39,,,,
2025-12-05T10:30:43+07:00,3674,23.70000,24.00000,69.00000,70.90000,39,,,,
2025-12-05T10:35:47+07:00,3675,23.70000,24.00000,69.10000,70.90000,39,,,,
2025-12-05T10:40:51+07:00,3676,23.70000,24.00000,69.10000,70.90000,39,,,,
2025-12-05T10:45:57+07:00,3677,23.80000,24.10000,69.20000,70.90000,39,,,,
2025-12-05T10:51:01+07:00,3678,23.80000,24.10000,69.20000,70.80000,39,,,,
2025-12-05T10:56:13+07:00,3679,23.80000,24.20000,69.30000,70.90000,39,,,,
2025-12-05T11:01:21+07:00,3680,23.80000,24.20000,69.30000,70.80000,39,,,,
2025-12-05T11:06:24+07:00,3681,23.80000,24.20000,69.40000,70.90000,39,,,,
2025-12-05T11:11:28+07:00,3682,23.90000,24.20000,69.40000,70.80000,39,,,,
2025-12-05T11:16:32+07:00,3683,23.90000,24.30000,69.50000,70.80000,39,,,,
2025-12-05T11:21:36+07:00,3684,23.90000,24.30000,69.60000,70.80000,39,,,,
2025-12-05T11:26:41+07:00,3685,23.90000,24.30000,69.60000,70.80000,39,,,,
2025-12-05T11:31:45+07:00,3686,24.00000,24.40000,69.60000,70.80000,39,,,,
2025-12-05T11:37:15+07:00,3687,24.00000,24.40000,69.70000,70.80000,39,,,,
2025-12-05T11:42:17+07:00,3688,24.00000,24.40000,69.70000,70.80000,39,,,,
2025-12-05T11:47:21+07:00,3689,24.00000,24.40000,69.80000,70.80000,39,,,,
2025-12-05T11:53:24+07:00,3690,24.00000,24.50000,69.80000,70.70000,39,,,,
2025-12-05T11:58:25+07:00,3691,24.10000,24.50000,69.80000,70.70000,38,,,,
2025-12-05T12:03:28+07:00,3692,24.10000,24.50000,69.80000,70.80000,38,,,,
2025-12-05T12:08:32+07:00,3693,24.10000,24.50000,69.80000,70.80000,39,,,,
2025-12-05T12:13:37+07:00,3694,24.10000,24.50000,69.70000,70.70000,38,,,,
2025-12-05T12:18:59+07:00,3695,24.10000,24.50000,69.70000,70.70000,38,,,,
2025-12-05T12:24:02+07:00,3696,24.10000,24.50000,69.70000,70.70000,39,,,,
2025-12-05T12:39:25+07:00,3697,24.00000,24.40000,69.60000,70.70000,38,,,,
2025-12-05T12:44:37+07:00,3698,24.00000,24.40000,69.50000,70.70000,38,,,,
2025-12-05T12:49:42+07:00,3699,24.00000,24.40000,69.40000,70.70000,38,,,,
2025-12-05T12:54:46+07:00,3700,24.00000,24.40000,69.40000,70.70000,39,,,,
2025-12-05T12:59:50+07:00,3701,23.90000,24.40000,69.40000,70.70000,38,,,,
2025-12-05T13:04:55+07:00,3702,23.90000,24.40000,69.40000,70.80000,38,,,,
2025-12-05T13:09:59+07:00,3703,23.90000,24.30000,69.30000,70.70000,38,,,,
2025-12-05T13:15:04+07:00,3704,23.90000,24.30000,69.30000,70.70000,38,,,,
2025-12-05T13:20:08+07:00,3705,23.90000,24.30000,69.20000,70.70000,38,,,,
2025-12-05T13:25:11+07:00,3706,23.90000,24.30000,69.20000,70.80000,38,,,,
2025-12-05T13:30:15+07:00,3707,23.90000,24.30000,69.20000,70.80000,38,,,,
2025-12-05T13:35:20+07:00,3708,23.80000,24.20000,69.10000,70.80000,38,,,,
2025-12-05T13:40:23+07:00,3709,23.80000,24.20000,69.10000,70.80000,38,,,,
2025-12-05T13:45:27+07:00,3710,23.80000,24.20000,69.10000,70.80000,38,,,,
2025-12-05T13:50:31+07:00,3711,23.80000,24.20000,69.00000,70.80000,38,,,,
2025-12-05T13:55:35+07:00,3712,23.80000,24.20000,69.00000,70.80000,38,,,,
2025-12-05T14:00:38+07:00,3713,23.80000,24.20000,69.00000,70.80000,39,,,,
2025-12-05T14:05:42+07:00,3714,23.80000,24.20000,69.00000,70.80000,38,,,,
2025-12-05T14:10:46+07:00,3715,23.80000,24.20000,69.00000,70.80000,38,,,,
2025-12-05T14:15:50+07:00,3716,23.80000,24.20000,69.00000,70.80000,38,,,,
2025-12-05T14:20:56+07:00,3717,23.80000,24.20000,69.00000,70.80000,38,,,,
2025-12-05T14:26:00+07:00,3718,23.80000,24.20000,69.00000,70.80000,39,,,,
2025-12-05T14:31:03+07:00,3719,23.80000,24.20000,69.00000,70.80000,38,,,,
2025-12-05T14:36:07+07:00,3720,23.80000,24.20000,69.00000,70.80000,38,,,,
2025-12-05T14:41:11+07:00,3721,23.90000,24.20000,69.00000,70.80000,38,,,,
2025-12-05T14:46:19+07:00,3722,23.90000,24.20000,69.00000,70.80000,38,,,,
2025-12-05T14:51:31+07:00,3723,23.90000,24.20000,69.00000,70.80000,38,,,,
2025-12-05T14:56:37+07:00,3724,23.90000,24.20000,69.00000,70.80000,38,,,,
2025-12-05T15:01:40+07:00,3725,23.90000,24.30000,69.00000,70.80000,38,,,,
2025-12-05T15:06:45+07:00,3726,23.90000,24.20000,69.00000,70.80000,38,,,,
2025-12-05T15:11:48+07:00,3727,23.90000,24.20000,69.00000,70.80000,38,,,,
2025-12-05T15:16:52+07:00,3728,23.90000,24.20000,69.00000,70.80000,38,,,,
2025-12-05T15:21:56+07:00,3729,23.90000,24.20000,69.00000,70.80000,38,,,,
2025-12-05T15:26:59+07:00,3730,23.90000,24.20000,69.00000,70.80000,38,,,,
2025-12-05T15:41:13+07:00,3731,23.90000,24.30000,69.00000,70.80000,38,,,,
2025-12-05T15:46:16+07:00,3732,23.90000,24.30000,68.90000,70.80000,38,,,,
2025-12-05T15:51:23+07:00,3733,23.90000,24.30000,69.00000,70.80000,38,,,,
2025-12-05T15:56:26+07:00,3734,23.90000,24.30000,69.00000,70.80000,38,,,,
2025-12-05T16:01:31+07:00,3735,23.90000,24.30000,69.00000,70.80000,38,,,,
2025-12-05T16:06:35+07:00,3736,23.90000,24.30000,69.00000,70.80000,38,,,,
2025-12-05T16:11:39+07:00,3737,23.90000,24.30000,69.00000,70.80000,38,,,,
2025-12-05T16:16:46+07:00,3738,23.90000,24.30000,69.00000,70.80000,38,,,,
2025-12-05T16:21:50+07:00,3739,24.00000,24.30000,69.00000,70.80000,38,,,,
2025-12-05T16:26:54+07:00,3740,24.00000,24.30000,69.00000,70.80000,38,,,,
2025-12-05T16:31:58+07:00,3741,24.00000,24.30000,69.00000,70.80000,38,,,,
2025-12-05T16:37:02+07:00,3742,24.00000,24.30000,69.00000,70.80000,38,,,,
2025-12-05T16:42:07+07:00,3743,23.90000,24.30000,69.00000,70.80000,38,,,,
2025-12-05T16:47:10+07:00,3744,23.90000,24.30000,69.00000,70.80000,38,,,,
2025-12-05T16:52:13+07:00,3745,23.90000,24.30000,69.00000,70.80000,38,,,,
2025-12-05T16:57:18+07:00,3746,23.90000,24.30000,69.00000,70.80000,38,,,,
2025-12-05T17:02:22+07:00,3747,23.90000,24.30000,68.90000,70.80000,38,,,,
2025-12-05T17:07:26+07:00,3748,24.00000,24.30000,68.90000,70.80000,38,,,,
2025-12-05T17:12:30+07:00,3749,24.00000,24.30000,68.90000,70.80000,38,,,,
2025-12-05T17:17:34+07:00,3750,24.00000,24.30000,68.90000,70.80000,38,,,,
2025-12-05T17:22:38+07:00,3751,23.90000,24.30000,68.90000,70.80000,38,,,,
2025-12-05T17:27:43+07:00,3752,23.90000,24.30000,68.90000,70.80000,38,,,,
2025-12-05T17:32:47+07:00,3753,23.90000,24.30000,68.80000,70.80000,38,,,,
2025-12-05T17:37:51+07:00,3754,23.90000,24.20000,68.80000,70.80000,38,,,,
2025-12-05T17:42:55+07:00,3755,23.90000,24.20000,68.80000,70.80000,38,,,,
2025-12-05T17:48:00+07:00,3756,23.90000,24.20000,68.70000,70.80000,38,,,,
2025-12-05T17:53:04+07:00,3757,23.80000,24.20000,68.70000,70.80000,38,,,,
2025-12-05T17:58:08+07:00,3758,23.80000,24.20000,68.70000,70.80000,38,,,,
2025-12-05T18:03:13+07:00,3759,23.80000,24.20000,68.70000,70.80000,38,,,,
2025-12-05T18:08:17+07:00,3760,23.80000,24.10000,68.70000,70.80000,38,,,,
2025-12-05T18:13:21+07:00,3761,23.80000,24.10000,68.70000,70.80000,38,,,,
2025-12-05T18:18:25+07:00,3762,23.70000,24.10000,68.60000,70.80000,38,,,,
2025-12-05T18:23:29+07:00,3763,23.70000,24.10000,68.60000,70.80000,38,,,,
2025-12-05T18:28:42+07:00,3764,23.70000,24.10000,68.60000,70.80000,38,,,,
2025-12-05T18:33:45+07:00,3765,23.70000,24.00000,68.60000,70.80000,38,,,,
2025-12-05T18:38:50+07:00,3766,23.70000,24.00000,68.60000,70.80000,38,,,,
2025-12-05T18:43:54+07:00,3767,23.70000,24.00000,68.60000,70.80000,38,,,,
2025-12-05T18:48:59+07:00,3768,23.60000,24.00000,68.60000,70.80000,38,,,,
2025-12-05T18:54:03+07:00,3769,23.60000,24.00000,68.50000,70.80000,38,,,,
2025-12-05T18:59:08+07:00,3770,23.60000,23.90000,68.50000,70.80000,38,,,,
2025-12-05T19:04:12+07:00,3771,23.60000,23.90000,68.50000,70.80000,38,,,,
2025-12-05T19:09:16+07:00,3772,23.60000,23.90000,68.50000,70.80000,38,,,,
2025-12-05T19:14:20+07:00,3773,23.60000,23.90000,68.50000,70.80000,38,,,,
2025-12-05T19:19:24+07:00,3774,23.50000,23.80000,68.40000,70.70000,38,,,,
2025-12-05T19:24:28+07:00,3775,23.50000,23.80000,68.40000,70.80000,38,,,,
2025-12-05T19:29:32+07:00,3776,23.50000,23.80000,68.40000,70.80000,38,,,,
2025-12-05T19:34:36+07:00,3777,23.50000,23.80000,68.30000,70.70000,38,,,,
2025-12-05T19:39:41+07:00,3778,23.50000,23.80000,68.30000,70.70000,38,,,,
2025-12-05T19:44:45+07:00,3779,23.50000,23.80000,68.30000,70.70000,38,,,,
2025-12-05T19:49:49+07:00,3780,23.50000,23.70000,68.30000,70.70000,38,,,,
2025-12-05T19:54:53+07:00,3781,23.40000,23.70000,68.30000,70.70000,38,,,,
2025-12-05T19:59:58+07:00,3782,23.40000,23.70000,68.20000,70.70000,38,,,,
2025-12-05T20:05:02+07:00,3783,23.40000,23.70000,68.20000,70.70000,38,,,,
2025-12-05T20:10:07+07:00,3784,23.40000,23.70000,68.20000,70.70000,38,,,,
2025-12-05T20:15:11+07:00,3785,23.40000,23.70000,68.20000,70.70000,38,,,,
2025-12-05T20:20:16+07:00,3786,23.40000,23.60000,68.20000,70.70000,38,,,,
2025-12-05T20:25:21+07:00,3787,23.40000,23.60000,68.20000,70.70000,38,,,,
2025-12-05T20:30:25+07:00,3788,23.40000,23.60000,68.20000,70.70000,38,,,,
2025-12-05T20:35:29+07:00,3789,23.30000,23.60000,68.20000,70.70000,38,,,,
2025-12-05T20:40:33+07:00,3790,23.30000,23.60000,68.10000,70.70000,38,,,,
2025-12-05T20:45:37+07:00,3791,23.30000,23.50000,68.10000,70.70000,38,,,,
2025-12-05T20:50:42+07:00,3792,23.30000,23.50000,68.10000,70.70000,38,,,,
2025-12-05T20:55:46+07:00,3793,23.30000,23.50000,68.10000,70.70000,38,,,,
2025-12-05T21:00:50+07:00,3794,23.30000,23.50000,68.10000,70.70000,38,,,,
2025-12-05T21:05:54+07:00,3795,23.30000,23.50000,68.10000,70.70000,38,,,,
2025-12-05T21:10:58+07:00,3796,23.30000,23.50000,68.10000,70.70000,38,,,,
2025-12-05T21:16:02+07:00,3797,23.20000,23.40000,68.10000,70.70000,38,,,,
2025-12-05T21:21:07+07:00,3798,23.20000,23.40000,68.00000,70.70000,38,,,,
2025-12-05T21:26:11+07:00,3799,23.20000,23.40000,68.00000,70.70000,38,,,,
2025-12-05T21:31:15+07:00,3800,23.20000,23.40000,68.00000,70.70000,38,,,,
2025-12-05T21:36:19+07:00,3801,23.20000,23.40000,68.00000,70.70000,38,,,,
2025-12-05T21:41:24+07:00,3802,23.20000,23.40000,68.00000,70.70000,38,,,,
2025-12-05T21:46:28+07:00,3803,23.20000,23.40000,68.00000,70.70000,38,,,,
2025-12-05T21:51:33+07:00,3804,23.20000,23.30000,68.00000,70.70000,38,,,,
2025-12-05T21:56:37+07:00,3805,23.20000,23.30000,68.00000,70.70000,38,,,,
2025-12-05T22:01:41+07:00,3806,23.20000,23.30000,68.00000,70.70000,38,,,,
2025-12-05T22:06:46+07:00,3807,23.10000,23.30000,68.00000,70.70000,38,,,,
2025-12-05T22:11:50+07:00,3808,23.10000,23.30000,68.00000,70.70000,38,,,,
2025-12-05T22:16:55+07:00,3809,23.10000,23.30000,68.00000,70.70000,38,,,,
2025-12-05T22:21:59+07:00,3810,23.10000,23.30000,68.00000,70.70000,38,,,,
2025-12-05T22:27:03+07:00,3811,23.10000,23.30000,68.00000,70.70000,38,,,,
2025-12-05T22:32:08+07:00,3812,23.10000,23.20000,67.90000,70.70000,38,,,,
2025-12-05T22:37:12+07:00,3813,23.10000,23.20000,67.90000,70.70000,38,,,,
2025-12-05T22:42:17+07:00,3814,23.10000,23.20000,67.90000,70.70000,38,,,,
2025-12-05T22:47:21+07:00,3815,23.10000,23.20000,67.90000,70.70000,38,,,,
2025-12-05T22:52:25+07:00,3816,23.10000,23.20000,67.90000,70.60001,38,,,,
2025-12-05T22:57:30+07:00,3817,23.10000,23.20000,67.90000,70.70000,38,,,,
2025-12-05T23:02:34+07:00,3818,23.00000,23.20000,67.90000,70.70000,38,,,,
2025-12-05T23:07:38+07:00,3819,23.00000,23.20000,67.90000,70.60001,38,,,,
2025-12-05T23:12:42+07:00,3820,23.00000,23.20000,67.90000,70.60001,38,,,,
2025-12-05T23:17:46+07:00,3821,23.00000,23.10000,67.90000,70.60001,38,,,,
2025-12-05T23:22:51+07:00,3822,23.00000,23.10000,67.80000,70.70000,38,,,,
2025-12-05T23:27:55+07:00,3823,23.00000,23.10000,67.90000,70.60001,38,,,,
2025-12-05T23:33:00+07:00,3824,23.00000,23.10000,67.90000,70.70000,38,,,,
2025-12-05T23:38:04+07:00,3825,23.00000,23.10000,67.90000,70.60001,38,,,,
2025-12-05T23:43:08+07:00,3826,23.00000,23.10000,67.80000,70.60001,38,,,,
2025-12-05T23:48:12+07:00,3827,23.00000,23.10000,67.80000,70.60001,38,,,,
2025-12-05T23:53:17+07:00,3828,23.00000,23.10000,67.80000,70.60001,38,,,,
2025-12-05T23:58:21+07:00,3829,23.00000,23.10000,67.80000,70.60001,38,,,,
2025-12-06T00:03:25+07:00,3830,23.00000,23.10000,67.80000,70.70000,38,,,,
2025-12-06T00:08:30+07:00,3831,23.00000,23.00000,67.80000,70.60001,38,,,,
2025-12-06T00:13:34+07:00,3832,22.90000,23.00000,67.80000,70.60001,38,,,,
2025-12-06T00:18:38+07:00,3833,22.90000,23.00000,67.80000,70.60001,38,,,,
2025-12-06T00:23:43+07:00,3834,22.90000,23.00000,67.80000,70.60001,38,,,,
2025-12-06T00:28:47+07:00,3835,22.90000,23.00000,67.80000,70.60001,38,,,,
2025-12-06T00:33:52+07:00,3836,22.90000,23.00000,67.80000,70.60001,38,,,,
2025-12-06T00:38:56+07:00,3837,22.90000,23.00000,67.80000,70.60001,38,,,,
2025-12-06T00:44:01+07:00,3838,22.90000,23.00000,67.70000,70.60001,38,,,,
2025-12-06T00:49:04+07:00,3839,22.90000,23.00000,67.70000,70.60001,38,,,,
2025-12-06T00:54:08+07:00,3840,22.90000,23.00000,67.70000,70.60001,38,,,,
2025-12-06T00:59:12+07:00,3841,22.90000,22.90000,67.70000,70.60001,38,,,,
2025-12-06T01:04:16+07:00,3842,22.90000,22.90000,67.70000,70.60001,38,,,,
2025-12-06T01:09:20+07:00,3843,22.90000,22.90000,67.70000,70.60001,38,,,,
2025-12-06T01:14:24+07:00,3844,22.80000,22.90000,67.70000,70.60001,38,,,,
2025-12-06T01:19:28+07:00,3845,22.80000,22.90000,67.70000,70.60001,38,,,,
2025-12-06T01:24:32+07:00,3846,22.80000,22.90000,67.70000,70.50000,38,,,,
2025-12-06T01:29:36+07:00,3847,22.80000,22.90000,67.70000,70.50000,38,,,,
2025-12-06T01:34:40+07:00,3848,22.80000,22.90000,67.70000,70.50000,38,,,,
2025-12-06T01:39:45+07:00,3849,22.80000,22.90000,67.70000,70.50000,38,,,,
2025-12-06T01:44:49+07:00,3850,22.80000,22.90000,67.70000,70.60001,38,,,,
2025-12-06T01:49:53+07:00,3851,22.80000,22.90000,67.70000,70.50000,38,,,,
2025-12-06T01:54:57+07:00,3852,22.80000,22.90000,67.70000,70.50000,38,,,,
2025-12-06T02:00:03+07:00,3853,22.80000,22.80000,67.60000,70.50000,38,,,,
2025-12-06T02:05:08+07:00,3854,22.80000,22.80000,67.60000,70.50000,38,,,,
2025-12-06T02:10:12+07:00,3855,22.80000,22.80000,67.60000,70.50000,38,,,,
2025-12-06T02:15:16+07:00,3856,22.80000,22.80000,67.60000,70.50000,38,,,,
2025-12-06T02:20:20+07:00,3857,22.80000,22.80000,67.60000,70.50000,38,,,,
2025-12-06T02:25:25+07:00,3858,22.80000,22.80000,67.60000,70.50000,38,,,,
2025-12-06T02:30:29+07:00,3859,22.70000,22.80000,67.70000,70.50000,38,,,,
2025-12-06T02:35:33+07:00,3860,22.70000,22.80000,67.60000,70.50000,38,,,,
2025-12-06T02:40:37+07:00,3861,22.70000,22.80000,67.60000,70.50000,37,,,,
2025-12-06T02:45:41+07:00,3862,22.70000,22.70000,67.60000,70.50000,38,,,,
2025-12-06T02:50:45+07:00,3863,22.70000,22.70000,67.60000,70.50000,37,,,,
2025-12-06T02:55:48+07:00,3864,22.70000,22.70000,67.60000,70.40000,37,,,,
2025-12-06T03:00:53+07:00,3865,22.70000,22.70000,67.60000,70.40000,38,,,,
2025-12-06T03:05:58+07:00,3866,22.60000,22.70000,67.60000,70.40000,38,,,,
2025-12-06T03:11:02+07:00,3867,22.60000,22.70000,67.60000,70.40000,38,,,,
2025-12-06T03:16:06+07:00,3868,22.60000,22.70000,67.60000,70.40000,37,,,,
2025-12-06T03:21:10+07:00,3869,22.60000,22.70000,67.50000,70.40000,37,,,,
2025-12-06T03:26:15+07:00,3870,22.60000,22.60000,67.60000,70.40000,38,,,,
2025-12-06T03:31:19+07:00,3871,22.60000,22.60000,67.60000,70.40000,38,,,,
2025-12-06T03:36:24+07:00,3872,22.60000,22.60000,67.60000,70.40000,37,,,,
2025-12-06T03:41:28+07:00,3873,22.50000,22.60000,67.50000,70.40000,37,,,,
2025-12-06T03:46:33+07:00,3874,22.50000,22.60000,67.50000,70.40000,38,,,,
2025-12-06T03:51:37+07:00,3875,22.50000,22.60000,67.50000,70.40000,37,,,,
2025-12-06T03:56:41+07:00,3876,22.50000,22.50000,67.50000,70.40000,37,,,,
2025-12-06T04:01:46+07:00,3877,22.50000,22.50000,67.50000,70.40000,38,,,,
2025-12-06T04:06:50+07:00,3878,22.50000,22.50000,67.50000,70.40000,38,,,,
2025-12-06T04:11:55+07:00,3879,22.50000,22.50000,67.50000,70.30000,37,,,,
2025-12-06T04:17:00+07:00,3880,22.50000,22.50000,67.50000,70.30000,37,,,,
2025-12-06T04:22:04+07:00,3881,22.40000,22.40000,67.50000,70.30000,37,,,,
2025-12-06T04:27:09+07:00,3882,22.40000,22.40000,67.50000,70.30000,37,,,,
2025-12-06T04:32:14+07:00,3883,22.40000,22.40000,67.40000,70.30000,37,,,,
2025-12-06T04:37:18+07:00,3884,22.40000,22.40000,67.40000,70.30000,38,,,,
2025-12-06T04:42:22+07:00,3885,22.40000,22.40000,67.40000,70.30000,38,,,,
2025-12-06T04:47:27+07:00,3886,22.30000,22.30000,67.40000,70.30000,37,,,,
2025-12-06T04:52:31+07:00,3887,22.30000,22.30000,67.40000,70.30000,37,,,,
2025-12-06T04:57:35+07:00,3888,22.30000,22.30000,67.40000,70.20000,37,,,,
2025-12-06T05:02:39+07:00,3889,22.30000,22.30000,67.40000,70.30000,37,,,,
2025-12-06T05:07:43+07:00,3890,22.30000,22.30000,67.40000,70.30000,37,,,,
2025-12-06T05:12:48+07:00,3891,22.30000,22.30000,67.40000,70.30000,37,,,,
2025-12-06T05:17:53+07:00,3892,22.30000,22.20000,67.40000,70.30000,37,,,,
2025-12-06T05:22:57+07:00,3893,22.30000,22.20000,67.30000,70.20000,37,,,,
2025-12-06T05:28:01+07:00,3894,22.20000,22.20000,67.40000,70.30000,37,,,,
2025-12-06T05:33:06+07:00,3895,22.20000,22.20000,67.30000,70.30000,37,,,,
2025-12-06T05:38:10+07:00,3896,22.20000,22.10000,67.30000,70.30000,37,,,,
2025-12-06T05:43:14+07:00,3897,22.20000,22.10000,67.30000,70.20000,38,,,,
2025-12-06T05:48:19+07:00,3898,22.20000,22.10000,67.30000,70.20000,37,,,,
2025-12-06T05:53:22+07:00,3899,22.20000,22.10000,67.30000,70.20000,38,,,,
2025-12-06T05:58:27+07:00,3900,22.10000,22.10000,67.30000,70.20000,37,,,,
2025-12-06T06:03:31+07:00,3901,22.20000,22.10000,67.30000,70.20000,37,,,,
2025-12-06T06:08:35+07:00,3902,22.10000,22.10000,67.30000,70.30000,38,,,,
2025-12-06T06:13:39+07:00,3903,22.10000,22.10000,67.30000,70.30000,37,,,,
2025-12-06T06:18:44+07:00,3904,22.10000,22.10000,67.30000,70.30000,37,,,,
2025-12-06T06:23:48+07:00,3905,22.10000,22.10000,67.30000,70.20000,37,,,,
2025-12-06T06:28:52+07:00,3906,22.10000,22.10000,67.30000,70.30000,37,,,,
2025-12-06T06:33:56+07:00,3907,22.20000,22.10000,67.30000,70.30000,37,,,,
2025-12-06T06:39:01+07:00,3908,22.20000,22.10000,67.30000,70.40000,37,,,,
2025-12-06T06:44:05+07:00,3909,22.20000,22.10000,67.30000,70.40000,37,,,,
2025-12-06T06:49:10+07:00,3910,22.20000,22.10000,67.30000,70.50000,37,,,,
2025-12-06T06:54:14+07:00,3911,22.20000,22.10000,67.40000,70.40000,37,,,,
2025-12-06T06:59:18+07:00,3912,22.20000,22.20000,67.30000,70.40000,37,,,,
2025-12-06T07:04:22+07:00,3913,22.30000,22.20000,67.30000,70.40000,37,,,,
2025-12-06T07:09:27+07:00,3914,22.30000,22.20000,67.40000,70.40000,37,,,,
2025-12-06T07:14:31+07:00,3915,22.30000,22.30000,67.40000,70.40000,37,,,,
2025-12-06T07:19:36+07:00,3916,22.30000,22.30000,67.40000,70.40000,37,,,,
2025-12-06T07:24:40+07:00,3917,22.40000,22.30000,67.40000,70.40000,37,,,,
2025-12-06T07:29:44+07:00,3918,22.40000,22.40000,67.40000,70.40000,37,,,,
2025-12-06T07:34:48+07:00,3919,22.40000,22.40000,67.40000,70.40000,37,,,,
2025-12-06T07:39:53+07:00,3920,22.40000,22.40000,67.40000,70.40000,37,,,,
2025-12-06T07:44:56+07:00,3921,22.50000,22.40000,67.40000,70.40000,37,,,,
2025-12-06T07:50:01+07:00,3922,22.50000,22.50000,67.50000,70.40000,37,,,,
2025-12-06T07:55:06+07:00,3923,22.50000,22.50000,67.50000,70.40000,37,,,,
2025-12-06T08:00:10+07:00,3924,22.50000,22.50000,67.50000,70.50000,37,,,,
2025-12-06T08:05:14+07:00,3925,22.60000,22.60000,67.50000,70.50000,37,,,,
2025-12-06T08:10:18+07:00,3926,22.60000,22.60000,67.60000,70.50000,37,,,,
2025-12-06T08:15:22+07:00,3927,22.60000,22.60000,67.60000,70.50000,37,,,,
2025-12-06T08:20:27+07:00,3928,22.70000,22.70000,67.60000,70.50000,37,,,,
2025-12-06T08:25:31+07:00,3929,22.70000,22.70000,67.70000,70.60001,37,,,,
2025-12-06T08:30:35+07:00,3930,22.80000,22.80000,67.60000,70.60001,37,,,,
2025-12-06T08:35:39+07:00,3931,22.80000,22.80000,67.70000,70.60001,37,,,,
2025-12-06T08:40:43+07:00,3932,22.80000,22.90000,67.70000,70.60001,37,,,,
2025-12-06T08:45:48+07:00,3933,22.90000,23.00000,67.80000,70.70000,37,,,,
2025-12-06T08:50:52+07:00,3934,22.90000,23.00000,67.80000,70.60001,37,,,,
2025-12-06T08:55:56+07:00,3935,22.90000,23.10000,67.90000,70.70000,37,,,,
2025-12-06T09:01:01+07:00,3936,23.00000,23.10000,67.90000,70.70000,37,,,,
2025-12-06T09:06:05+07:00,3937,23.00000,23.20000,68.00000,70.70000,37,,,,
2025-12-06T09:11:12+07:00,3938,23.10000,23.20000,68.00000,70.70000,37,,,,
2025-12-06T09:16:15+07:00,3939,23.10000,23.30000,68.10000,70.70000,37,,,,
2025-12-06T09:21:19+07:00,3940,23.20000,23.30000,68.20000,70.70000,37,,,,
2025-12-06T09:26:23+07:00,3941,23.20000,23.40000,68.30000,70.70000,37,,,,
2025-12-06T09:31:27+07:00,3942,23.20000,23.50000,68.30000,70.70000,37,,,,
2025-12-06T09:36:32+07:00,3943,23.30000,23.50000,68.40000,70.70000,37,,,,
2025-12-06T09:41:36+07:00,3944,23.30000,23.50000,68.50000,70.70000,37,,,,
2025-12-06T09:46:41+07:00,3945,23.30000,23.60000,68.50000,70.70000,37,,,,
2025-12-06T09:51:45+07:00,3946,23.40000,23.60000,68.60000,70.70000,37,,,,
2025-12-06T09:56:49+07:00,3947,23.40000,23.70000,68.70000,70.70000,37,,,,
2025-12-06T10:01:53+07:00,3948,23.40000,23.70000,68.80000,70.70000,37,,,,
2025-12-06T10:06:58+07:00,3949,23.50000,23.80000,68.90000,70.70000,37,,,,
2025-12-06T10:12:02+07:00,3950,23.50000,23.80000,68.90000,70.70000,37,,,,
2025-12-06T10:17:07+07:00,3951,23.50000,23.80000,69.00000,70.70000,37,,,,
2025-12-06T10:22:11+07:00,3952,23.50000,23.90000,69.10000,70.70000,37,,,,
2025-12-06T10:27:16+07:00,3953,23.60000,23.90000,69.10000,70.70000,37,,,,
2025-12-06T10:32:22+07:00,3954,23.60000,24.00000,69.20000,70.70000,37,,,,
2025-12-06T10:37:26+07:00,3955,23.70000,24.00000,69.30000,70.70000,37,,,,
2025-12-06T10:42:29+07:00,3956,23.70000,24.10000,69.40000,70.70000,37,,,,
2025-12-06T10:47:33+07:00,3957,23.70000,24.10000,69.50000,70.60001,37,,,,
2025-12-06T10:52:40+07:00,3958,23.80000,24.20000,69.60000,70.60001,37,,,,
2025-12-06T10:57:47+07:00,3959,23.80000,24.20000,69.70000,70.60001,37,,,,
2025-12-06T11:02:51+07:00,3960,23.80000,24.30000,69.70000,70.60001,37,,,,
2025-12-06T11:07:56+07:00,3961,23.90000,24.30000,69.80000,70.60001,37,,,,
2025-12-06T11:13:00+07:00,3962,23.90000,24.40000,69.90000,70.60001,37,,,,
2025-12-06T11:18:04+07:00,3963,23.90000,24.40000,70.00000,70.60001,37,,,,
2025-12-06T11:23:08+07:00,3964,24.00000,24.40000,70.00000,70.60001,37,,,,
2025-12-06T11:28:13+07:00,3965,24.00000,24.50000,70.10000,70.60001,37,,,,
2025-12-06T11:33:19+07:00,3966,24.10000,24.50000,70.10000,70.60001,37,,,,
2025-12-06T11:38:23+07:00,3967,24.10000,24.60000,70.20000,70.60001,37,,,,
2025-12-06T11:44:04+07:00,3968,24.10000,24.60000,70.30000,70.60001,37,,,,
2025-12-06T11:49:07+07:00,3969,24.10000,24.60000,70.30000,70.60001,37,,,,
2025-12-06T11:54:10+07:00,3970,24.10000,24.70000,70.30000,70.50000,37,,,,
2025-12-06T11:59:14+07:00,3971,24.20000,24.70000,70.40000,70.50000,37,,,,
2025-12-06T12:04:19+07:00,3972,24.20000,24.70000,70.40000,70.50000,37,,,,
2025-12-06T12:09:23+07:00,3973,24.20000,24.70000,70.40000,70.50000,37,,,,
2025-12-06T12:14:26+07:00,3974,24.20000,24.70000,70.50000,70.50000,37,,,,
2025-12-06T12:19:31+07:00,3975,24.20000,24.80000,70.50000,70.50000,37,,,,
2025-12-06T12:24:34+07:00,3976,24.20000,24.80000,70.50000,70.50000,37,,,,
2025-12-06T12:29:38+07:00,3977,24.20000,24.80000,70.50000,70.50000,37,,,,
2025-12-06T12:34:42+07:00,3978,24.30000,24.80000,70.50000,70.50000,37,,,,
2025-12-06T12:39:46+07:00,3979,24.30000,24.80000,70.50000,70.50000,37,,,,
2025-12-06T12:44:50+07:00,3980,24.30000,24.80000,70.50000,70.50000,37,,,,
2025-12-06T12:49:54+07:00,3981,24.20000,24.80000,70.50000,70.50000,37,,,,
2025-12-06T12:54:58+07:00,3982,24.30000,24.80000,70.40000,70.50000,37,,,,
2025-12-06T13:00:01+07:00,3983,24.30000,24.80000,70.40000,70.50000,37,,,,
2025-12-06T13:05:05+07:00,3984,24.30000,24.80000,70.40000,70.40000,37,,,,
2025-12-06T13:10:09+07:00,3985,24.30000,24.80000,70.40000,70.50000,37,,,,
2025-12-06T13:15:14+07:00,3986,24.30000,24.80000,70.40000,70.50000,37,,,,
2025-12-06T13:20:18+07:00,3987,24.30000,24.80000,70.30000,70.50000,37,,,,
2025-12-06T13:25:22+07:00,3988,24.30000,24.80000,70.30000,70.50000,37,,,,
2025-12-06T13:30:26+07:00,3989,24.30000,24.80000,70.20000,70.50000,37,,,,
2025-12-06T13:35:30+07:00,3990,24.30000,24.80000,70.20000,70.50000,37,,,,
2025-12-06T13:40:34+07:00,3991,24.20000,24.80000,70.20000,70.50000,37,,,,
2025-12-06T13:45:38+07:00,3992,24.20000,24.80000,70.20000,70.50000,37,,,,
2025-12-06T13:50:42+07:00,3993,24.20000,24.80000,70.10000,70.50000,36,,,,
2025-12-06T13:55:46+07:00,3994,24.20000,24.80000,70.10000,70.50000,36,,,,
2025-12-06T14:00:50+07:00,3995,24.20000,24.70000,70.10000,70.50000,37,,,,
2025-12-06T14:05:55+07:00,3996,24.20000,24.70000,70.00000,70.50000,37,,,,
2025-12-06T14:10:59+07:00,3997,24.20000,24.70000,70.00000,70.50000,37,,,,
2025-12-06T14:16:03+07:00,3998,24.20000,24.70000,70.00000,70.50000,36,,,,
2025-12-06T14:21:08+07:00,3999,24.20000,24.70000,70.00000,70.50000,36,,,,
2025-12-06T14:26:13+07:00,4000,24.20000,24.70000,69.90000,70.50000,36,,,,
2025-12-06T14:31:17+07:00,4001,24.20000,24.70000,69.90000,70.50000,36,,,,
2025-12-06T14:36:21+07:00,4002,24.20000,24.70000,69.80000,70.50000,37,,,,
2025-12-06T14:41:25+07:00,4003,24.20000,24.60000,69.80000,70.50000,36,,,,
2025-12-06T14:46:28+07:00,4004,24.10000,24.60000,69.80000,70.50000,37,,,,
2025-12-06T14:51:33+07:00,4005,24.10000,24.60000,69.70000,70.50000,36,,,,
2025-12-06T14:56:37+07:00,4006,24.10000,24.60000,69.70000,70.50000,36,,,,
2025-12-06T15:01:42+07:00,4007,24.10000,24.60000,69.60000,70.50000,37,,,,
2025-12-06T15:06:47+07:00,4008,24.10000,24.60000,69.60000,70.50000,37,,,,
2025-12-06T15:11:50+07:00,4009,24.10000,24.50000,69.60000,70.50000,36,,,,
2025-12-06T15:16:54+07:00,4010,24.10000,24.50000,69.60000,70.50000,37,,,,
2025-12-06T15:21:58+07:00,4011,24.00000,24.50000,69.60000,70.50000,36,,,,
2025-12-06T15:27:03+07:00,4012,24.00000,24.50000,69.50000,70.60001,36,,,,
2025-12-06T15:32:07+07:00,4013,24.00000,24.50000,69.50000,70.60001,36,,,,
2025-12-06T15:37:11+07:00,4014,24.00000,24.50000,69.40000,70.60001,37,,,,
2025-12-06T15:42:14+07:00,4015,24.00000,24.40000,69.40000,70.60001,37,,,,
2025-12-06T15:47:19+07:00,4016,24.00000,24.40000,69.40000,70.60001,37,,,,
2025-12-06T15:52:23+07:00,4017,24.00000,24.40000,69.40000,70.60001,36,,,,
2025-12-06T15:57:27+07:00,4018,24.00000,24.40000,69.30000,70.60001,37,,,,
2025-12-06T16:02:31+07:00,4019,23.90000,24.40000,69.30000,70.60001,36,,,,
2025-12-06T16:07:35+07:00,4020,23.90000,24.30000,69.30000,70.60001,36,,,,
2025-12-06T16:12:41+07:00,4021,23.90000,24.30000,69.20000,70.60001,36,,,,
2025-12-06T16:17:44+07:00,4022,23.90000,24.30000,69.20000,70.60001,36,,,,
2025-12-06T16:22:49+07:00,4023,23.90000,24.30000,69.20000,70.60001,36,,,,
2025-12-06T16:27:52+07:00,4024,23.90000,24.30000,69.20000,70.60001,37,,,,
2025-12-06T16:32:56+07:00,4025,23.90000,24.30000,69.20000,70.60001,36,,,,
2025-12-06T16:38:01+07:00,4026,23.90000,24.30000,69.10000,70.60001,37,,,,
2025-12-06T16:43:05+07:00,4027,23.80000,24.20000,69.10000,70.60001,36,,,,
2025-12-06T16:48:09+07:00,4028,23.80000,24.20000,69.10000,70.60001,36,,,,
2025-12-06T16:53:13+07:00,4029,23.80000,24.20000,69.00000,70.60001,36,,,,
2025-12-06T16:58:17+07:00,4030,23.80000,24.20000,69.00000,70.60001,36,,,,
2025-12-06T17:03:21+07:00,4031,23.80000,24.20000,69.00000,70.60001,36,,,,
2025-12-06T17:08:25+07:00,4032,23.80000,24.20000,69.00000,70.60001,36,,,,
2025-12-06T17:13:29+07:00,4033,23.80000,24.20000,69.00000,70.60001,36,,,,
2025-12-06T17:18:34+07:00,4034,23.80000,24.20000,69.00000,70.60001,36,,,,
2025-12-06T17:23:38+07:00,4035,23.80000,24.20000,69.00000,70.60001,36,,,,
2025-12-06T17:28:42+07:00,4036,23.80000,24.20000,68.90000,70.60001,36,,,,
2025-12-06T17:33:46+07:00,4037,23.80000,24.10000,68.90000,70.60001,36,,,,
2025-12-06T17:38:51+07:00,4038,23.80000,24.10000,68.90000,70.60001,36,,,,
2025-12-06T17:43:55+07:00,4039,23.80000,24.10000,68.90000,70.60001,36,,,,
2025-12-06T17:48:59+07:00,4040,23.80000,24.10000,68.90000,70.70000,36,,,,
2025-12-06T17:54:04+07:00,4041,23.70000,24.10000,68.90000,70.60001,36,,,,
2025-12-06T17:59:07+07:00,4042,23.70000,24.10000,68.80000,70.70000,36,,,,
2025-12-06T18:04:11+07:00,4043,23.70000,24.10000,68.80000,70.70000,36,,,,
2025-12-06T18:09:16+07:00,4044,23.70000,24.10000,68.80000,70.70000,36,,,,
2025-12-06T18:14:20+07:00,4045,23.70000,24.10000,68.80000,70.70000,36,,,,
2025-12-06T18:19:25+07:00,4046,23.70000,24.10000,68.80000,70.60001,36,,,,
2025-12-06T18:24:29+07:00,4047,23.70000,24.10000,68.80000,70.70000,36,,,,
2025-12-06T18:29:33+07:00,4048,23.70000,24.00000,68.80000,70.70000,36,,,,
2025-12-06T18:34:38+07:00,4049,23.70000,24.00000,68.80000,70.70000,36,,,,
2025-12-06T18:39:41+07:00,4050,23.70000,24.00000,68.80000,70.70000,36,,,,
2025-12-06T18:44:47+07:00,4051,23.70000,24.00000,68.80000,70.70000,36,,,,
2025-12-06T18:49:51+07:00,4052,23.70000,24.00000,68.70000,70.70000,36,,,,
2025-12-06T18:54:56+07:00,4053,23.70000,24.00000,68.70000,70.70000,36,,,,
2025-12-06T19:00:00+07:00,4054,23.60000,24.00000,68.70000,70.70000,36,,,,
2025-12-06T19:05:04+07:00,4055,23.60000,24.00000,68.70000,70.70000,36,,,,
2025-12-06T19:10:09+07:00,4056,23.60000,23.90000,68.60000,70.70000,36,,,,
2025-12-06T19:15:13+07:00,4057,23.60000,23.90000,68.60000,70.70000,36,,,,
2025-12-06T19:20:17+07:00,4058,23.60000,23.90000,68.60000,70.70000,36,,,,
2025-12-06T19:25:21+07:00,4059,23.60000,23.90000,68.60000,70.70000,36,,,,
2025-12-06T19:30:26+07:00,4060,23.60000,23.90000,68.60000,70.70000,36,,,,
2025-12-06T19:35:30+07:00,4061,23.60000,23.90000,68.60000,70.60001,36,,,,
2025-12-06T19:40:34+07:00,4062,23.50000,23.90000,68.60000,70.70000,36,,,,
2025-12-06T19:45:38+07:00,4063,23.50000,23.80000,68.60000,70.70000,36,,,,
2025-12-06T19:50:42+07:00,4064,23.50000,23.80000,68.50000,70.70000,36,,,,
2025-12-06T19:55:46+07:00,4065,23.50000,23.80000,68.50000,70.70000,36,,,,
2025-12-06T20:00:50+07:00,4066,23.50000,23.80000,68.50000,70.70000,36,,,,
2025-12-06T20:05:55+07:00,4067,23.50000,23.80000,68.50000,70.70000,36,,,,
2025-12-06T20:10:59+07:00,4068,23.50000,23.80000,68.40000,70.70000,36,,,,
2025-12-06T20:16:03+07:00,4069,23.40000,23.80000,68.40000,70.70000,36,,,,
2025-12-06T20:21:08+07:00,4070,23.40000,23.70000,68.40000,70.70000,36,,,,
2025-12-06T20:26:11+07:00,4071,23.40000,23.70000,68.40000,70.70000,36,,,,
2025-12-06T20:31:15+07:00,4072,23.40000,23.70000,68.40000,70.70000,36,,,,
2025-12-06T20:36:22+07:00,4073,23.40000,23.70000,68.40000,70.70000,36,,,,
2025-12-06T20:41:28+07:00,4074,23.40000,23.70000,68.40000,70.70000,36,,,,
2025-12-06T20:46:31+07:00,4075,23.40000,23.70000,68.30000,70.70000,36,,,,
2025-12-06T20:51:35+07:00,4076,23.40000,23.60000,68.40000,70.60001,36,,,,
2025-12-06T20:56:39+07:00,4077,23.40000,23.60000,68.30000,70.70000,36,,,,
2025-12-06T21:01:42+07:00,4078,23.30000,23.60000,68.30000,70.60001,36,,,,
2025-12-06T21:06:46+07:00,4079,23.30000,23.60000,68.30000,70.60001,36,,,,
2025-12-06T21:11:50+07:00,4080,23.40000,23.60000,68.30000,70.60001,36,,,,
2025-12-06T21:16:54+07:00,4081,23.30000,23.60000,68.30000,70.60001,36,,,,
2025-12-06T21:21:59+07:00,4082,23.30000,23.60000,68.30000,70.60001,36,,,,
2025-12-06T21:27:03+07:00,4083,23.30000,23.50000,68.30000,70.60001,36,,,,
2025-12-06T21:32:07+07:00,4084,23.30000,23.50000,68.20000,70.60001,36,,,,
2025-12-06T21:37:11+07:00,4085,23.30000,23.50000,68.20000,70.60001,36,,,,
2025-12-06T21:42:16+07:00,4086,23.30000,23.50000,68.20000,70.60001,36,,,,
2025-12-06T21:47:20+07:00,4087,23.20000,23.50000,68.20000,70.60001,36,,,,
2025-12-06T21:52:25+07:00,4088,23.20000,23.50000,68.20000,70.60001,36,,,,
2025-12-06T21:57:29+07:00,4089,23.20000,23.50000,68.20000,70.60001,36,,,,
2025-12-06T22:02:34+07:00,4090,23.20000,23.50000,68.20000,70.60001,36,,,,
2025-12-06T22:07:38+07:00,4091,23.20000,23.40000,68.20000,70.60001,36,,,,
2025-12-06T22:12:43+07:00,4092,23.20000,23.40000,68.20000,70.60001,36,,,,
2025-12-06T22:17:48+07:00,4093,23.20000,23.40000,68.20000,70.60001,36,,,,
2025-12-06T22:22:52+07:00,4094,23.20000,23.40000,68.20000,70.60001,36,,,,
2025-12-06T22:27:57+07:00,4095,23.20000,23.40000,68.20000,70.60001,36,,,,
2025-12-06T22:33:00+07:00,4096,23.20000,23.40000,68.10000,70.60001,36,,,,
2025-12-06T22:38:05+07:00,4097,23.20000,23.40000,68.10000,70.60001,36,,,,
2025-12-06T22:43:09+07:00,4098,23.20000,23.30000,68.20000,70.60001,36,,,,
2025-12-06T22:48:13+07:00,4099,23.20000,23.30000,68.20000,70.60001,36,,,,
2025-12-06T22:53:17+07:00,4100,23.20000,23.30000,68.10000,70.60001,36,,,,
2025-12-06T22:58:22+07:00,4101,23.20000,23.30000,68.10000,70.60001,36,,,,
2025-12-06T23:03:26+07:00,4102,23.10000,23.30000,68.10000,70.60001,36,,,,
2025-12-06T23:08:30+07:00,4103,23.10000,23.30000,68.10000,70.60001,36,,,,
2025-12-06T23:13:34+07:00,4104,23.10000,23.30000,68.10000,70.50000,36,,,,
2025-12-06T23:18:38+07:00,4105,23.10000,23.30000,68.10000,70.50000,36,,,,
2025-12-06T23:23:43+07:00,4106,23.10000,23.20000,68.10000,70.50000,36,,,,
2025-12-06T23:28:47+07:00,4107,23.10000,23.20000,68.10000,70.50000,36,,,,
2025-12-06T23:33:52+07:00,4108,23.10000,23.20000,68.10000,70.50000,36,,,,
2025-12-06T23:38:56+07:00,4109,23.10000,23.20000,68.10000,70.50000,36,,,,
2025-12-06T23:44:00+07:00,4110,23.00000,23.20000,68.00000,70.50000,36,,,,
2025-12-06T23:49:05+07:00,4111,23.00000,23.20000,68.10000,70.50000,36,,,,
2025-12-06T23:54:09+07:00,4112,23.00000,23.10000,68.00000,70.50000,36,,,,
2025-12-06T23:59:13+07:00,4113,23.00000,23.10000,68.00000,70.50000,36,,,,
2025-12-07T00:04:17+07:00,4114,23.00000,23.10000,68.00000,70.50000,36,,,,
2025-12-07T00:09:22+07:00,4115,23.00000,23.10000,68.00000,70.50000,36,,,,
2025-12-07T00:14:26+07:00,4116,22.90000,23.10000,68.00000,70.40000,36,,,,
2025-12-07T00:19:30+07:00,4117,22.90000,23.00000,68.00000,70.50000,36,,,,
2025-12-07T00:24:34+07:00,4118,22.90000,23.00000,68.00000,70.50000,36,,,,
2025-12-07T00:29:39+07:00,4119,22.90000,23.00000,67.90000,70.50000,36,,,,
2025-12-07T00:34:43+07:00,4120,22.90000,23.00000,67.90000,70.40000,36,,,,
2025-12-07T00:39:47+07:00,4121,22.90000,23.00000,67.90000,70.50000,36,,,,
2025-12-07T00:44:52+07:00,4122,22.90000,23.00000,67.90000,70.50000,36,,,,
2025-12-07T00:49:56+07:00,4123,22.90000,23.00000,67.90000,70.40000,36,,,,
2025-12-07T00:55:01+07:00,4124,22.90000,22.90000,67.90000,70.40000,36,,,,
2025-12-07T01:00:05+07:00,4125,22.80000,22.90000,67.90000,70.40000,36,,,,
2025-12-07T01:05:10+07:00,4126,22.80000,22.90000,67.90000,70.50000,36,,,,
2025-12-07T01:10:15+07:00,4127,22.80000,22.90000,67.90000,70.40000,36,,,,
2025-12-07T01:15:19+07:00,4128,22.80000,22.90000,67.90000,70.40000,36,,,,
2025-12-07T01:20:23+07:00,4129,22.80000,22.90000,67.80000,70.40000,36,,,,
2025-12-07T01:25:28+07:00,4130,22.80000,22.80000,67.90000,70.40000,36,,,,
2025-12-07T01:30:33+07:00,4131,22.80000,22.80000,67.80000,70.40000,36,,,,
2025-12-07T01:35:37+07:00,4132,22.70000,22.80000,67.90000,70.40000,36,,,,
2025-12-07T01:40:41+07:00,4133,22.70000,22.80000,67.80000,70.30000,36,,,,
2025-12-07T01:45:46+07:00,4134,22.70000,22.80000,67.80000,70.40000,35,,,,
2025-12-07T01:50:50+07:00,4135,22.70000,22.70000,67.80000,70.30000,36,,,,
2025-12-07T01:55:53+07:00,4136,22.70000,22.70000,67.80000,70.30000,36,,,,
2025-12-07T02:00:58+07:00,4137,22.70000,22.70000,67.80000,70.30000,36,,,,
2025-12-07T02:06:02+07:00,4138,22.60000,22.70000,67.70000,70.30000,36,,,,
2025-12-07T02:16:14+07:00,4139,22.60000,22.70000,67.70000,70.30000,36,,,,
2025-12-07T02:21:18+07:00,4140,22.60000,22.60000,67.70000,70.30000,36,,,,
2025-12-07T02:26:23+07:00,4141,22.60000,22.60000,67.70000,70.30000,36,,,,
2025-12-07T02:31:27+07:00,4142,22.60000,22.60000,67.70000,70.30000,36,,,,
2025-12-07T02:36:32+07:00,4143,22.60000,22.60000,67.70000,70.30000,36,,,,
2025-12-07T02:41:37+07:00,4144,22.60000,22.60000,67.70000,70.30000,35,,,,
2025-12-07T02:46:41+07:00,4145,22.60000,22.60000,67.70000,70.30000,36,,,,
2025-12-07T02:51:45+07:00,4146,22.60000,22.60000,67.70000,70.30000,35,,,,
2025-12-07T02:56:50+07:00,4147,22.50000,22.50000,67.60000,70.30000,36,,,,
2025-12-07T03:01:54+07:00,4148,22.50000,22.50000,67.60000,70.30000,36,,,,
2025-12-07T03:06:58+07:00,4149,22.50000,22.50000,67.60000,70.30000,35,,,,
2025-12-07T03:12:02+07:00,4150,22.50000,22.50000,67.60000,70.30000,35,,,,
2025-12-07T03:17:05+07:00,4151,22.50000,22.50000,67.60000,70.30000,35,,,,
2025-12-07T03:22:10+07:00,4152,22.50000,22.50000,67.60000,70.30000,35,,,,
2025-12-07T03:27:13+07:00,4153,22.50000,22.40000,67.60000,70.30000,36,,,,
2025-12-07T03:32:18+07:00,4154,22.40000,22.40000,67.60000,70.30000,36,,,,
2025-12-07T03:37:22+07:00,4155,22.40000,22.40000,67.50000,70.30000,35,,,,
2025-12-07T03:42:27+07:00,4156,22.40000,22.40000,67.60000,70.30000,36,,,,
2025-12-07T03:47:30+07:00,4157,22.40000,22.40000,67.60000,70.30000,35,,,,
2025-12-07T03:52:35+07:00,4158,22.40000,22.40000,67.50000,70.30000,35,,,,
2025-12-07T03:57:39+07:00,4159,22.40000,22.40000,67.50000,70.30000,35,,,,
2025-12-07T04:07:53+07:00,4160,22.40000,22.30000,67.60000,70.30000,35,,,,
2025-12-07T04:12:58+07:00,4161,22.30000,22.30000,67.50000,70.30000,35,,,,
2025-12-07T04:18:03+07:00,4162,22.30000,22.30000,67.50000,70.30000,35,,,,
2025-12-07T04:23:06+07:00,4163,22.30000,22.30000,67.50000,70.20000,35,,,,
2025-12-07T04:28:11+07:00,4164,22.30000,22.30000,67.50000,70.20000,35,,,,
2025-12-07T04:33:15+07:00,4165,22.30000,22.30000,67.50000,70.20000,35,,,,
2025-12-07T04:38:19+07:00,4166,22.30000,22.30000,67.40000,70.20000,35,,,,
2025-12-07T04:43:24+07:00,4167,22.30000,22.20000,67.40000,70.20000,35,,,,
2025-12-07T04:48:29+07:00,4168,22.30000,22.20000,67.50000,70.20000,36,,,,
2025-12-07T04:53:33+07:00,4169,22.30000,22.20000,67.40000,70.20000,35,,,,
2025-12-07T04:58:37+07:00,4170,22.20000,22.20000,67.40000,70.20000,35,,,,
2025-12-07T05:03:42+07:00,4171,22.20000,22.20000,67.40000,70.20000,35,,,,
2025-12-07T05:08:46+07:00,4172,22.20000,22.20000,67.40000,70.20000,35,,,,
2025-12-07T05:13:51+07:00,4173,22.20000,22.10000,67.40000,70.20000,35,,,,
2025-12-07T05:18:55+07:00,4174,22.20000,22.10000,67.40000,70.20000,35,,,,
2025-12-07T05:24:00+07:00,4175,22.20000,22.10000,67.40000,70.20000,35,,,,
2025-12-07T05:29:04+07:00,4176,22.20000,22.10000,67.40000,70.20000,36,,,,
2025-12-07T05:34:08+07:00,4177,22.20000,22.10000,67.30000,70.20000,35,,,,
2025-12-07T05:39:13+07:00,4178,22.10000,22.10000,67.30000,70.20000,35,,,,
2025-12-07T05:44:18+07:00,4179,22.10000,22.10000,67.30000,70.20000,35,,,,
2025-12-07T05:49:21+07:00,4180,22.10000,22.00000,67.30000,70.20000,35,,,,
2025-12-07T05:54:25+07:00,4181,22.10000,22.00000,67.30000,70.20000,35,,,,
2025-12-07T05:59:30+07:00,4182,22.10000,22.00000,67.30000,70.20000,35,,,,
2025-12-07T06:04:34+07:00,4183,22.10000,22.00000,67.30000,70.20000,35,,,,
2025-12-07T06:09:38+07:00,4184,22.10000,22.00000,67.30000,70.20000,35,,,,
2025-12-07T06:14:41+07:00,4185,22.10000,22.00000,67.40000,70.20000,35,,,,
2025-12-07T06:19:46+07:00,4186,22.10000,22.00000,67.40000,70.20000,35,,,,
2025-12-07T06:24:50+07:00,4187,22.10000,22.00000,67.40000,70.20000,35,,,,
2025-12-07T06:29:55+07:00,4188,22.10000,22.00000,67.30000,70.20000,35,,,,
2025-12-07T06:34:59+07:00,4189,22.10000,22.00000,67.30000,70.30000,35,,,,
2025-12-07T06:40:03+07:00,4190,22.10000,22.00000,67.40000,70.30000,35,,,,
2025-12-07T06:45:08+07:00,4191,22.10000,22.00000,67.40000,70.40000,35,,,,
2025-12-07T06:50:12+07:00,4192,22.10000,22.00000,67.40000,70.40000,35,,,,
2025-12-07T06:55:17+07:00,4193,22.10000,22.00000,67.40000,70.40000,35,,,,
2025-12-07T07:00:21+07:00,4194,22.10000,22.10000,67.40000,70.50000,35,,,,
2025-12-07T07:05:25+07:00,4195,22.20000,22.10000,67.40000,70.40000,35,,,,
2025-12-07T07:10:29+07:00,4196,22.20000,22.10000,67.40000,70.40000,35,,,,
2025-12-07T07:15:33+07:00,4197,22.20000,22.10000,67.40000,70.40000,35,,,,
2025-12-07T07:20:37+07:00,4198,22.20000,22.20000,67.40000,70.40000,35,,,,
2025-12-07T07:25:41+07:00,4199,22.20000,22.20000,67.40000,70.40000,35,,,,
2025-12-07T07:30:45+07:00,4200,22.30000,22.20000,67.40000,70.40000,35,,,,
2025-12-07T07:35:49+07:00,4201,22.30000,22.30000,67.50000,70.50000,35,,,,
2025-12-07T07:40:53+07:00,4202,22.30000,22.30000,67.50000,70.50000,35,,,,
2025-12-07T07:45:57+07:00,4203,22.40000,22.30000,67.50000,70.50000,35,,,,
2025-12-07T07:51:01+07:00,4204,22.40000,22.40000,67.60000,70.50000,35,,,,
2025-12-07T07:56:05+07:00,4205,22.40000,22.40000,67.60000,70.60001,35,,,,
2025-12-07T08:01:09+07:00,4206,22.50000,22.50000,67.60000,70.60001,35,,,,
2025-12-07T08:06:14+07:00,4207,22.50000,22.50000,67.60000,70.60001,35,,,,
2025-12-07T08:11:17+07:00,4208,22.50000,22.50000,67.60000,70.60001,35,,,,
2025-12-07T08:16:21+07:00,4209,22.60000,22.60000,67.70000,70.60001,35,,,,
2025-12-07T08:21:25+07:00,4210,22.60000,22.60000,67.70000,70.60001,35,,,,
2025-12-07T08:26:30+07:00,4211,22.60000,22.70000,67.80000,70.60001,35,,,,
2025-12-07T08:31:34+07:00,4212,22.60000,22.70000,67.80000,70.70000,35,,,,
2025-12-07T08:36:38+07:00,4213,22.70000,22.80000,67.80000,70.70000,35,,,,
2025-12-07T08:41:43+07:00,4214,22.70000,22.80000,67.80000,70.70000,35,,,,
2025-12-07T08:46:47+07:00,4215,22.80000,22.90000,67.90000,70.70000,35,,,,
2025-12-07T08:51:51+07:00,4216,22.80000,22.90000,67.90000,70.70000,35,,,,
2025-12-07T08:56:55+07:00,4217,22.80000,23.00000,67.90000,70.70000,35,,,,
2025-12-07T09:02:00+07:00,4218,22.90000,23.00000,68.00000,70.70000,35,,,,
2025-12-07T09:07:03+07:00,4219,22.90000,23.10000,68.00000,70.70000,35,,,,
2025-12-07T09:12:08+07:00,4220,22.90000,23.10000,68.10000,70.80000,35,,,,
2025-12-07T09:17:12+07:00,4221,23.00000,23.20000,68.20000,70.80000,35,,,,
2025-12-07T09:22:16+07:00,4222,23.00000,23.20000,68.30000,70.80000,35,,,,
2025-12-07T09:27:21+07:00,4223,23.10000,23.30000,68.30000,70.80000,35,,,,
2025-12-07T09:32:25+07:00,4224,23.10000,23.30000,68.40000,70.80000,35,,,,
2025-12-07T09:37:29+07:00,4225,23.10000,23.30000,68.40000,70.80000,35,,,,
2025-12-07T09:42:34+07:00,4226,23.20000,23.40000,68.50000,70.80000,35,,,,
2025-12-07T09:47:37+07:00,4227,23.20000,23.50000,68.60000,70.80000,35,,,,
2025-12-07T09:52:41+07:00,4228,23.30000,23.50000,68.70000,70.80000,35,,,,
2025-12-07T09:57:45+07:00,4229,23.30000,23.60000,68.70000,70.80000,35,,,,
2025-12-07T10:02:49+07:00,4230,23.40000,23.60000,68.80000,70.80000,35,,,,
2025-12-07T10:07:54+07:00,4231,23.40000,23.60000,68.90000,70.80000,35,,,,
2025-12-07T10:12:58+07:00,4232,23.40000,23.70000,69.00000,70.80000,35,,,,
2025-12-07T10:18:01+07:00,4233,23.40000,23.70000,69.00000,70.70000,35,,,,
2025-12-07T10:23:06+07:00,4234,23.50000,23.80000,69.10000,70.70000,35,,,,
2025-12-07T10:28:11+07:00,4235,23.50000,23.80000,69.10000,70.80000,35,,,,
2025-12-07T10:33:15+07:00,4236,23.50000,23.80000,69.20000,70.70000,35,,,,
2025-12-07T10:38:20+07:00,4237,23.50000,23.90000,69.20000,70.70000,35,,,,
2025-12-07T10:43:24+07:00,4238,23.60000,23.90000,69.20000,70.70000,35,,,,
2025-12-07T10:48:28+07:00,4239,23.60000,23.90000,69.30000,70.70000,35,,,,
2025-12-07T10:53:33+07:00,4240,23.60000,23.90000,69.30000,70.70000,35,,,,
2025-12-07T10:58:37+07:00,4241,23.60000,24.00000,69.40000,70.70000,35,,,,
2025-12-07T11:03:41+07:00,4242,23.60000,24.00000,69.40000,70.70000,35,,,,
2025-12-07T11:08:45+07:00,4243,23.60000,24.00000,69.40000,70.70000,35,,,,
2025-12-07T11:13:49+07:00,4244,23.70000,24.00000,69.40000,70.70000,35,,,,
2025-12-07T11:18:52+07:00,4245,23.70000,24.10000,69.40000,70.70000,35,,,,
2025-12-07T11:23:56+07:00,4246,23.70000,24.10000,69.50000,70.70000,35,,,,
2025-12-07T11:34:11+07:00,4247,23.70000,24.10000,69.50000,70.70000,35,,,,
2025-12-07T11:39:15+07:00,4248,23.70000,24.10000,69.60000,70.70000,35,,,,
2025-12-07T11:44:19+07:00,4249,23.80000,24.20000,69.60000,70.70000,35,,,,
2025-12-07T11:49:23+07:00,4250,23.80000,24.20000,69.60000,70.70000,35,,,,
2025-12-07T11:54:27+07:00,4251,23.80000,24.20000,69.60000,70.70000,35,,,,
2025-12-07T11:59:31+07:00,4252,23.80000,24.20000,69.70000,70.70000,35,,,,
2025-12-07T12:04:35+07:00,4253,23.80000,24.20000,69.70000,70.70000,35,,,,
2025-12-07T12:09:39+07:00,4254,23.80000,24.30000,69.70000,70.70000,35,,,,
2025-12-07T12:14:43+07:00,4255,23.80000,24.30000,69.70000,70.70000,35,,,,
2025-12-07T12:19:48+07:00,4256,23.80000,24.30000,69.70000,70.70000,35,,,,
2025-12-07T12:24:51+07:00,4257,23.80000,24.30000,69.70000,70.70000,35,,,,
2025-12-07T12:29:56+07:00,4258,23.90000,24.30000,69.70000,70.70000,35,,,,
2025-12-07T12:35:00+07:00,4259,23.90000,24.30000,69.70000,70.70000,35,,,,
2025-12-07T12:40:04+07:00,4260,23.90000,24.30000,69.70000,70.70000,35,,,,
2025-12-07T12:45:08+07:00,4261,23.90000,24.30000,69.70000,70.70000,35,,,,
2025-12-07T12:50:12+07:00,4262,23.90000,24.30000,69.70000,70.70000,35,,,,
2025-12-07T12:55:16+07:00,4263,23.90000,24.30000,69.70000,70.70000,35,,,,
2025-12-07T13:00:19+07:00,4264,23.90000,24.30000,69.70000,70.70000,35,,,,
2025-12-07T13:05:24+07:00,4265,23.90000,24.30000,69.70000,70.70000,35,,,,
2025-12-07T13:10:28+07:00,4266,23.90000,24.30000,69.70000,70.70000,35,,,,
2025-12-07T13:15:32+07:00,4267,23.90000,24.30000,69.70000,70.70000,35,,,,
2025-12-07T13:20:35+07:00,4268,23.90000,24.40000,69.70000,70.70000,35,,,,
2025-12-07T13:25:40+07:00,4269,23.90000,24.30000,69.70000,70.70000,35,,,,
2025-12-07T13:30:44+07:00,4270,23.90000,24.40000,69.70000,70.70000,35,,,,
2025-12-07T13:35:47+07:00,4271,23.90000,24.40000,69.70000,70.70000,35,,,,
2025-12-07T13:40:51+07:00,4272,23.90000,24.40000,69.70000,70.70000,35,,,,
2025-12-07T13:45:55+07:00,4273,23.90000,24.40000,69.70000,70.70000,34,,,,
2025-12-07T13:51:00+07:00,4274,23.90000,24.40000,69.70000,70.70000,35,,,,
2025-12-07T13:56:03+07:00,4275,23.90000,24.40000,69.70000,70.70000,35,,,,
2025-12-07T14:01:08+07:00,4276,23.90000,24.40000,69.70000,70.70000,35,,,,
2025-12-07T14:06:13+07:00,4277,24.00000,24.40000,69.80000,70.70000,35,,,,
2025-12-07T14:11:17+07:00,4278,24.00000,24.40000,69.70000,70.70000,35,,,,
2025-12-07T14:16:21+07:00,4279,24.00000,24.40000,69.80000,70.70000,35,,,,
2025-12-07T14:21:25+07:00,4280,24.00000,24.40000,69.80000,70.70000,35,,,,
2025-12-07T14:26:29+07:00,4281,24.00000,24.40000,69.80000,70.70000,35,,,,
2025-12-07T14:31:33+07:00,4282,24.00000,24.40000,69.80000,70.70000,35,,,,
2025-12-07T14:36:37+07:00,4283,24.00000,24.50000,69.80000,70.70000,35,,,,
2025-12-07T14:41:40+07:00,4284,24.00000,24.50000,69.80000,70.70000,35,,,,
2025-12-07T14:46:44+07:00,4285,24.00000,24.50000,69.80000,70.70000,35,,,,
2025-12-07T14:51:49+07:00,4286,24.00000,24.50000,69.80000,70.70000,35,,,,
2025-12-07T14:56:52+07:00,4287,24.00000,24.50000,69.80000,70.70000,35,,,,
2025-12-07T15:01:56+07:00,4288,24.00000,24.50000,69.80000,70.70000,35,,,,
2025-12-07T15:07:00+07:00,4289,24.00000,24.50000,69.90000,70.70000,35,,,,
2025-12-07T15:12:05+07:00,4290,24.10000,24.50000,69.90000,70.70000,35,,,,
2025-12-07T15:17:09+07:00,4291,24.10000,24.50000,69.80000,70.70000,35,,,,
2025-12-07T15:22:13+07:00,4292,24.10000,24.50000,69.80000,70.70000,35,,,,
2025-12-07T15:27:17+07:00,4293,24.00000,24.50000,69.90000,70.70000,34,,,,
2025-12-07T15:32:21+07:00,4294,24.10000,24.50000,69.90000,70.70000,35,,,,
2025-12-07T15:37:25+07:00,4295,24.10000,24.50000,69.90000,70.70000,35,,,,
2025-12-07T15:42:28+07:00,4296,24.10000,24.50000,69.90000,70.70000,35,,,,
2025-12-07T15:47:33+07:00,4297,24.10000,24.50000,69.90000,70.70000,35,,,,
2025-12-07T15:52:37+07:00,4298,24.10000,24.50000,69.90000,70.70000,34,,,,
2025-12-07T15:57:42+07:00,4299,24.10000,24.50000,69.90000,70.70000,35,,,,
2025-12-07T16:02:46+07:00,4300,24.10000,24.60000,69.90000,70.70000,35,,,,
2025-12-07T16:07:50+07:00,4301,24.10000,24.60000,69.90000,70.70000,34,,,,
2025-12-07T16:12:53+07:00,4302,24.10000,24.60000,69.90000,70.70000,35,,,,
2025-12-07T16:17:58+07:00,4303,24.10000,24.60000,69.90000,70.70000,35,,,,
2025-12-07T16:23:03+07:00,4304,24.10000,24.60000,69.90000,70.70000,34,,,,
2025-12-07T16:28:06+07:00,4305,24.10000,24.60000,69.90000,70.70000,34,,,,
2025-12-07T16:33:10+07:00,4306,24.10000,24.60000,69.90000,70.70000,35,,,,
2025-12-07T16:38:15+07:00,4307,24.10000,24.60000,69.90000,70.70000,35,,,,
2025-12-07T16:43:18+07:00,4308,24.10000,24.60000,69.90000,70.70000,34,,,,
2025-12-07T16:48:23+07:00,4309,24.10000,24.60000,69.90000,70.70000,34,,,,
2025-12-07T16:53:26+07:00,4310,24.10000,24.60000,69.90000,70.70000,34,,,,
2025-12-07T16:58:31+07:00,4311,24.10000,24.60000,69.90000,70.70000,35,,,,
2025-12-07T17:03:39+07:00,4312,24.10000,24.60000,69.90000,70.70000,34,,,,
2025-12-07T17:08:43+07:00,4313,24.10000,24.60000,69.90000,70.70000,34,,,,
2025-12-07T17:13:50+07:00,4314,24.10000,24.60000,69.80000,70.70000,34,,,,
2025-12-07T17:18:53+07:00,4315,24.10000,24.60000,69.80000,70.70000,34,,,,
2025-12-07T17:23:56+07:00,4316,24.10000,24.60000,69.80000,70.70000,34,,,,
2025-12-07T17:29:01+07:00,4317,24.10000,24.60000,69.80000,70.70000,34,,,,
2025-12-07T17:34:05+07:00,4318,24.10000,24.60000,69.80000,70.70000,34,,,,
2025-12-07T17:39:09+07:00,4319,24.10000,24.60000,69.80000,70.70000,34,,,,
2025-12-07T17:44:13+07:00,4320,24.10000,24.50000,69.80000,70.70000,35,,,,
2025-12-07T17:49:17+07:00,4321,24.10000,24.60000,69.80000,70.70000,34,,,,
2025-12-07T17:54:21+07:00,4322,24.10000,24.60000,69.80000,70.70000,35,,,,
2025-12-07T17:59:25+07:00,4323,24.10000,24.50000,69.70000,70.70000,34,,,,
2025-12-07T18:04:29+07:00,4324,24.10000,24.50000,69.70000,70.80000,34,,,,
2025-12-07T18:09:34+07:00,4325,24.10000,24.50000,69.70000,70.70000,34,,,,
2025-12-07T18:14:38+07:00,4326,24.10000,24.50000,69.70000,70.80000,34,,,,
2025-12-07T18:19:42+07:00,4327,24.10000,24.50000,69.70000,70.80000,34,,,,
2025-12-07T18:24:46+07:00,4328,24.00000,24.50000,69.70000,70.80000,34,,,,
2025-12-07T18:29:50+07:00,4329,24.00000,24.50000,69.70000,70.80000,34,,,,
2025-12-07T18:34:54+07:00,4330,24.00000,24.50000,69.60000,70.80000,34,,,,
2025-12-07T18:39:58+07:00,4331,24.00000,24.50000,69.60000,70.80000,34,,,,
2025-12-07T18:45:02+07:00,4332,24.00000,24.50000,69.60000,70.80000,34,,,,
2025-12-07T18:50:06+07:00,4333,24.00000,24.40000,69.60000,70.80000,34,,,,
2025-12-07T18:55:11+07:00,4334,24.00000,24.50000,69.60000,70.80000,34,,,,
2025-12-07T19:00:15+07:00,4335,24.00000,24.40000,69.60000,70.80000,34,,,,
2025-12-07T19:05:20+07:00,4336,24.00000,24.40000,69.50000,70.80000,34,,,,
2025-12-07T19:10:24+07:00,4337,24.00000,24.40000,69.60000,70.80000,34,,,,
2025-12-07T19:15:27+07:00,4338,24.00000,24.40000,69.60000,70.80000,34,,,,
2025-12-07T19:20:31+07:00,4339,24.00000,24.40000,69.50000,70.80000,34,,,,
2025-12-07T19:25:35+07:00,4340,24.00000,24.40000,69.50000,70.80000,34,,,,
2025-12-07T19:30:39+07:00,4341,24.00000,24.40000,69.50000,70.80000,34,,,,
2025-12-07T19:35:44+07:00,4342,24.00000,24.40000,69.50000,70.80000,34,,,,
2025-12-07T19:40:48+07:00,4343,23.90000,24.40000,69.50000,70.80000,34,,,,
2025-12-07T19:45:52+07:00,4344,23.90000,24.30000,69.50000,70.80000,34,,,,
2025-12-07T19:56:03+07:00,4345,23.90000,24.30000,69.50000,70.80000,34,,,,
2025-12-07T20:01:08+07:00,4346,23.90000,24.30000,69.50000,70.80000,34,,,,
2025-12-07T20:06:12+07:00,4347,23.90000,24.30000,69.50000,70.80000,34,,,,
2025-12-07T20:11:16+07:00,4348,23.90000,24.30000,69.50000,70.80000,34,,,,
2025-12-07T20:16:20+07:00,4349,23.90000,24.30000,69.40000,70.80000,34,,,,
2025-12-07T20:21:24+07:00,4350,23.90000,24.30000,69.40000,70.80000,34,,,,
2025-12-07T20:26:29+07:00,4351,23.90000,24.30000,69.40000,70.80000,34,,,,
2025-12-07T20:31:33+07:00,4352,23.90000,24.30000,69.40000,70.80000,34,,,,
2025-12-07T20:36:37+07:00,4353,23.80000,24.20000,69.40000,70.80000,34,,,,
2025-12-07T20:41:41+07:00,4354,23.80000,24.20000,69.40000,70.80000,34,,,,
2025-12-07T20:46:45+07:00,4355,23.80000,24.20000,69.40000,70.80000,34,,,,
2025-12-07T20:51:50+07:00,4356,23.80000,24.20000,69.40000,70.90000,34,,,,
2025-12-07T20:56:54+07:00,4357,23.80000,24.20000,69.40000,70.90000,34,,,,
2025-12-07T21:01:58+07:00,4358,23.80000,24.20000,69.40000,70.90000,34,,,,
2025-12-07T21:07:02+07:00,4359,23.80000,24.20000,69.30000,70.90000,34,,,,
2025-12-07T21:12:07+07:00,4360,23.80000,24.20000,69.30000,70.90000,34,,,,
2025-12-07T21:17:11+07:00,4361,23.80000,24.20000,69.30000,70.90000,34,,,,
2025-12-07T21:22:15+07:00,4362,23.80000,24.20000,69.30000,70.90000,34,,,,
2025-12-07T21:27:19+07:00,4363,23.80000,24.20000,69.30000,70.90000,34,,,,
2025-12-07T21:32:23+07:00,4364,23.80000,24.10000,69.30000,70.90000,34,,,,
2025-12-07T21:37:27+07:00,4365,23.80000,24.10000,69.20000,70.90000,34,,,,
2025-12-07T21:42:31+07:00,4366,23.80000,24.10000,69.20000,70.90000,34,,,,
2025-12-07T21:47:35+07:00,4367,23.70000,24.10000,69.20000,70.90000,34,,,,
2025-12-07T21:52:40+07:00,4368,23.70000,24.10000,69.20000,70.90000,34,,,,
2025-12-07T21:57:44+07:00,4369,23.70000,24.10000,69.20000,70.90000,34,,,,
2025-12-07T22:02:49+07:00,4370,23.70000,24.10000,69.20000,70.90000,34,,,,
2025-12-07T22:07:52+07:00,4371,23.70000,24.10000,69.20000,70.90000,34,,,,
2025-12-07T22:12:56+07:00,4372,23.70000,24.10000,69.20000,70.90000,34,,,,
2025-12-07T22:18:00+07:00,4373,23.70000,24.10000,69.20000,70.90000,34,,,,
2025-12-07T22:23:05+07:00,4374,23.70000,24.00000,69.20000,70.90000,34,,,,
2025-12-07T22:28:09+07:00,4375,23.70000,24.00000,69.20000,70.90000,34,,,,
2025-12-07T22:33:13+07:00,4376,23.70000,24.00000,69.10000,70.90000,34,,,,
2025-12-07T22:38:17+07:00,4377,23.70000,24.00000,69.10000,70.90000,34,,,,
2025-12-07T22:43:21+07:00,4378,23.70000,24.00000,69.10000,70.90000,34,,,,
2025-12-07T22:48:26+07:00,4379,23.70000,24.00000,69.10000,70.90000,34,,,,
2025-12-07T22:53:30+07:00,4380,23.70000,24.00000,69.10000,70.90000,34,,,,
2025-12-07T22:58:35+07:00,4381,23.70000,24.00000,69.10000,70.90000,34,,,,
2025-12-07T23:03:39+07:00,4382,23.60000,24.00000,69.10000,70.90000,34,,,,
2025-12-07T23:08:43+07:00,4383,23.60000,24.00000,69.00000,70.90000,34,,,,
2025-12-07T23:24:01+07:00,4384,23.60000,23.90000,69.00000,70.90000,34,,,,
2025-12-07T23:29:05+07:00,4385,23.60000,23.90000,69.00000,70.90000,34,,,,
2025-12-07T23:34:09+07:00,4386,23.60000,23.90000,69.00000,70.90000,34,,,,
2025-12-07T23:39:14+07:00,4387,23.60000,23.90000,69.00000,70.90000,34,,,,
2025-12-07T23:44:18+07:00,4388,23.60000,23.90000,69.00000,70.90000,34,,,,
2025-12-07T23:49:21+07:00,4389,23.60000,23.90000,69.00000,70.90000,34,,,,
2025-12-07T23:54:25+07:00,4390,23.60000,23.90000,69.00000,70.90000,34,,,,
2025-12-07T23:59:29+07:00,4391,23.60000,23.90000,69.00000,70.90000,34,,,,
2025-12-08T00:04:34+07:00,4392,23.60000,23.90000,69.00000,70.90000,34,,,,
2025-12-08T00:09:38+07:00,4393,23.60000,23.90000,69.00000,70.90000,33,,,,
2025-12-08T00:14:42+07:00,4394,23.60000,23.80000,69.00000,70.90000,34,,,,
2025-12-08T00:19:47+07:00,4395,23.50000,23.90000,69.00000,71.00000,34,,,,
2025-12-08T00:24:51+07:00,4396,23.60000,23.80000,69.00000,70.90000,34,,,,
2025-12-08T00:40:09+07:00,4397,23.50000,23.80000,69.00000,71.00000,34,,,,
2025-12-08T00:45:13+07:00,4398,23.50000,23.80000,69.00000,70.90000,33,,,,
2025-12-08T00:50:17+07:00,4399,23.50000,23.80000,69.00000,71.00000,34,,,,
2025-12-08T00:55:21+07:00,4400,23.50000,23.80000,69.00000,71.00000,33,,,,
2025-12-08T01:00:26+07:00,4401,23.50000,23.80000,68.90000,71.00000,33,,,,
2025-12-08T01:05:30+07:00,4402,23.50000,23.80000,68.90000,71.00000,33,,,,
2025-12-08T01:10:34+07:00,4403,23.50000,23.80000,68.90000,71.00000,33,,,,
2025-12-08T01:15:38+07:00,4404,23.50000,23.80000,68.90000,71.00000,34,,,,
2025-12-08T01:20:42+07:00,4405,23.50000,23.80000,68.90000,71.00000,33,,,,
2025-12-08T01:25:47+07:00,4406,23.50000,23.80000,68.90000,71.00000,34,,,,
2025-12-08T01:30:51+07:00,4407,23.50000,23.70000,68.90000,71.00000,33,,,,
2025-12-08T01:35:55+07:00,4408,23.50000,23.70000,68.90000,70.90000,33,,,,
2025-12-08T01:40:59+07:00,4409,23.50000,23.70000,68.90000,71.00000,33,,,,
2025-12-08T01:46:03+07:00,4410,23.50000,23.70000,68.90000,71.00000,33,,,,
2025-12-08T01:51:07+07:00,4411,23.50000,23.70000,68.80000,71.00000,33,,,,
2025-12-08T01:56:12+07:00,4412,23.40000,23.70000,68.80000,71.00000,33,,,,
2025-12-08T02:01:16+07:00,4413,23.40000,23.70000,68.80000,71.00000,33,,,,
2025-12-08T02:06:21+07:00,4414,23.40000,23.70000,68.80000,71.00000,34,,,,
2025-12-08T02:11:25+07:00,4415,23.40000,23.70000,68.80000,71.00000,34,,,,
2025-12-08T02:16:29+07:00,4416,23.40000,23.70000,68.80000,70.90000,33,,,,
2025-12-08T02:21:33+07:00,4417,23.40000,23.70000,68.70000,70.90000,34,,,,
2025-12-08T02:26:37+07:00,4418,23.40000,23.60000,68.80000,70.90000,33,,,,
2025-12-08T02:31:41+07:00,4419,23.40000,23.60000,68.80000,70.90000,33,,,,
2025-12-08T02:36:45+07:00,4420,23.40000,23.60000,68.70000,70.90000,33,,,,
2025-12-08T02:41:50+07:00,4421,23.30000,23.60000,68.70000,70.90000,33,,,,
2025-12-08T02:46:53+07:00,4422,23.30000,23.60000,68.70000,70.90000,33,,,,
2025-12-08T02:51:57+07:00,4423,23.30000,23.60000,68.70000,70.90000,33,,,,
2025-12-08T02:57:01+07:00,4424,23.30000,23.50000,68.70000,70.90000,33,,,,
2025-12-08T03:02:05+07:00,4425,23.30000,23.50000,68.70000,70.90000,33,,,,
2025-12-08T03:07:10+07:00,4426,23.30000,23.50000,68.70000,70.90000,33,,,,
2025-12-08T03:12:13+07:00,4427,23.30000,23.50000,68.70000,70.90000,33,,,,
2025-12-08T03:17:17+07:00,4428,23.30000,23.50000,68.70000,70.90000,33,,,,
2025-12-08T03:22:21+07:00,4429,23.20000,23.50000,68.70000,70.90000,33,,,,
2025-12-08T03:27:25+07:00,4430,23.20000,23.50000,68.70000,70.90000,33,,,,
2025-12-08T03:32:30+07:00,4431,23.20000,23.40000,68.60000,70.90000,34,,,,
2025-12-08T03:37:34+07:00,4432,23.20000,23.40000,68.60000,70.90000,33,,,,
2025-12-08T03:42:38+07:00,4433,23.20000,23.40000,68.60000,70.90000,33,,,,
2025-12-08T03:47:43+07:00,4434,23.20000,23.40000,68.60000,70.90000,33,,,,
2025-12-08T03:52:47+07:00,4435,23.20000,23.40000,68.60000,70.90000,33,,,,
2025-12-08T03:57:51+07:00,4436,23.20000,23.40000,68.60000,70.90000,33,,,,
2025-12-08T04:02:56+07:00,4437,23.10000,23.30000,68.60000,70.90000,33,,,,
2025-12-08T04:08:00+07:00,4438,23.10000,23.30000,68.60000,70.90000,33,,,,
2025-12-08T04:13:04+07:00,4439,23.10000,23.30000,68.60000,70.90000,33,,,,
2025-12-08T04:18:08+07:00,4440,23.10000,23.30000,68.50000,70.90000,33,,,,
2025-12-08T04:23:12+07:00,4441,23.10000,23.30000,68.50000,70.90000,33,,,,
2025-12-08T04:28:17+07:00,4442,23.10000,23.30000,68.50000,70.90000,33,,,,
2025-12-08T04:33:21+07:00,4443,23.10000,23.20000,68.50000,70.90000,33,,,,
2025-12-08T04:38:25+07:00,4444,23.10000,23.20000,68.50000,70.90000,33,,,,
2025-12-08T04:43:29+07:00,4445,23.10000,23.20000,68.50000,70.90000,33,,,,
2025-12-08T04:48:34+07:00,4446,23.00000,23.20000,68.50000,70.90000,33,,,,
2025-12-08T04:53:38+07:00,4447,23.00000,23.20000,68.50000,70.90000,33,,,,
2025-12-08T04:58:43+07:00,4448,23.00000,23.20000,68.50000,70.90000,33,,,,
2025-12-08T05:03:46+07:00,4449,23.00000,23.20000,68.50000,70.90000,33,,,,
2025-12-08T05:08:50+07:00,4450,23.00000,23.10000,68.50000,70.90000,33,,,,
2025-12-08T05:13:54+07:00,4451,23.00000,23.20000,68.50000,70.90000,33,,,,
2025-12-08T05:18:58+07:00,4452,23.00000,23.10000,68.50000,70.90000,33,,,,
2025-12-08T05:24:02+07:00,4453,23.00000,23.10000,68.50000,70.90000,33,,,,
2025-12-08T05:29:06+07:00,4454,23.00000,23.10000,68.50000,70.90000,33,,,,
2025-12-08T05:34:11+07:00,4455,23.00000,23.10000,68.50000,70.90000,33,,,,
2025-12-08T05:39:14+07:00,4456,23.00000,23.10000,68.50000,70.80000,33,,,,
2025-12-08T05:44:19+07:00,4457,22.90000,23.10000,68.50000,70.80000,33,,,,
2025-12-08T05:49:24+07:00,4458,22.90000,23.00000,68.50000,70.80000,33,,,,
2025-12-08T05:54:28+07:00,4459,22.90000,23.00000,68.40000,70.80000,33,,,,
2025-12-08T05:59:32+07:00,4460,22.90000,23.00000,68.50000,70.80000,33,,,,
2025-12-08T06:04:36+07:00,4461,22.90000,23.00000,68.40000,70.80000,33,,,,
2025-12-08T06:09:41+07:00,4462,22.90000,23.00000,68.40000,70.80000,33,,,,
2025-12-08T06:14:45+07:00,4463,22.90000,23.00000,68.50000,70.80000,33,,,,
2025-12-08T06:19:49+07:00,4464,22.90000,23.00000,68.40000,70.80000,33,,,,
2025-12-08T06:24:53+07:00,4465,22.90000,23.00000,68.40000,70.90000,33,,,,
2025-12-08T06:29:57+07:00,4466,22.90000,23.00000,68.40000,70.90000,33,,,,
2025-12-08T06:35:01+07:00,4467,22.90000,23.00000,68.50000,70.90000,33,,,,
2025-12-08T06:40:06+07:00,4468,22.90000,23.00000,68.40000,70.90000,33,,,,
2025-12-08T06:45:10+07:00,4469,22.90000,23.00000,68.50000,70.80000,33,,,,
2025-12-08T06:50:14+07:00,4470,22.90000,23.00000,68.40000,70.80000,33,,,,
2025-12-08T06:55:18+07:00,4471,22.90000,23.00000,68.50000,70.90000,33,,,,
2025-12-08T07:00:23+07:00,4472,22.90000,23.00000,68.50000,70.80000,33,,,,
2025-12-08T07:05:26+07:00,4473,23.00000,23.10000,68.50000,70.80000,33,,,,
2025-12-08T07:10:30+07:00,4474,23.00000,23.10000,68.50000,70.80000,33,,,,
2025-12-08T07:15:34+07:00,4475,23.00000,23.10000,68.50000,70.90000,33,,,,
2025-12-08T07:20:39+07:00,4476,23.00000,23.10000,68.60000,70.90000,33,,,,
2025-12-08T07:25:43+07:00,4477,23.00000,23.10000,68.60000,70.90000,33,,,,
2025-12-08T07:30:47+07:00,4478,23.00000,23.10000,68.60000,70.90000,33,,,,
2025-12-08T07:35:51+07:00,4479,23.10000,23.20000,68.60000,70.90000,33,,,,
2025-12-08T07:40:56+07:00,4480,23.10000,23.20000,68.60000,70.90000,33,,,,
2025-12-08T07:45:59+07:00,4481,23.10000,23.20000,68.70000,70.90000,33,,,,
2025-12-08T07:51:04+07:00,4482,23.10000,23.30000,68.70000,71.00000,33,,,,
2025-12-08T07:56:08+07:00,4483,23.10000,23.30000,68.70000,71.00000,33,,,,
2025-12-08T08:01:12+07:00,4484,23.20000,23.30000,68.70000,71.00000,33,,,,
2025-12-08T08:06:16+07:00,4485,23.20000,23.40000,68.70000,71.00000,33,,,,
2025-12-08T08:11:20+07:00,4486,23.20000,23.40000,68.80000,71.10001,33,,,,
2025-12-08T08:16:24+07:00,4487,23.20000,23.40000,68.80000,71.10001,33,,,,
2025-12-08T08:21:29+07:00,4488,23.30000,23.50000,68.90000,71.10001,33,,,,
2025-12-08T08:26:33+07:00,4489,23.30000,23.50000,68.90000,71.10001,33,,,,
2025-12-08T08:31:37+07:00,4490,23.30000,23.50000,69.00000,71.10001,33,,,,
2025-12-08T08:36:41+07:00,4491,23.40000,23.60000,69.00000,71.20000,33,,,,
2025-12-08T08:41:45+07:00,4492,23.40000,23.60000,69.10000,71.20000,33,,,,
2025-12-08T08:46:50+07:00,4493,23.40000,23.70000,69.20000,71.20000,33,,,,
2025-12-08T08:51:54+07:00,4494,23.40000,23.70000,69.20000,71.20000,33,,,,
2025-12-08T08:56:59+07:00,4495,23.50000,23.80000,69.30000,71.20000,33,,,,
2025-12-08T09:02:02+07:00,4496,23.50000,23.80000,69.40000,71.20000,33,,,,
2025-12-08T09:07:07+07:00,4497,23.50000,23.80000,69.40000,71.20000,33,,,,
2025-12-08T09:12:11+07:00,4498,24.00000,24.40000,71.30000,73.80000,33,,,,
2025-12-08T09:17:16+07:00,4499,24.30000,24.70000,70.10000,73.00000,33,,,,
2025-12-08T09:22:20+07:00,4500,24.50000,24.90000,70.90000,73.50000,33,,,,
2025-12-08T09:27:24+07:00,4501,24.60000,25.10000,71.20000,73.50000,33,,,,
2025-12-08T09:32:30+07:00,4502,24.70000,25.20000,69.90000,72.40000,33,,,,
2025-12-08T09:37:34+07:00,4503,24.80000,25.30000,69.50000,72.00000,33,,,,
2025-12-08T09:42:38+07:00,4504,24.90000,25.30000,69.10000,71.00000,33,,,,
2025-12-08T09:47:43+07:00,4505,25.00000,25.00000,68.40000,71.70000,33,,,,
2025-12-08T09:52:47+07:00,4506,25.00000,24.90000,68.50000,72.10001,33,,,,
2025-12-08T09:57:52+07:00,4507,25.10000,24.90000,68.20000,72.10001,33,,,,
2025-12-08T10:02:56+07:00,4508,25.20000,25.00000,68.10000,72.00000,33,,,,
2025-12-08T10:08:00+07:00,4509,25.30000,25.10000,67.40000,72.20000,33,,,,
2025-12-08T10:13:05+07:00,4510,25.50000,25.30000,67.80000,72.10001,33,,,,
2025-12-08T10:18:09+07:00,4511,25.60000,25.40000,67.30000,72.00000,33,,,,
2025-12-08T10:23:12+07:00,4512,25.80000,25.50000,67.70000,72.40000,33,,,,
2025-12-08T10:28:17+07:00,4513,26.00000,25.70000,67.80000,72.60001,33,,,,
2025-12-08T10:33:22+07:00,4514,26.10000,25.90000,67.30000,72.50000,33,,,,
2025-12-08T10:38:26+07:00,4515,26.20000,26.00000,67.80000,72.70000,33,,,,
2025-12-08T10:43:31+07:00,4516,26.30000,26.00000,68.10000,72.90000,33,,,,
2025-12-08T10:48:36+07:00,4517,26.40000,26.20000,68.20000,72.90000,33,,,,
2025-12-08T10:53:39+07:00,4518,26.40000,26.20000,68.30000,72.90000,33,,,,
2025-12-08T10:58:43+07:00,4519,26.50000,26.30000,68.10000,72.80000,33,,,,
2025-12-08T11:03:47+07:00,4520,26.60000,26.50000,67.60000,72.60001,33,,,,
2025-12-08T11:08:51+07:00,4521,26.60000,26.50000,67.80000,72.50000,33,,,,
2025-12-08T11:13:56+07:00,4522,26.60000,26.60000,68.20000,72.70000,33,,,,
2025-12-08T11:19:00+07:00,4523,26.70000,26.60000,68.00000,72.70000,33,,,,
2025-12-08T11:24:05+07:00,4524,26.80000,26.70000,67.90000,72.60001,33,,,,
2025-12-08T11:29:08+07:00,4525,26.70000,26.80000,68.00000,72.10001,33,,,,
2025-12-08T11:34:13+07:00,4526,26.70000,26.80000,67.20000,72.20000,33,,,,
2025-12-08T11:39:17+07:00,4527,26.70000,26.80000,66.90000,71.70000,33,,,,
2025-12-08T11:50:06+07:00,4528,26.70000,26.80000,68.40000,71.90000,33,,,,
2025-12-08T11:55:10+07:00,4529,26.70000,26.80000,68.70000,72.10001,33,,,,
2025-12-08T12:00:17+07:00,4530,26.50000,26.70000,68.50000,71.90000,33,,,,
2025-12-08T12:05:21+07:00,4531,26.40000,26.70000,68.20000,71.70000,33,,,,
2025-12-08T12:10:26+07:00,4532,26.40000,26.60000,68.50000,71.90000,33,,,,
2025-12-08T12:15:30+07:00,4533,26.40000,26.60000,69.20000,72.10001,33,,,,
2025-12-08T12:20:34+07:00,4534,26.40000,26.60000,70.50000,72.90000,33,,,,
2025-12-08T12:25:39+07:00,4535,26.40000,26.70000,70.10000,72.70000,33,,,,
2025-12-08T12:30:43+07:00,4536,26.40000,26.60000,70.60000,73.20000,33,,,,
2025-12-08T12:35:47+07:00,4537,26.50000,26.70000,71.00000,73.50000,33,,,,
2025-12-08T12:40:51+07:00,4538,26.50000,26.70000,71.10000,73.50000,33,,,,
2025-12-08T12:45:56+07:00,4539,26.50000,26.70000,70.80000,73.00000,32,,,,
2025-12-08T12:51:00+07:00,4540,26.50000,26.70000,70.70000,73.20000,32,,,,
2025-12-08T12:56:04+07:00,4541,26.50000,26.70000,70.50000,73.30000,33,,,,
2025-12-08T13:01:08+07:00,4542,26.50000,26.70000,70.40000,73.10001,32,,,,
2025-12-08T13:06:12+07:00,4543,26.40000,26.70000,70.20000,73.20000,33,,,,
2025-12-08T13:11:17+07:00,4544,26.50000,26.70000,70.30000,72.90000,32,,,,
2025-12-08T13:16:21+07:00,4545,26.40000,26.60000,69.70000,72.60001,32,,,,
2025-12-08T13:21:25+07:00,4546,26.40000,26.60000,69.70000,72.70000,32,,,,
2025-12-08T13:26:29+07:00,4547,26.30000,26.60000,70.10000,72.80000,32,,,,
2025-12-08T13:28:04+07:00,4548,-0.40000,-0.30000,0.00000,0.00000,44,,,,
2025-12-08T13:28:45+07:00,4549,-0.40000,-0.30000,0.00000,0.00000,44,,,,
2025-12-08T13:31:33+07:00,4550,26.30000,26.60000,69.30000,72.50000,32,,,,
2025-12-08T13:36:37+07:00,4551,26.30000,26.60000,69.40000,72.50000,32,,,,
2025-12-08T13:41:41+07:00,4552,26.30000,26.60000,69.00000,72.10001,32,,,,
2025-12-08T13:46:45+07:00,4553,26.30000,26.50000,68.80000,72.00000,32,,,,
2025-12-08T13:51:52+07:00,4554,26.30000,26.50000,68.90000,72.00000,32,,,,
2025-12-08T13:56:55+07:00,4555,26.30000,26.50000,68.60000,72.00000,32,,,,
2025-12-08T14:02:00+07:00,4556,26.30000,26.50000,69.00000,72.10001,32,,,,
2025-12-08T14:07:03+07:00,4557,26.30000,26.50000,68.90000,72.10001,32,,,,
2025-12-08T14:12:07+07:00,4558,26.30000,26.50000,68.50000,72.10001,32,,,,
2025-12-08T14:17:12+07:00,4559,26.30000,26.60000,68.90000,72.20000,33,,,,
2025-12-08T14:22:16+07:00,4560,26.40000,26.60000,68.90000,71.90000,32,,,,
2025-12-08T14:27:20+07:00,4561,26.40000,26.60000,69.00000,72.40000,32,,,,
2025-12-08T14:32:16+07:00,4562,-0.40000,-0.30000,0.00000,0.00000,33,,,,
2025-12-08T14:32:38+07:00,4563,-0.40000,-0.30000,0.00000,0.00000,33,,,,
2025-12-08T14:33:03+07:00,4564,-0.40000,-0.30000,0.00000,0.00000,33,,,,
2025-12-08T14:33:32+07:00,4565,-0.40000,-0.30000,0.00000,0.00000,33,,,,
2025-12-08T14:38:36+07:00,4566,-0.40000,-0.30000,0.00000,0.00000,33,,,,
2025-12-08T14:43:41+07:00,4567,-0.40000,-0.30000,0.00000,0.00000,33,,,,
2025-12-08T14:48:45+07:00,4568,-0.40000,-0.30000,0.00000,0.00000,33,,,,
2025-12-08T14:53:49+07:00,4569,-0.40000,-0.30000,0.00000,0.00000,33,,,,
2025-12-08T14:58:54+07:00,4570,-0.40000,-0.30000,0.00000,0.00000,33,,,,
2025-12-08T15:03:58+07:00,4571,-0.40000,-0.30000,0.00000,0.00000,33,,,,
2025-12-08T15:09:04+07:00,4572,-0.40000,-0.30000,0.00000,0.00000,33,,,,
2025-12-08T15:14:08+07:00,4573,27.00000,-0.30000,69.20000,0.00000,25,,,,
2025-12-08T15:19:15+07:00,4574,26.70000,-0.30000,69.50000,0.00000,23,,,,
2025-12-08T15:24:17+07:00,4575,27.10000,37.60000,68.60000,37.00000,31,,,,
2025-12-08T15:29:23+07:00,4576,27.00000,29.60000,68.20000,56.40000,32,,,,
2025-12-08T15:34:27+07:00,4577,26.90000,27.70000,68.50000,65.90000,32,,,,
2025-12-08T15:39:30+07:00,4578,26.80000,27.30000,68.30000,67.20000,32,,,,
2025-12-08T15:44:36+07:00,4579,26.60000,27.10000,69.20000,69.20000,32,,,,
2025-12-08T15:49:39+07:00,4580,26.50000,27.30000,69.60000,65.00000,32,,,,
2025-12-08T15:54:43+07:00,4581,26.40000,27.40000,70.10000,66.20000,32,,,,
2025-12-08T15:59:47+07:00,4582,26.40000,27.30000,70.20000,67.10001,32,,,,
2025-12-08T16:04:51+07:00,4583,26.30000,27.20000,70.40000,67.70000,32,,,,
2025-12-08T16:09:55+07:00,4584,26.30000,27.10000,70.40000,68.10001,32,,,,
2025-12-08T16:14:59+07:00,4585,26.20000,27.00000,70.50000,68.50000,32,,,,
2025-12-08T16:20:03+07:00,4586,26.20000,26.90000,70.50000,68.70000,32,,,,
2025-12-08T16:25:08+07:00,4587,26.10000,26.90000,70.60000,68.90000,32,,,,
2025-12-08T16:30:10+07:00,4588,26.10000,26.80000,70.60000,69.10001,32,,,,
2025-12-08T16:35:15+07:00,4589,26.00000,26.80000,70.60000,69.20000,32,,,,
2025-12-08T16:40:20+07:00,4590,26.00000,26.70000,70.70000,69.40000,32,,,,
2025-12-08T16:45:23+07:00,4591,25.90000,26.60000,70.70000,69.40000,32,,,,
2025-12-08T16:50:28+07:00,4592,25.90000,26.60000,70.70000,69.50000,32,,,,
2025-12-08T16:55:32+07:00,4593,25.90000,26.60000,70.70000,69.60001,32,,,,
2025-12-08T17:00:36+07:00,4594,25.80000,26.50000,70.70000,69.70000,32,,,,
2025-12-08T17:05:40+07:00,4595,25.80000,26.50000,70.80000,69.70000,32,,,,
2025-12-08T17:10:44+07:00,4596,25.80000,26.40000,70.80000,69.80000,32,,,,
2025-12-08T17:15:59+07:00,4597,25.80000,26.40000,70.80000,69.90000,32,,,,
2025-12-08T17:21:02+07:00,4598,25.70000,26.40000,70.80000,69.90000,32,,,,
2025-12-08T17:26:07+07:00,4599,25.70000,26.30000,70.80000,70.00000,32,,,,
2025-12-08T17:31:12+07:00,4600,25.70000,26.30000,70.70000,70.00000,32,,,,
2025-12-08T17:36:15+07:00,4601,25.60000,26.30000,70.80000,70.00000,32,,,,
2025-12-08T17:41:20+07:00,4602,25.60000,26.20000,70.80000,70.10001,32,,,,
2025-12-08T17:46:24+07:00,4603,25.60000,26.20000,70.70000,70.10001,32,,,,
2025-12-08T17:51:29+07:00,4604,25.50000,26.10000,70.70000,70.10001,32,,,,
2025-12-08T17:56:33+07:00,4605,25.50000,26.10000,70.70000,70.10001,32,,,,
2025-12-08T18:01:37+07:00,4606,25.50000,26.10000,70.80000,70.20000,32,,,,
2025-12-08T18:06:41+07:00,4607,25.50000,26.10000,70.80000,70.20000,31,,,,
2025-12-08T18:11:45+07:00,4608,25.40000,26.00000,70.70000,70.20000,32,,,,
2025-12-08T18:16:49+07:00,4609,25.40000,26.00000,70.70000,70.20000,32,,,,
2025-12-08T18:21:54+07:00,4610,25.40000,26.00000,70.70000,70.30000,32,,,,
2025-12-08T18:26:59+07:00,4611,25.40000,25.90000,70.70000,70.30000,32,,,,
2025-12-08T18:32:03+07:00,4612,25.30000,25.90000,70.70000,70.30000,32,,,,
2025-12-08T18:37:08+07:00,4613,25.30000,25.90000,70.70000,70.30000,32,,,,
2025-12-08T18:42:11+07:00,4614,25.30000,25.90000,70.70000,70.30000,32,,,,
2025-12-08T18:47:16+07:00,4615,25.30000,25.80000,70.70000,70.40000,32,,,,
2025-12-08T18:52:20+07:00,4616,25.20000,25.80000,70.70000,70.40000,32,,,,
2025-12-08T18:57:23+07:00,4617,25.20000,25.80000,70.60000,70.40000,32,,,,
2025-12-08T19:02:28+07:00,4618,25.20000,25.80000,70.60000,70.30000,32,,,,
2025-12-08T19:07:31+07:00,4619,25.20000,25.70000,70.60000,70.40000,32,,,,
2025-12-08T19:12:36+07:00,4620,25.20000,25.70000,70.60000,70.40000,31,,,,
2025-12-08T19:17:41+07:00,4621,25.10000,25.70000,70.60000,70.40000,32,,,,
2025-12-08T19:22:45+07:00,4622,25.10000,25.70000,70.60000,70.40000,32,,,,
2025-12-08T19:27:50+07:00,4623,25.10000,25.60000,70.50000,70.40000,31,,,,
2025-12-08T19:32:54+07:00,4624,25.10000,25.60000,70.50000,70.40000,31,,,,
2025-12-08T19:37:59+07:00,4625,25.10000,25.60000,70.50000,70.40000,31,,,,
2025-12-08T19:43:02+07:00,4626,25.00000,25.60000,70.50000,70.40000,31,,,,
2025-12-08T19:48:07+07:00,4627,25.00000,25.50000,70.50000,70.50000,31,,,,
2025-12-08T19:53:10+07:00,4628,25.00000,25.50000,70.50000,70.40000,31,,,,
2025-12-08T19:58:14+07:00,4629,25.00000,25.50000,70.50000,70.40000,31,,,,
2025-12-08T20:03:18+07:00,4630,25.00000,25.50000,70.40000,70.50000,31,,,,
2025-12-08T20:08:46+07:00,4631,24.90000,25.50000,70.40000,70.50000,31,,,,
2025-12-08T20:13:49+07:00,4632,24.90000,25.40000,70.40000,70.50000,31,,,,
2025-12-08T20:18:52+07:00,4633,24.90000,25.40000,70.40000,70.50000,32,,,,
2025-12-08T20:23:56+07:00,4634,24.90000,25.40000,70.40000,70.50000,31,,,,
2025-12-08T20:29:00+07:00,4635,24.90000,25.40000,70.40000,70.50000,32,,,,
2025-12-08T20:34:04+07:00,4636,24.80000,25.40000,70.40000,70.50000,31,,,,
2025-12-08T20:39:08+07:00,4637,24.90000,25.30000,70.60000,70.50000,31,,,,
2025-12-08T20:44:12+07:00,4638,24.90000,25.30000,70.60000,70.60001,31,,,,
2025-12-08T20:49:16+07:00,4639,24.90000,25.30000,70.70000,70.60001,31,,,,
2025-12-08T20:54:20+07:00,4640,24.90000,25.30000,70.70000,70.70000,31,,,,
2025-12-08T20:59:24+07:00,4641,24.90000,25.30000,70.70000,70.70000,31,,,,
2025-12-08T21:04:28+07:00,4642,24.90000,25.30000,70.70000,70.70000,31,,,,
2025-12-08T21:09:33+07:00,4643,24.90000,25.30000,70.70000,70.80000,31,,,,
2025-12-08T21:14:38+07:00,4644,24.90000,25.30000,70.90000,71.10001,31,,,,
2025-12-08T21:19:42+07:00,4645,24.90000,25.30000,70.90000,71.00000,31,,,,
2025-12-08T21:24:46+07:00,4646,24.90000,25.30000,70.90000,71.00000,31,,,,
2025-12-08T21:29:50+07:00,4647,24.90000,25.30000,71.00000,70.90000,31,,,,
2025-12-08T21:34:54+07:00,4648,24.90000,25.30000,71.00000,71.10001,31,,,,
2025-12-08T21:39:57+07:00,4649,24.90000,25.30000,71.00000,71.00000,31,,,,
2025-12-08T21:45:03+07:00,4650,24.90000,25.30000,71.10000,71.00000,31,,,,
2025-12-08T21:50:08+07:00,4651,24.90000,25.30000,71.10000,71.10001,31,,,,
2025-12-08T21:55:12+07:00,4652,24.90000,25.30000,71.10000,71.10001,31,,,,
2025-12-08T22:00:15+07:00,4653,24.90000,25.30000,71.10000,71.10001,31,,,,
2025-12-08T22:05:19+07:00,4654,24.90000,25.30000,71.20000,71.30000,31,,,,
2025-12-08T22:10:24+07:00,4655,24.80000,25.30000,71.20000,71.30000,31,,,,
2025-12-08T22:15:28+07:00,4656,24.80000,25.30000,71.10000,71.30000,31,,,,
2025-12-08T22:20:32+07:00,4657,24.80000,25.20000,71.10000,71.30000,31,,,,
2025-12-08T22:25:37+07:00,4658,24.80000,25.20000,71.00000,71.20000,31,,,,
2025-12-08T22:30:41+07:00,4659,24.80000,25.20000,71.00000,71.20000,31,,,,
2025-12-08T22:35:46+07:00,4660,24.80000,25.20000,70.90000,71.20000,31,,,,
2025-12-08T22:40:50+07:00,4661,24.80000,25.10000,70.80000,71.20000,31,,,,
2025-12-08T22:45:54+07:00,4662,24.70000,25.10000,70.80000,71.20000,31,,,,
2025-12-08T22:50:59+07:00,4663,24.70000,25.10000,70.80000,71.20000,31,,,,
2025-12-08T22:56:03+07:00,4664,24.70000,25.10000,70.70000,71.20000,31,,,,
2025-12-08T23:01:08+07:00,4665,24.60000,25.00000,70.70000,71.20000,31,,,,
2025-12-08T23:06:12+07:00,4666,24.60000,25.00000,70.60000,71.20000,31,,,,
2025-12-08T23:11:17+07:00,4667,24.60000,25.00000,70.60000,71.10001,31,,,,
2025-12-08T23:16:22+07:00,4668,24.60000,24.90000,70.60000,71.10001,31,,,,
2025-12-08T23:21:26+07:00,4669,24.60000,24.90000,70.60000,71.10001,31,,,,
2025-12-08T23:26:30+07:00,4670,24.50000,24.90000,70.50000,71.10001,31,,,,
2025-12-08T23:31:34+07:00,4671,24.50000,24.90000,70.50000,71.10001,31,,,,
2025-12-08T23:36:39+07:00,4672,24.50000,24.80000,70.50000,71.10001,31,,,,
2025-12-08T23:41:43+07:00,4673,24.50000,24.80000,70.40000,71.00000,31,,,,
2025-12-08T23:46:47+07:00,4674,24.50000,24.80000,70.40000,71.00000,31,,,,
2025-12-08T23:51:52+07:00,4675,24.50000,24.80000,70.40000,71.00000,31,,,,
2025-12-08T23:56:56+07:00,4676,24.40000,24.70000,70.30000,71.00000,31,,,,
2025-12-09T00:02:00+07:00,4677,24.40000,24.70000,70.30000,71.00000,31,,,,
2025-12-09T00:07:05+07:00,4678,24.40000,24.70000,70.30000,71.00000,31,,,,
2025-12-09T00:12:09+07:00,4679,24.30000,24.70000,70.30000,71.00000,31,,,,
2025-12-09T00:17:14+07:00,4680,24.30000,24.70000,70.30000,70.90000,31,,,,
2025-12-09T00:22:18+07:00,4681,24.30000,24.70000,70.30000,70.90000,31,,,,
2025-12-09T00:27:22+07:00,4682,24.30000,24.60000,70.20000,70.90000,31,,,,
2025-12-09T00:32:26+07:00,4683,24.30000,24.60000,70.20000,70.90000,31,,,,
2025-12-09T00:37:31+07:00,4684,24.30000,24.60000,70.20000,70.90000,31,,,,
2025-12-09T00:42:36+07:00,4685,24.30000,24.60000,70.20000,70.90000,31,,,,
2025-12-09T00:47:40+07:00,4686,24.30000,24.60000,70.20000,70.90000,31,,,,
2025-12-09T00:52:44+07:00,4687,24.20000,24.60000,70.10000,70.90000,31,,,,
2025-12-09T00:57:48+07:00,4688,24.20000,24.50000,70.10000,70.80000,31,,,,
2025-12-09T01:02:52+07:00,4689,24.20000,24.50000,70.10000,70.90000,31,,,,
2025-12-09T01:07:56+07:00,4690,24.20000,24.50000,70.10000,70.90000,31,,,,
2025-12-09T01:12:59+07:00,4691,24.20000,24.50000,70.10000,70.80000,31,,,,
2025-12-09T01:18:03+07:00,4692,24.20000,24.50000,70.00000,70.80000,31,,,,
2025-12-09T01:23:08+07:00,4693,24.20000,24.40000,70.00000,70.80000,31,,,,
2025-12-09T01:28:12+07:00,4694,24.10000,24.40000,70.00000,70.80000,31,,,,
2025-12-09T01:33:16+07:00,4695,24.10000,24.40000,70.00000,70.80000,31,,,,
2025-12-09T01:38:21+07:00,4696,24.10000,24.40000,70.00000,70.80000,31,,,,
2025-12-09T01:43:25+07:00,4697,24.10000,24.40000,69.90000,70.80000,31,,,,
2025-12-09T01:48:29+07:00,4698,24.10000,24.30000,69.90000,70.80000,31,,,,
2025-12-09T01:53:33+07:00,4699,24.10000,24.30000,69.90000,70.80000,31,,,,
2025-12-09T01:58:38+07:00,4700,24.10000,24.30000,69.90000,70.70000,31,,,,
2025-12-09T02:03:42+07:00,4701,24.00000,24.30000,69.90000,70.80000,31,,,,
2025-12-09T02:08:46+07:00,4702,24.00000,24.30000,69.90000,70.80000,31,,,,
2025-12-09T02:13:51+07:00,4703,24.00000,24.30000,69.90000,70.80000,31,,,,
2025-12-09T02:18:55+07:00,4704,24.00000,24.30000,69.90000,70.70000,31,,,,
2025-12-09T02:23:59+07:00,4705,24.00000,24.30000,69.90000,70.70000,31,,,,
2025-12-09T02:29:04+07:00,4706,24.00000,24.20000,69.90000,70.70000,31,,,,
2025-12-09T02:34:08+07:00,4707,24.00000,24.20000,69.80000,70.70000,31,,,,
2025-12-09T02:39:12+07:00,4708,24.00000,24.20000,69.80000,70.70000,31,,,,
2025-12-09T02:44:17+07:00,4709,24.00000,24.20000,69.80000,70.70000,30,,,,
2025-12-09T02:49:21+07:00,4710,24.00000,24.20000,69.80000,70.70000,31,,,,
2025-12-09T02:54:25+07:00,4711,24.00000,24.20000,69.80000,70.70000,30,,,,
2025-12-09T02:59:28+07:00,4712,23.90000,24.20000,69.80000,70.70000,31,,,,
2025-12-09T03:04:33+07:00,4713,23.90000,24.20000,69.80000,70.70000,31,,,,
2025-12-09T03:09:37+07:00,4714,23.90000,24.10000,69.80000,70.70000,31,,,,
2025-12-09T03:14:41+07:00,4715,23.90000,24.10000,69.80000,70.70000,31,,,,
2025-12-09T03:19:45+07:00,4716,23.90000,24.10000,69.80000,70.70000,31,,,,
2025-12-09T03:24:50+07:00,4717,23.90000,24.10000,69.80000,70.70000,30,,,,
2025-12-09T03:29:54+07:00,4718,23.90000,24.10000,69.80000,70.60001,30,,,,
2025-12-09T03:34:58+07:00,4719,23.80000,24.10000,69.80000,70.70000,31,,,,
2025-12-09T03:40:02+07:00,4720,23.80000,24.10000,69.80000,70.60001,31,,,,
2025-12-09T03:45:06+07:00,4721,23.80000,24.00000,69.70000,70.70000,30,,,,
2025-12-09T03:50:10+07:00,4722,23.80000,24.00000,69.70000,70.60001,31,,,,
2025-12-09T03:55:14+07:00,4723,23.80000,24.00000,69.80000,70.60001,30,,,,
2025-12-09T04:00:18+07:00,4724,23.80000,24.00000,69.70000,70.60001,31,,,,
2025-12-09T04:05:22+07:00,4725,23.80000,24.00000,69.70000,70.60001,30,,,,
2025-12-09T04:10:27+07:00,4726,23.80000,24.00000,69.70000,70.60001,31,,,,
2025-12-09T04:15:32+07:00,4727,23.80000,24.00000,69.70000,70.60001,31,,,,
2025-12-09T04:20:36+07:00,4728,23.80000,23.90000,69.70000,70.60001,30,,,,
2025-12-09T04:25:40+07:00,4729,23.70000,23.90000,69.70000,70.60001,30,,,,
2025-12-09T04:30:44+07:00,4730,23.70000,23.90000,69.70000,70.60001,30,,,,
2025-12-09T04:35:49+07:00,4731,23.70000,23.90000,69.70000,70.60001,31,,,,
2025-12-09T04:40:53+07:00,4732,23.70000,23.90000,69.70000,70.60001,30,,,,
2025-12-09T04:45:57+07:00,4733,23.70000,23.90000,69.60000,70.60001,30,,,,
2025-12-09T04:51:01+07:00,4734,23.70000,23.90000,69.60000,70.60001,30,,,,
2025-12-09T04:56:05+07:00,4735,23.70000,23.90000,69.60000,70.60001,30,,,,
2025-12-09T05:01:10+07:00,4736,23.70000,23.80000,69.60000,70.60001,30,,,,
2025-12-09T05:06:14+07:00,4737,23.70000,23.80000,69.60000,70.60001,30,,,,
2025-12-09T05:11:18+07:00,4738,23.70000,23.80000,69.60000,70.60001,31,,,,
2025-12-09T05:16:23+07:00,4739,23.70000,23.80000,69.60000,70.60001,30,,,,
2025-12-09T05:21:27+07:00,4740,23.60000,23.80000,69.60000,70.50000,30,,,,
2025-12-09T05:26:31+07:00,4741,23.60000,23.80000,69.60000,70.60001,31,,,,
2025-12-09T05:31:36+07:00,4742,23.60000,23.80000,69.60000,70.60001,30,,,,
2025-12-09T05:36:40+07:00,4743,23.60000,23.70000,69.60000,70.50000,30,,,,
2025-12-09T05:41:44+07:00,4744,23.60000,23.70000,69.50000,70.60001,30,,,,
2025-12-09T05:46:49+07:00,4745,23.60000,23.70000,69.50000,70.50000,30,,,,
2025-12-09T05:51:53+07:00,4746,23.60000,23.70000,69.50000,70.50000,30,,,,
2025-12-09T05:56:57+07:00,4747,23.60000,23.70000,69.50000,70.50000,30,,,,
2025-12-09T06:02:02+07:00,4748,23.60000,23.70000,69.50000,70.50000,30,,,,
2025-12-09T06:07:06+07:00,4749,23.60000,23.70000,69.50000,70.50000,30,,,,
2025-12-09T06:12:11+07:00,4750,23.60000,23.70000,69.50000,70.50000,30,,,,
2025-12-09T06:17:16+07:00,4751,23.60000,23.70000,69.50000,70.50000,30,,,,
2025-12-09T06:22:21+07:00,4752,23.50000,23.70000,69.50000,70.60001,30,,,,
2025-12-09T06:27:25+07:00,4753,23.50000,23.70000,69.50000,70.50000,30,,,,
2025-12-09T06:32:29+07:00,4754,23.60000,23.70000,69.50000,70.50000,30,,,,
2025-12-09T06:37:34+07:00,4755,23.60000,23.70000,69.50000,70.50000,30,,,,
2025-12-09T06:42:38+07:00,4756,23.50000,23.70000,69.50000,70.50000,30,,,,
2025-12-09T06:47:42+07:00,4757,23.50000,23.70000,69.50000,70.50000,30,,,,
2025-12-09T06:52:46+07:00,4758,23.60000,23.70000,69.50000,70.60001,30,,,,
2025-12-09T06:57:51+07:00,4759,23.60000,23.70000,69.50000,70.60001,30,,,,
2025-12-09T07:02:55+07:00,4760,23.60000,23.70000,69.50000,70.60001,30,,,,
2025-12-09T07:07:59+07:00,4761,23.60000,23.70000,69.50000,70.60001,30,,,,
2025-12-09T07:13:04+07:00,4762,23.60000,23.70000,69.50000,70.50000,30,,,,
2025-12-09T07:18:08+07:00,4763,23.60000,23.70000,69.50000,70.60001,30,,,,
2025-12-09T07:23:12+07:00,4764,23.60000,23.70000,69.50000,70.60001,30,,,,
2025-12-09T07:28:16+07:00,4765,23.60000,23.70000,69.50000,70.60001,30,,,,
2025-12-09T07:33:20+07:00,4766,23.60000,23.70000,69.60000,70.60001,30,,,,
2025-12-09T07:38:25+07:00,4767,23.60000,23.70000,69.60000,70.60001,30,,,,
2025-12-09T07:43:29+07:00,4768,23.60000,23.70000,69.60000,70.60001,30,,,,
2025-12-09T07:48:33+07:00,4769,23.70000,23.80000,69.60000,70.60001,30,,,,
2025-12-09T07:54:06+07:00,4770,23.70000,23.80000,69.60000,70.60001,30,,,,
2025-12-09T07:59:08+07:00,4771,23.70000,23.80000,69.60000,70.60001,30,,,,
2025-12-09T08:04:13+07:00,4772,23.70000,23.80000,69.70000,70.60001,30,,,,
2025-12-09T08:09:17+07:00,4773,23.70000,23.80000,69.70000,70.60001,30,,,,
2025-12-09T08:14:21+07:00,4774,23.70000,23.90000,69.70000,70.60001,30,,,,
2025-12-09T08:19:26+07:00,4775,23.70000,23.90000,69.70000,70.70000,30,,,,
2025-12-09T08:24:30+07:00,4776,23.80000,23.90000,69.70000,70.70000,30,,,,
2025-12-09T08:29:34+07:00,4777,23.80000,23.90000,69.70000,70.70000,30,,,,
2025-12-09T08:34:38+07:00,4778,23.80000,23.90000,69.70000,70.70000,30,,,,
2025-12-09T08:39:42+07:00,4779,23.80000,24.00000,69.70000,70.70000,30,,,,
2025-12-09T08:44:46+07:00,4780,23.80000,24.00000,69.70000,70.70000,30,,,,
2025-12-09T08:49:50+07:00,4781,23.80000,24.00000,69.80000,70.70000,30,,,,
2025-12-09T08:54:54+07:00,4782,23.90000,24.00000,69.80000,70.70000,30,,,,
2025-12-09T08:59:58+07:00,4783,23.90000,24.10000,69.80000,70.70000,30,,,,
2025-12-09T09:05:03+07:00,4784,23.90000,24.10000,69.80000,70.70000,30,,,,
2025-12-09T09:10:06+07:00,4785,23.90000,24.10000,69.90000,70.70000,30,,,,
2025-12-09T09:24:23+07:00,4786,24.00000,24.20000,69.90000,70.70000,30,,,,
2025-12-09T09:29:26+07:00,4787,24.00000,24.20000,70.00000,70.70000,30,,,,
2025-12-09T09:34:31+07:00,4788,24.00000,24.20000,70.00000,70.80000,30,,,,
2025-12-09T09:39:35+07:00,4789,24.00000,24.20000,70.10000,70.80000,30,,,,
2025-12-09T09:44:39+07:00,4790,24.00000,24.30000,70.10000,70.80000,30,,,,
2025-12-09T09:49:44+07:00,4791,24.10000,24.30000,70.10000,70.80000,30,,,,
2025-12-09T09:54:57+07:00,4792,24.10000,24.30000,70.20000,70.80000,30,,,,
2025-12-09T10:00:17+07:00,4793,24.10000,24.40000,70.20000,70.80000,30,,,,
2025-12-09T10:05:20+07:00,4794,24.20000,24.40000,70.20000,70.80000,30,,,,
2025-12-09T10:10:25+07:00,4795,24.20000,24.40000,70.30000,70.80000,30,,,,
2025-12-09T10:15:29+07:00,4796,24.20000,24.50000,70.30000,70.80000,30,,,,
2025-12-09T10:20:33+07:00,4797,24.30000,24.50000,70.40000,70.80000,30,,,,
2025-12-09T10:25:38+07:00,4798,24.30000,24.50000,70.40000,70.80000,30,,,,
2025-12-09T10:30:43+07:00,4799,24.30000,24.60000,70.50000,70.90000,30,,,,
2025-12-09T10:35:49+07:00,4800,24.40000,24.60000,70.50000,70.90000,30,,,,
2025-12-09T10:40:52+07:00,4801,24.40000,24.70000,70.60000,70.90000,30,,,,
2025-12-09T10:45:57+07:00,4802,24.40000,24.70000,70.70000,71.00000,30,,,,
2025-12-09T10:51:00+07:00,4803,24.50000,24.80000,70.80000,71.00000,30,,,,
2025-12-09T10:56:04+07:00,4804,24.60000,24.90000,70.90000,71.00000,30,,,,
2025-12-09T11:01:07+07:00,4805,24.60000,25.00000,71.00000,71.00000,30,,,,
2025-12-09T11:06:11+07:00,4806,24.70000,25.10000,71.10000,71.10001,30,,,,
2025-12-09T11:11:15+07:00,4807,24.80000,25.10000,71.30000,71.10001,30,,,,
2025-12-09T11:16:19+07:00,4808,24.80000,25.20000,71.40000,71.10001,30,,,,
2025-12-09T11:21:22+07:00,4809,24.90000,25.30000,71.50000,71.10001,30,,,,
2025-12-09T11:26:35+07:00,4810,25.00000,25.40000,71.60000,71.10001,30,,,,
2025-12-09T11:31:38+07:00,4811,25.00000,25.40000,71.80000,71.20000,30,,,,
2025-12-09T11:36:42+07:00,4812,25.10000,25.50000,71.80000,71.20000,30,,,,
2025-12-09T11:41:46+07:00,4813,25.20000,25.60000,71.90000,71.20000,30,,,,
2025-12-09T11:46:50+07:00,4814,25.20000,25.60000,71.80000,71.20000,30,,,,
2025-12-09T11:51:54+07:00,4815,25.20000,25.70000,71.90000,71.20000,30,,,,
2025-12-09T11:56:58+07:00,4816,25.30000,25.70000,71.90000,71.20000,30,,,,
2025-12-09T12:02:03+07:00,4817,25.30000,25.80000,71.90000,71.20000,30,,,,
2025-12-09T12:07:06+07:00,4818,25.30000,25.80000,71.90000,71.20000,30,,,,
2025-12-09T12:12:10+07:00,4819,25.30000,25.80000,71.90000,71.20000,30,,,,
2025-12-09T12:17:14+07:00,4820,25.30000,25.90000,71.90000,71.20000,30,,,,
2025-12-09T12:22:17+07:00,4821,25.40000,25.90000,71.90000,71.20000,30,,,,
2025-12-09T12:27:21+07:00,4822,25.40000,25.90000,71.90000,71.20000,30,,,,
2025-12-09T12:32:25+07:00,4823,25.40000,25.90000,71.80000,71.20000,30,,,,
2025-12-09T12:37:30+07:00,4824,25.40000,25.90000,71.80000,71.20000,30,,,,
2025-12-09T12:42:34+07:00,4825,25.40000,25.90000,71.80000,71.20000,30,,,,
2025-12-09T12:47:38+07:00,4826,25.40000,25.90000,71.80000,71.20000,30,,,,
2025-12-09T12:52:42+07:00,4827,25.40000,26.00000,71.80000,71.20000,30,,,,
2025-12-09T12:57:45+07:00,4828,25.40000,26.00000,71.80000,71.20000,30,,,,
2025-12-09T13:02:49+07:00,4829,25.40000,26.00000,71.80000,71.20000,30,,,,
2025-12-09T13:13:06+07:00,4830,25.40000,26.00000,71.90000,71.20000,30,,,,
2025-12-09T13:18:09+07:00,4831,25.50000,26.00000,71.90000,71.20000,30,,,,
2025-12-09T13:23:14+07:00,4832,25.50000,26.10000,72.10000,71.20000,30,,,,
2025-12-09T13:28:18+07:00,4833,25.60000,26.10000,72.10000,71.20000,30,,,,
2025-12-09T13:33:22+07:00,4834,25.60000,26.20000,72.20000,71.30000,30,,,,
2025-12-09T13:38:25+07:00,4835,25.70000,26.20000,72.30000,71.30000,30,,,,
2025-12-09T13:43:30+07:00,4836,25.70000,26.30000,72.40000,71.30000,30,,,,
2025-12-09T13:48:34+07:00,4837,25.70000,26.30000,72.50000,71.30000,30,,,,
2025-12-09T13:53:38+07:00,4838,25.80000,26.40000,72.50000,71.30000,30,,,,
2025-12-09T13:58:41+07:00,4839,25.80000,26.40000,72.60000,71.30000,30,,,,
2025-12-09T14:03:45+07:00,4840,25.80000,26.40000,72.60000,71.30000,30,,,,
2025-12-09T14:08:48+07:00,4841,25.80000,26.40000,72.60000,71.30000,30,,,,
2025-12-09T14:13:52+07:00,4842,25.80000,26.50000,72.50000,71.30000,30,,,,
2025-12-09T14:18:56+07:00,4843,25.80000,26.50000,72.50000,71.30000,30,,,,
2025-12-09T14:24:01+07:00,4844,25.80000,26.50000,72.40000,71.30000,30,,,,
2025-12-09T14:29:05+07:00,4845,25.80000,26.50000,72.40000,71.30000,30,,,,
2025-12-09T14:34:09+07:00,4846,25.80000,26.50000,72.40000,71.30000,30,,,,
2025-12-09T14:39:13+07:00,4847,25.80000,26.50000,72.30000,71.30000,30,,,,
2025-12-09T14:44:17+07:00,4848,25.80000,26.50000,72.20000,71.30000,30,,,,
2025-12-09T14:49:21+07:00,4849,25.80000,26.50000,72.20000,71.40000,30,,,,
2025-12-09T14:54:25+07:00,4850,25.80000,26.50000,72.20000,71.40000,30,,,,
2025-12-09T14:59:29+07:00,4851,25.80000,26.50000,72.10000,71.40000,30,,,,
2025-12-09T15:04:32+07:00,4852,25.80000,26.50000,72.10000,71.40000,30,,,,
2025-12-09T15:09:37+07:00,4853,25.80000,26.50000,72.10000,71.40000,29,,,,
2025-12-09T15:14:41+07:00,4854,25.80000,26.40000,72.10000,71.40000,30,,,,
2025-12-09T15:19:45+07:00,4855,25.80000,26.50000,72.00000,71.40000,30,,,,
2025-12-09T15:24:49+07:00,4856,25.80000,26.40000,72.00000,71.30000,29,,,,
2025-12-09T15:29:53+07:00,4857,25.80000,26.40000,71.90000,71.30000,30,,,,
2025-12-09T15:34:56+07:00,4858,25.70000,26.40000,71.90000,71.30000,29,,,,
2025-12-09T15:40:01+07:00,4859,25.70000,26.40000,71.80000,71.20000,30,,,,
2025-12-09T15:45:05+07:00,4860,25.60000,26.30000,71.80000,71.20000,29,,,,
2025-12-09T15:50:09+07:00,4861,25.60000,26.30000,71.70000,71.20000,30,,,,
2025-12-09T15:55:13+07:00,4862,25.50000,26.20000,71.70000,71.20000,29,,,,
2025-12-09T16:00:17+07:00,4863,25.50000,26.20000,71.60000,71.10001,29,,,,
2025-12-09T16:05:20+07:00,4864,25.50000,26.10000,71.60000,71.10001,29,,,,
2025-12-09T16:10:24+07:00,4865,25.40000,26.10000,71.60000,71.10001,29,,,,
2025-12-09T16:15:28+07:00,4866,25.40000,26.00000,71.50000,71.10001,29,,,,
2025-12-09T16:20:32+07:00,4867,25.30000,26.00000,71.50000,71.10001,29,,,,
2025-12-09T16:25:36+07:00,4868,25.30000,26.00000,71.50000,71.10001,29,,,,
2025-12-09T16:30:41+07:00,4869,25.30000,26.00000,71.50000,71.10001,29,,,,
2025-12-09T16:35:45+07:00,4870,25.30000,25.90000,71.50000,71.10001,29,,,,
2025-12-09T16:40:49+07:00,4871,25.20000,25.90000,71.40000,71.10001,29,,,,
2025-12-09T16:45:53+07:00,4872,25.20000,25.90000,71.40000,71.10001,29,,,,
2025-12-09T16:50:57+07:00,4873,25.20000,25.80000,71.40000,71.10001,29,,,,
2025-12-09T16:56:01+07:00,4874,25.20000,25.80000,71.40000,71.10001,29,,,,
2025-12-09T17:01:05+07:00,4875,25.20000,25.80000,71.40000,71.00000,29,,,,
2025-12-09T17:06:09+07:00,4876,25.10000,25.80000,71.30000,71.00000,29,,,,
2025-12-09T17:11:15+07:00,4877,25.10000,25.80000,71.30000,71.10001,30,,,,
2025-12-09T17:16:18+07:00,4878,25.10000,25.70000,71.30000,71.10001,29,,,,
2025-12-09T17:21:22+07:00,4879,25.10000,25.70000,71.30000,71.00000,29,,,,
2025-12-09T17:26:37+07:00,4880,25.10000,25.70000,71.30000,71.10001,29,,,,
2025-12-09T17:31:39+07:00,4881,25.10000,25.70000,71.20000,71.00000,29,,,,
2025-12-09T17:36:43+07:00,4882,25.10000,25.70000,71.20000,71.00000,29,,,,
2025-12-09T17:41:47+07:00,4883,25.10000,25.60000,71.20000,71.00000,29,,,,
2025-12-09T17:46:51+07:00,4884,25.00000,25.60000,71.20000,71.00000,29,,,,
2025-12-09T17:51:55+07:00,4885,25.00000,25.60000,71.10000,71.00000,29,,,,
2025-12-09T17:56:59+07:00,4886,25.00000,25.60000,71.10000,71.00000,29,,,,
2025-12-09T18:02:03+07:00,4887,25.00000,25.60000,71.10000,71.00000,29,,,,
2025-12-09T18:07:07+07:00,4888,25.00000,25.50000,71.00000,71.00000,29,,,,
2025-12-09T18:12:11+07:00,4889,25.00000,25.50000,71.00000,71.00000,29,,,,
2025-12-09T18:17:15+07:00,4890,24.90000,25.50000,71.00000,71.00000,29,,,,
2025-12-09T18:22:19+07:00,4891,24.90000,25.50000,71.00000,71.00000,29,,,,
2025-12-09T18:27:23+07:00,4892,24.90000,25.50000,70.90000,71.00000,29,,,,
2025-12-09T18:32:27+07:00,4893,24.90000,25.40000,70.90000,71.00000,29,,,,
2025-12-09T18:37:31+07:00,4894,24.90000,25.40000,70.90000,71.00000,29,,,,
2025-12-09T18:42:35+07:00,4895,24.90000,25.40000,70.80000,70.90000,29,,,,
2025-12-09T18:47:39+07:00,4896,24.80000,25.40000,70.80000,70.90000,29,,,,
2025-12-09T18:52:43+07:00,4897,24.80000,25.30000,70.80000,70.90000,29,,,,
2025-12-09T18:57:47+07:00,4898,24.80000,25.30000,70.80000,70.90000,29,,,,
2025-12-09T19:02:51+07:00,4899,24.80000,25.30000,70.70000,70.90000,29,,,,
2025-12-09T19:07:55+07:00,4900,24.80000,25.30000,70.70000,70.90000,29,,,,
2025-12-09T19:12:59+07:00,4901,24.70000,25.20000,70.60000,70.80000,29,,,,
2025-12-09T19:18:02+07:00,4902,24.70000,25.20000,70.60000,70.80000,29,,,,
2025-12-09T19:23:07+07:00,4903,24.70000,25.20000,70.60000,70.80000,29,,,,
2025-12-09T19:28:11+07:00,4904,24.70000,25.10000,70.50000,70.80000,29,,,,
2025-12-09T19:33:15+07:00,4905,24.60000,25.10000,70.50000,70.70000,29,,,,
2025-12-09T19:38:19+07:00,4906,24.60000,25.10000,70.50000,70.70000,29,,,,
2025-12-09T19:43:24+07:00,4907,24.60000,25.00000,70.50000,70.70000,29,,,,
2025-12-09T19:48:28+07:00,4908,24.50000,25.00000,70.50000,70.70000,29,,,,
2025-12-09T19:53:32+07:00,4909,24.50000,24.90000,70.40000,70.70000,29,,,,
2025-12-09T19:58:37+07:00,4910,24.50000,24.90000,70.40000,70.70000,29,,,,
2025-12-09T20:03:41+07:00,4911,24.50000,24.90000,70.40000,70.70000,29,,,,
2025-12-09T20:08:45+07:00,4912,24.40000,24.80000,70.40000,70.70000,29,,,,
2025-12-09T20:13:49+07:00,4913,24.40000,24.80000,70.30000,70.70000,29,,,,
2025-12-09T20:18:53+07:00,4914,24.40000,24.80000,70.30000,70.70000,29,,,,
2025-12-09T20:23:57+07:00,4915,24.40000,24.80000,70.30000,70.70000,29,,,,
2025-12-09T20:29:01+07:00,4916,24.40000,24.80000,70.30000,70.70000,29,,,,
2025-12-09T20:34:05+07:00,4917,24.40000,24.70000,70.30000,70.70000,29,,,,
2025-12-09T20:39:09+07:00,4918,24.40000,24.70000,70.30000,70.70000,29,,,,
2025-12-09T20:44:13+07:00,4919,24.40000,24.70000,70.30000,70.70000,29,,,,
2025-12-09T20:49:17+07:00,4920,24.30000,24.70000,70.30000,70.70000,29,,,,
2025-12-09T20:54:21+07:00,4921,24.30000,24.60000,70.20000,70.70000,29,,,,
2025-12-09T20:59:25+07:00,4922,24.30000,24.60000,70.20000,70.70000,29,,,,
2025-12-09T21:04:29+07:00,4923,24.30000,24.60000,70.20000,70.70000,29,,,,
2025-12-09T21:09:34+07:00,4924,24.30000,24.60000,70.20000,70.70000,29,,,,
2025-12-09T21:14:37+07:00,4925,24.20000,24.50000,70.20000,70.70000,29,,,,
2025-12-09T21:19:41+07:00,4926,24.20000,24.50000,70.10000,70.70000,29,,,,
2025-12-09T21:24:46+07:00,4927,24.20000,24.50000,70.10000,70.70000,29,,,,
2025-12-09T21:29:49+07:00,4928,24.20000,24.50000,70.10000,70.70000,29,,,,
2025-12-09T21:34:53+07:00,4929,24.20000,24.40000,70.10000,70.70000,29,,,,
2025-12-09T21:39:57+07:00,4930,24.20000,24.40000,70.10000,70.70000,29,,,,
2025-12-09T21:45:01+07:00,4931,24.20000,24.40000,70.10000,70.70000,29,,,,
2025-12-09T21:50:06+07:00,4932,24.20000,24.40000,70.10000,70.80000,29,,,,
2025-12-09T21:55:10+07:00,4933,24.20000,24.50000,70.10000,70.80000,29,,,,
2025-12-09T22:00:13+07:00,4934,24.20000,24.40000,70.10000,70.80000,29,,,,
2025-12-09T22:05:17+07:00,4935,24.20000,24.50000,70.00000,70.80000,29,,,,
2025-12-09T22:10:20+07:00,4936,24.20000,24.40000,70.00000,70.80000,29,,,,
2025-12-09T22:15:25+07:00,4937,24.10000,24.40000,70.00000,70.80000,29,,,,
2025-12-09T22:20:28+07:00,4938,24.10000,24.40000,70.00000,70.80000,29,,,,
2025-12-09T22:25:33+07:00,4939,24.10000,24.40000,70.00000,70.80000,29,,,,
2025-12-09T22:30:37+07:00,4940,24.10000,24.40000,70.00000,70.80000,29,,,,
2025-12-09T22:35:41+07:00,4941,24.10000,24.40000,70.00000,70.80000,29,,,,
2025-12-09T22:40:45+07:00,4942,24.10000,24.40000,70.00000,70.70000,29,,,,
2025-12-09T22:45:49+07:00,4943,24.10000,24.40000,70.00000,70.70000,29,,,,
2025-12-09T22:50:53+07:00,4944,24.10000,24.40000,70.00000,70.80000,29,,,,
2025-12-09T22:55:57+07:00,4945,24.10000,24.40000,70.00000,70.70000,29,,,,
2025-12-09T23:01:00+07:00,4946,24.10000,24.40000,69.90000,70.80000,29,,,,
2025-12-09T23:06:05+07:00,4947,24.10000,24.40000,69.90000,70.70000,29,,,,
2025-12-09T23:11:09+07:00,4948,24.10000,24.40000,69.90000,70.70000,29,,,,
2025-12-09T23:16:14+07:00,4949,24.10000,24.40000,69.90000,70.70000,29,,,,
2025-12-09T23:21:18+07:00,4950,24.10000,24.40000,69.90000,70.70000,29,,,,
2025-12-09T23:26:23+07:00,4951,24.10000,24.40000,69.90000,70.70000,29,,,,
2025-12-09T23:31:26+07:00,4952,24.10000,24.40000,69.90000,70.70000,29,,,,
2025-12-09T23:36:30+07:00,4953,24.10000,24.30000,69.90000,70.70000,29,,,,
2025-12-09T23:41:34+07:00,4954,24.10000,24.30000,69.80000,70.70000,29,,,,
2025-12-09T23:46:38+07:00,4955,24.00000,24.30000,69.80000,70.70000,29,,,,
2025-12-09T23:51:43+07:00,4956,24.00000,24.30000,69.80000,70.60001,29,,,,
2025-12-09T23:56:47+07:00,4957,24.00000,24.30000,69.80000,70.60001,29,,,,
2025-12-10T00:01:51+07:00,4958,24.00000,24.30000,69.80000,70.60001,29,,,,
2025-12-10T00:06:55+07:00,4959,24.00000,24.20000,69.80000,70.60001,29,,,,
2025-12-10T00:11:59+07:00,4960,24.00000,24.20000,69.90000,70.60001,29,,,,
2025-12-10T00:17:04+07:00,4961,23.90000,24.20000,69.90000,70.60001,29,,,,
2025-12-10T00:22:08+07:00,4962,23.90000,24.20000,69.80000,70.60001,29,,,,
2025-12-10T00:27:11+07:00,4963,23.90000,24.20000,69.80000,70.60001,29,,,,
2025-12-10T00:32:15+07:00,4964,23.90000,24.20000,69.80000,70.50000,29,,,,
2025-12-10T00:37:20+07:00,4965,23.90000,24.10000,69.80000,70.50000,29,,,,
2025-12-10T00:42:24+07:00,4966,23.90000,24.10000,69.80000,70.50000,29,,,,
2025-12-10T00:47:28+07:00,4967,23.80000,24.10000,69.80000,70.50000,28,,,,
2025-12-10T00:52:31+07:00,4968,23.90000,24.10000,69.80000,70.50000,29,,,,
2025-12-10T00:57:36+07:00,4969,23.80000,24.10000,69.80000,70.50000,29,,,,
2025-12-10T01:02:40+07:00,4970,23.80000,24.10000,69.80000,70.50000,29,,,,
2025-12-10T01:07:44+07:00,4971,23.80000,24.10000,69.70000,70.50000,29,,,,
2025-12-10T01:12:48+07:00,4972,23.80000,24.00000,69.80000,70.50000,28,,,,
2025-12-10T01:17:52+07:00,4973,23.80000,24.00000,69.80000,70.50000,28,,,,
2025-12-10T01:22:57+07:00,4974,23.80000,24.00000,69.70000,70.50000,29,,,,
2025-12-10T01:28:01+07:00,4975,23.80000,24.00000,69.70000,70.50000,29,,,,
2025-12-10T01:33:04+07:00,4976,23.80000,24.00000,69.70000,70.50000,28,,,,
2025-12-10T01:38:09+07:00,4977,23.70000,24.00000,69.70000,70.50000,29,,,,
2025-12-10T01:43:12+07:00,4978,23.70000,23.90000,69.70000,70.50000,29,,,,
2025-12-10T01:48:17+07:00,4979,23.70000,23.90000,69.70000,70.50000,29,,,,
2025-12-10T01:53:21+07:00,4980,23.70000,23.90000,69.70000,70.50000,29,,,,
2025-12-10T01:58:25+07:00,4981,23.70000,23.90000,69.70000,70.50000,28,,,,
2025-12-10T02:03:30+07:00,4982,23.70000,23.90000,69.60000,70.50000,28,,,,
2025-12-10T02:08:34+07:00,4983,23.70000,23.90000,69.70000,70.50000,29,,,,
2025-12-10T02:13:38+07:00,4984,23.70000,23.90000,69.70000,70.50000,28,,,,
2025-12-10T02:18:42+07:00,4985,23.70000,23.90000,69.60000,70.40000,28,,,,
2025-12-10T02:23:46+07:00,4986,23.70000,23.80000,69.60000,70.50000,28,,,,
2025-12-10T02:28:50+07:00,4987,23.60000,23.80000,69.60000,70.40000,28,,,,
2025-12-10T02:33:54+07:00,4988,23.60000,23.80000,69.60000,70.40000,28,,,,
2025-12-10T02:38:58+07:00,4989,23.60000,23.80000,69.60000,70.40000,28,,,,
2025-12-10T02:44:03+07:00,4990,23.60000,23.80000,69.50000,70.40000,28,,,,
2025-12-10T02:49:07+07:00,4991,23.60000,23.80000,69.50000,70.40000,29,,,,
2025-12-10T02:54:11+07:00,4992,23.60000,23.80000,69.60000,70.40000,28,,,,
2025-12-10T02:59:14+07:00,4993,23.60000,23.80000,69.50000,70.40000,28,,,,
2025-12-10T03:04:18+07:00,4994,23.60000,23.70000,69.50000,70.40000,28,,,,
2025-12-10T03:09:22+07:00,4995,23.50000,23.70000,69.50000,70.40000,28,,,,
2025-12-10T03:14:26+07:00,4996,23.60000,23.70000,69.50000,70.40000,28,,,,
2025-12-10T03:19:30+07:00,4997,23.50000,23.70000,69.50000,70.40000,28,,,,
2025-12-10T03:24:34+07:00,4998,23.50000,23.70000,69.50000,70.40000,28,,,,
2025-12-10T03:29:39+07:00,4999,23.50000,23.70000,69.50000,70.40000,29,,,,
2025-12-10T03:34:43+07:00,5000,23.50000,23.70000,69.50000,70.40000,28,,,,
2025-12-10T03:39:46+07:00,5001,23.50000,23.60000,69.50000,70.40000,28,,,,
2025-12-10T03:44:51+07:00,5002,23.50000,23.60000,69.40000,70.40000,29,,,,
2025-12-10T03:49:55+07:00,5003,23.50000,23.60000,69.50000,70.30000,28,,,,
2025-12-10T03:54:59+07:00,5004,23.50000,23.60000,69.40000,70.30000,28,,,,
2025-12-10T04:00:03+07:00,5005,23.50000,23.60000,69.40000,70.40000,28,,,,
2025-12-10T04:05:07+07:00,5006,23.50000,23.60000,69.40000,70.30000,28,,,,
2025-12-10T04:10:11+07:00,5007,23.40000,23.60000,69.40000,70.30000,28,,,,
2025-12-10T04:15:16+07:00,5008,23.40000,23.60000,69.40000,70.30000,28,,,,
2025-12-10T04:20:20+07:00,5009,23.40000,23.60000,69.40000,70.30000,28,,,,
2025-12-10T04:25:23+07:00,5010,23.40000,23.60000,69.40000,70.40000,28,,,,
2025-12-10T04:30:28+07:00,5011,23.40000,23.60000,69.40000,70.30000,28,,,,
2025-12-10T04:35:32+07:00,5012,23.40000,23.50000,69.40000,70.30000,28,,,,
2025-12-10T04:40:36+07:00,5013,23.40000,23.50000,69.30000,70.30000,28,,,,
2025-12-10T04:45:40+07:00,5014,23.40000,23.50000,69.40000,70.30000,28,,,,
2025-12-10T04:50:44+07:00,5015,23.40000,23.50000,69.40000,70.30000,28,,,,
2025-12-10T04:55:48+07:00,5016,23.40000,23.50000,69.30000,70.30000,28,,,,
2025-12-10T05:00:52+07:00,5017,23.30000,23.50000,69.40000,70.30000,29,,,,
2025-12-10T05:05:56+07:00,5018,23.30000,23.40000,69.30000,70.30000,28,,,,
2025-12-10T05:11:00+07:00,5019,23.30000,23.50000,69.30000,70.30000,28,,,,
2025-12-10T05:16:04+07:00,5020,23.30000,23.40000,69.30000,70.30000,28,,,,
2025-12-10T05:21:09+07:00,5021,23.30000,23.40000,69.30000,70.30000,28,,,,
2025-12-10T05:26:13+07:00,5022,23.30000,23.40000,69.30000,70.20000,28,,,,
2025-12-10T05:31:17+07:00,5023,23.30000,23.40000,69.30000,70.10001,28,,,,
2025-12-10T05:36:21+07:00,5024,23.30000,23.40000,69.30000,70.20000,28,,,,
2025-12-10T05:41:24+07:00,5025,23.20000,23.30000,69.20000,70.20000,28,,,,
2025-12-10T05:46:29+07:00,5026,23.20000,23.30000,69.20000,70.20000,28,,,,
2025-12-10T05:51:32+07:00,5027,23.20000,23.30000,69.20000,70.20000,28,,,,
2025-12-10T05:56:37+07:00,5028,23.20000,23.30000,69.20000,70.20000,28,,,,
2025-12-10T06:01:41+07:00,5029,23.20000,23.30000,69.20000,70.20000,28,,,,
2025-12-10T06:06:46+07:00,5030,23.20000,23.30000,69.20000,70.20000,28,,,,
2025-12-10T06:11:50+07:00,5031,23.20000,23.30000,69.20000,70.20000,28,,,,
2025-12-10T06:16:53+07:00,5032,23.20000,23.30000,69.20000,70.20000,28,,,,
2025-12-10T06:21:57+07:00,5033,23.20000,23.30000,69.20000,70.20000,28,,,,
2025-12-10T06:27:02+07:00,5034,23.20000,23.20000,69.20000,70.20000,28,,,,
2025-12-10T06:32:06+07:00,5035,23.20000,23.30000,69.20000,70.20000,28,,,,
2025-12-10T06:37:09+07:00,5036,23.20000,23.20000,69.20000,70.20000,28,,,,
2025-12-10T06:42:13+07:00,5037,23.20000,23.30000,69.20000,70.20000,28,,,,
2025-12-10T06:47:18+07:00,5038,23.20000,23.30000,69.20000,70.20000,28,,,,
2025-12-10T06:52:22+07:00,5039,23.20000,23.30000,69.30000,70.20000,28,,,,
2025-12-10T06:57:25+07:00,5040,23.20000,23.30000,69.30000,70.30000,28,,,,
2025-12-10T07:02:30+07:00,5041,23.20000,23.30000,69.30000,70.20000,28,,,,
2025-12-10T07:07:34+07:00,5042,23.30000,23.30000,69.30000,70.30000,28,,,,
2025-12-10T07:12:38+07:00,5043,23.30000,23.40000,69.30000,70.30000,28,,,,
2025-12-10T07:17:42+07:00,5044,23.30000,23.40000,69.30000,70.30000,28,,,,
2025-12-10T07:22:46+07:00,5045,23.30000,23.40000,69.40000,70.30000,28,,,,
2025-12-10T07:27:50+07:00,5046,23.40000,23.40000,69.40000,70.30000,28,,,,
2025-12-10T07:32:54+07:00,5047,23.40000,23.50000,69.40000,70.30000,28,,,,
2025-12-10T07:37:59+07:00,5048,23.40000,23.50000,69.40000,70.30000,28,,,,
2025-12-10T07:43:03+07:00,5049,23.40000,23.50000,69.40000,70.30000,28,,,,
2025-12-10T07:48:07+07:00,5050,23.50000,23.50000,69.40000,70.40000,28,,,,
2025-12-10T07:58:18+07:00,5051,23.50000,23.60000,69.50000,70.40000,28,,,,
2025-12-10T08:03:22+07:00,5052,23.50000,23.60000,69.50000,70.40000,28,,,,
2025-12-10T08:08:33+07:00,5053,23.50000,23.70000,69.60000,70.40000,28,,,,
2025-12-10T08:13:37+07:00,5054,23.60000,23.70000,69.60000,70.40000,28,,,,
2025-12-10T08:18:40+07:00,5055,23.60000,23.80000,69.60000,70.40000,28,,,,
2025-12-10T08:23:47+07:00,5056,23.70000,23.80000,69.70000,70.50000,28,,,,
2025-12-10T08:29:12+07:00,5057,23.70000,23.80000,69.70000,70.50000,28,,,,
2025-12-10T08:51:49+07:00,5058,23.90000,24.00000,69.90000,70.50000,28,,,,
2025-12-10T08:56:52+07:00,5059,23.90000,24.10000,70.00000,70.50000,28,,,,
2025-12-10T09:01:56+07:00,5060,24.00000,24.10000,70.10000,70.50000,28,,,,
2025-12-10T09:07:00+07:00,5061,24.00000,24.20000,70.10000,70.50000,28,,,,
2025-12-10T09:12:04+07:00,5062,24.00000,24.20000,70.20000,70.60001,28,,,,
2025-12-10T09:17:07+07:00,5063,24.10000,24.30000,70.30000,70.60001,28,,,,
2025-12-10T09:22:11+07:00,5064,24.10000,24.30000,70.30000,70.60001,28,,,,
2025-12-10T09:27:15+07:00,5065,24.10000,24.40000,70.40000,70.60001,28,,,,
2025-12-10T09:32:19+07:00,5066,24.20000,24.40000,70.50000,70.60001,28,,,,
2025-12-10T09:37:23+07:00,5067,24.20000,24.40000,70.50000,70.60001,28,,,,
2025-12-10T09:42:28+07:00,5068,24.20000,24.50000,70.60000,70.60001,28,,,,
2025-12-10T09:47:33+07:00,5069,24.30000,24.50000,70.70000,70.60001,28,,,,
2025-12-10T09:52:36+07:00,5070,24.30000,24.60000,70.70000,70.60001,28,,,,
2025-12-10T09:57:40+07:00,5071,24.40000,24.60000,70.80000,70.60001,28,,,,
2025-12-10T10:02:48+07:00,5072,24.40000,24.70000,70.80000,70.70000,28,,,,
2025-12-10T10:07:51+07:00,5073,24.40000,24.70000,70.90000,70.70000,28,,,,
2025-12-10T10:12:55+07:00,5074,24.40000,24.80000,71.00000,70.70000,28,,,,
2025-12-10T10:18:09+07:00,5075,24.50000,24.80000,71.00000,70.70000,28,,,,
2025-12-10T10:23:16+07:00,5076,24.50000,24.90000,71.10000,70.70000,28,,,,
2025-12-10T10:28:20+07:00,5077,24.60000,24.90000,71.20000,70.70000,28,,,,
2025-12-10T10:33:23+07:00,5078,24.60000,24.90000,71.20000,70.70000,28,,,,
2025-12-10T10:38:27+07:00,5079,24.60000,25.00000,71.30000,70.70000,28,,,,
2025-12-10T10:43:31+07:00,5080,24.70000,25.00000,71.30000,70.70000,28,,,,
2025-12-10T10:48:35+07:00,5081,24.70000,25.00000,71.30000,70.70000,28,,,,
2025-12-10T10:53:56+07:00,5082,24.70000,25.10000,71.40000,70.70000,28,,,,
2025-12-10T10:58:58+07:00,5083,24.80000,25.10000,71.50000,70.70000,28,,,,
2025-12-10T11:04:02+07:00,5084,24.80000,25.20000,71.50000,70.70000,28,,,,
2025-12-10T11:09:06+07:00,5085,24.80000,25.20000,71.60000,70.70000,28,,,,
2025-12-10T11:14:10+07:00,5086,24.90000,25.30000,71.60000,70.70000,28,,,,
2025-12-10T11:19:14+07:00,5087,24.90000,25.30000,71.70000,70.80000,28,,,,
2025-12-10T11:24:18+07:00,5088,24.90000,25.40000,71.80000,70.80000,28,,,,
2025-12-10T11:29:22+07:00,5089,25.00000,25.40000,71.90000,70.80000,28,,,,
2025-12-10T11:34:27+07:00,5090,25.00000,25.50000,71.90000,70.80000,28,,,,
2025-12-10T11:39:32+07:00,5091,25.10000,25.50000,72.00000,70.80000,28,,,,
2025-12-10T11:44:36+07:00,5092,25.10000,25.60000,72.10000,70.80000,28,,,,
2025-12-10T11:49:41+07:00,5093,25.20000,25.70000,72.20000,70.80000,28,,,,
2025-12-10T11:54:52+07:00,5094,25.30000,25.70000,72.20000,70.80000,28,,,,
2025-12-10T11:59:57+07:00,5095,25.30000,25.80000,72.30000,70.80000,28,,,,
2025-12-10T12:05:00+07:00,5096,25.40000,25.80000,72.30000,70.80000,28,,,,
2025-12-10T12:15:14+07:00,5097,25.50000,25.90000,72.50000,70.90000,28,,,,
2025-12-10T12:20:18+07:00,5098,25.50000,26.00000,72.60000,70.90000,28,,,,
2025-12-10T12:25:22+07:00,5099,25.60000,26.10000,72.60000,70.90000,28,,,,
2025-12-10T12:30:29+07:00,5100,25.70000,26.30000,72.70000,71.00000,28,,,,
2025-12-10T12:35:33+07:00,5101,25.70000,26.40000,72.80000,70.90000,28,,,,
2025-12-10T12:40:37+07:00,5102,25.80000,26.50000,72.80000,70.90000,28,,,,
2025-12-10T12:45:41+07:00,5103,25.90000,26.50000,72.90000,70.90000,28,,,,
2025-12-10T12:50:45+07:00,5104,25.90000,26.60000,72.90000,70.90000,28,,,,
2025-12-10T12:55:49+07:00,5105,26.00000,26.70000,73.00000,70.80000,28,,,,
2025-12-10T13:01:01+07:00,5106,26.00000,26.80000,73.00000,70.80000,28,,,,
2025-12-10T13:06:04+07:00,5107,26.10000,26.90000,73.00000,70.80000,28,,,,
2025-12-10T13:11:09+07:00,5108,26.20000,27.00000,73.10000,70.70000,28,,,,
2025-12-10T13:16:13+07:00,5109,26.20000,27.00000,73.10000,70.70000,28,,,,
2025-12-10T13:21:17+07:00,5110,26.30000,27.10000,73.20000,70.70000,28,,,,
2025-12-10T13:26:21+07:00,5111,26.30000,27.20000,73.20000,70.70000,28,,,,
2025-12-10T13:31:25+07:00,5112,26.40000,27.30000,73.20000,70.60001,28,,,,
2025-12-10T13:36:30+07:00,5113,26.40000,27.30000,73.30000,70.60001,28,,,,
2025-12-10T13:41:33+07:00,5114,26.50000,27.40000,73.30000,70.70000,28,,,,
2025-12-10T13:46:40+07:00,5115,26.50000,27.40000,73.40000,70.70000,28,,,,
2025-12-10T13:51:44+07:00,5116,26.50000,27.50000,73.40000,70.60001,28,,,,
2025-12-10T13:56:48+07:00,5117,26.60000,27.60000,73.40000,70.60001,28,,,,
2025-12-10T14:01:53+07:00,5118,26.60000,27.60000,73.40000,70.60001,28,,,,
2025-12-10T14:06:59+07:00,5119,26.60000,27.60000,73.40000,70.60001,28,,,,
2025-12-10T14:12:04+07:00,5120,26.60000,27.70000,73.30000,70.60001,28,,,,
2025-12-10T14:17:08+07:00,5121,26.70000,27.70000,73.30000,70.60001,28,,,,
2025-12-10T14:22:12+07:00,5122,26.70000,27.70000,73.30000,70.60001,28,,,,
2025-12-10T14:27:16+07:00,5123,26.70000,27.80000,73.30000,70.60001,28,,,,
2025-12-10T14:32:23+07:00,5124,26.70000,27.80000,73.30000,70.50000,28,,,,
2025-12-10T14:37:26+07:00,5125,26.70000,27.80000,73.30000,70.60001,28,,,,
2025-12-10T14:42:30+07:00,5126,26.80000,27.80000,73.30000,70.50000,28,,,,
2025-12-10T14:47:34+07:00,5127,26.70000,27.80000,73.30000,70.50000,28,,,,
2025-12-10T14:52:38+07:00,5128,26.70000,27.80000,73.20000,70.50000,28,,,,
2025-12-10T14:57:42+07:00,5129,26.70000,27.80000,73.20000,70.50000,28,,,,
2025-12-10T15:02:45+07:00,5130,26.70000,27.80000,73.20000,70.40000,28,,,,
2025-12-10T15:07:49+07:00,5131,26.70000,27.70000,73.20000,70.40000,28,,,,
2025-12-10T15:12:53+07:00,5132,26.70000,27.70000,73.20000,70.40000,28,,,,
2025-12-10T15:23:04+07:00,5133,26.60000,27.70000,73.20000,70.40000,28,,,,
2025-12-10T15:28:08+07:00,5134,26.60000,27.60000,73.10000,70.40000,28,,,,
2025-12-10T15:33:12+07:00,5135,26.50000,27.60000,73.10000,70.30000,28,,,,
2025-12-10T15:38:16+07:00,5136,26.50000,27.50000,73.00000,70.30000,28,,,,
2025-12-10T15:43:20+07:00,5137,26.50000,27.50000,72.90000,70.30000,28,,,,
2025-12-10T15:48:24+07:00,5138,26.40000,27.40000,72.90000,70.30000,28,,,,
2025-12-10T15:53:28+07:00,5139,26.40000,27.40000,72.80000,70.30000,28,,,,
2025-12-10T15:58:32+07:00,5140,26.40000,27.30000,72.80000,70.30000,28,,,,
2025-12-10T16:03:35+07:00,5141,26.30000,27.30000,72.70000,70.30000,28,,,,
2025-12-10T16:08:39+07:00,5142,26.30000,27.20000,72.60000,70.20000,28,,,,
2025-12-10T16:14:02+07:00,5143,26.20000,27.20000,72.60000,70.30000,27,,,,
2025-12-10T16:19:05+07:00,5144,26.20000,27.10000,72.50000,70.30000,28,,,,
2025-12-10T16:24:09+07:00,5145,26.10000,27.10000,72.50000,70.20000,27,,,,
2025-12-10T16:29:12+07:00,5146,26.10000,27.00000,72.40000,70.20000,27,,,,
2025-12-10T16:34:16+07:00,5147,26.00000,27.00000,71.70000,70.20000,27,,,,
2025-12-10T16:39:20+07:00,5148,26.00000,26.90000,71.10000,70.20000,28,,,,
2025-12-10T16:44:24+07:00,5149,25.90000,26.80000,69.50000,70.10001,27,,,,
2025-12-10T16:49:28+07:00,5150,25.70000,26.80000,68.80000,69.90000,27,,,,
2025-12-10T16:54:31+07:00,5151,25.70000,26.70000,68.80000,70.00000,27,,,,
2025-12-10T16:59:35+07:00,5152,25.60000,26.60000,68.50000,70.00000,27,,,,
2025-12-10T17:04:39+07:00,5153,25.60000,26.60000,69.20000,70.00000,27,,,,
2025-12-10T17:09:42+07:00,5154,25.60000,26.50000,69.40000,70.00000,27,,,,
2025-12-10T17:14:46+07:00,5155,25.60000,26.50000,69.60000,70.00000,28,,,,
2025-12-10T17:19:49+07:00,5156,25.60000,26.50000,69.70000,70.00000,28,,,,
2025-12-10T17:24:54+07:00,5157,25.60000,26.40000,69.80000,70.10001,27,,,,
2025-12-10T17:29:58+07:00,5158,25.50000,26.40000,69.90000,70.10001,27,,,,
2025-12-10T17:35:01+07:00,5159,25.50000,26.40000,69.90000,70.10001,27,,,,
2025-12-10T17:40:05+07:00,5160,25.50000,26.40000,70.00000,70.10001,28,,,,
2025-12-10T17:45:09+07:00,5161,25.50000,26.30000,70.00000,70.10001,27,,,,
2025-12-10T17:50:13+07:00,5162,25.50000,26.30000,70.00000,70.10001,27,,,,
2025-12-10T17:55:17+07:00,5163,25.50000,26.30000,70.10000,70.10001,28,,,,
2025-12-10T18:00:21+07:00,5164,25.40000,26.20000,70.10000,70.10001,27,,,,
2025-12-10T18:05:24+07:00,5165,25.40000,26.20000,70.10000,70.10001,27,,,,
2025-12-10T18:10:28+07:00,5166,25.40000,26.20000,70.10000,70.10001,27,,,,
2025-12-10T18:15:32+07:00,5167,25.40000,26.20000,70.10000,70.10001,27,,,,
2025-12-10T18:20:36+07:00,5168,25.40000,26.10000,70.10000,70.10001,27,,,,
2025-12-10T18:25:40+07:00,5169,25.40000,26.10000,70.10000,70.10001,28,,,,
2025-12-10T18:30:44+07:00,5170,25.30000,26.10000,70.10000,70.10001,27,,,,
2025-12-10T18:35:48+07:00,5171,25.30000,26.00000,70.10000,70.10001,28,,,,
2025-12-10T18:40:52+07:00,5172,25.30000,26.00000,70.10000,70.10001,27,,,,
2025-12-10T18:45:55+07:00,5173,25.30000,26.00000,70.10000,70.10001,27,,,,
2025-12-10T18:50:59+07:00,5174,25.30000,26.00000,70.10000,70.10001,27,,,,
2025-12-10T18:56:03+07:00,5175,25.30000,26.00000,70.10000,70.10001,27,,,,
2025-12-10T19:01:07+07:00,5176,25.30000,25.90000,70.10000,70.10001,28,,,,
2025-12-10T19:06:10+07:00,5177,25.20000,25.90000,70.10000,70.10001,27,,,,
2025-12-10T19:11:15+07:00,5178,25.20000,25.90000,70.10000,70.10001,27,,,,
2025-12-10T19:16:18+07:00,5179,25.20000,25.80000,70.10000,70.10001,27,,,,
2025-12-10T19:21:22+07:00,5180,25.20000,25.80000,70.00000,70.10001,28,,,,
2025-12-10T19:26:26+07:00,5181,25.20000,25.80000,70.00000,70.10001,27,,,,
2025-12-10T19:31:30+07:00,5182,25.20000,25.80000,70.00000,70.10001,27,,,,
2025-12-10T19:36:34+07:00,5183,25.20000,25.80000,70.00000,70.10001,27,,,,
2025-12-10T19:41:38+07:00,5184,25.10000,25.70000,70.00000,70.10001,27,,,,
2025-12-10T19:46:42+07:00,5185,25.10000,25.70000,69.90000,70.10001,27,,,,
2025-12-10T19:51:47+07:00,5186,25.10000,25.70000,69.90000,70.10001,27,,,,
2025-12-10T19:56:50+07:00,5187,25.10000,25.70000,69.90000,70.10001,27,,,,
2025-12-10T20:01:54+07:00,5188,25.10000,25.70000,69.90000,70.10001,27,,,,
2025-12-10T20:06:58+07:00,5189,25.10000,25.60000,69.90000,70.10001,27,,,,
2025-12-10T20:12:03+07:00,5190,25.10000,25.60000,69.90000,70.10001,27,,,,
2025-12-10T20:17:08+07:00,5191,25.00000,25.60000,69.90000,70.10001,27,,,,
2025-12-10T20:22:11+07:00,5192,25.00000,25.60000,69.80000,70.10001,27,,,,
2025-12-10T20:37:35+07:00,5193,25.00000,25.50000,69.80000,70.10001,27,,,,
2025-12-10T20:42:40+07:00,5194,25.00000,25.50000,69.70000,70.10001,28,,,,
2025-12-10T20:47:44+07:00,5195,25.00000,25.50000,69.70000,70.00000,27,,,,
2025-12-10T20:52:48+07:00,5196,25.00000,25.50000,69.70000,70.00000,27,,,,
2025-12-10T20:57:52+07:00,5197,25.00000,25.50000,69.60000,70.10001,27,,,,
2025-12-10T21:02:57+07:00,5198,25.00000,25.50000,69.60000,70.10001,27,,,,
2025-12-10T21:13:27+07:00,5199,25.00000,25.50000,69.60000,70.10001,27,,,,
2025-12-10T21:18:30+07:00,5200,25.00000,25.50000,69.60000,70.10001,27,,,,
2025-12-10T21:23:34+07:00,5201,25.00000,25.50000,69.60000,70.20000,27,,,,
2025-12-10T21:28:38+07:00,5202,25.00000,25.50000,69.60000,70.10001,27,,,,
2025-12-10T21:33:42+07:00,5203,25.00000,25.50000,69.60000,70.20000,27,,,,
2025-12-10T21:38:47+07:00,5204,25.00000,25.50000,69.60000,70.10001,27,,,,
2025-12-10T21:43:50+07:00,5205,25.00000,25.50000,69.60000,70.20000,27,,,,
2025-12-10T21:48:54+07:00,5206,25.00000,25.50000,69.60000,70.20000,27,,,,
2025-12-10T21:53:58+07:00,5207,25.00000,25.50000,69.60000,70.10001,27,,,,
2025-12-10T21:59:02+07:00,5208,25.00000,25.50000,69.60000,70.20000,27,,,,
2025-12-10T22:04:07+07:00,5209,25.00000,25.50000,69.60000,70.10001,27,,,,
2025-12-10T22:09:11+07:00,5210,25.00000,25.50000,69.60000,70.10001,27,,,,
2025-12-10T22:14:15+07:00,5211,25.00000,25.50000,69.60000,70.10001,27,,,,
2025-12-10T22:19:19+07:00,5212,25.00000,25.40000,69.70000,70.20000,27,,,,
2025-12-10T22:24:23+07:00,5213,25.00000,25.40000,69.70000,70.10001,27,,,,
2025-12-10T22:29:27+07:00,5214,25.00000,25.40000,69.70000,70.10001,27,,,,
2025-12-10T22:34:31+07:00,5215,25.00000,25.40000,69.70000,70.20000,27,,,,
2025-12-10T22:39:35+07:00,5216,25.00000,25.40000,69.70000,70.10001,27,,,,
2025-12-10T22:44:38+07:00,5217,24.90000,25.40000,69.70000,70.10001,27,,,,
2025-12-10T22:49:42+07:00,5218,24.90000,25.40000,69.60000,70.10001,27,,,,
2025-12-10T22:54:46+07:00,5219,24.90000,25.30000,69.60000,70.10001,27,,,,
2025-12-10T22:59:50+07:00,5220,24.90000,25.30000,69.60000,70.10001,27,,,,
2025-12-10T23:04:54+07:00,5221,24.80000,25.30000,69.50000,70.10001,27,,,,
2025-12-10T23:09:58+07:00,5222,24.80000,25.30000,69.50000,70.10001,27,,,,
2025-12-10T23:15:03+07:00,5223,24.80000,25.20000,69.50000,70.00000,27,,,,
2025-12-10T23:20:06+07:00,5224,24.70000,25.20000,69.40000,70.00000,27,,,,
2025-12-10T23:25:10+07:00,5225,24.70000,25.10000,69.40000,70.00000,27,,,,
2025-12-10T23:30:15+07:00,5226,24.70000,25.10000,69.40000,70.00000,27,,,,
2025-12-10T23:35:19+07:00,5227,24.60000,25.10000,69.40000,70.00000,27,,,,
2025-12-10T23:40:22+07:00,5228,24.60000,25.00000,69.40000,70.00000,27,,,,
2025-12-10T23:45:27+07:00,5229,24.60000,25.00000,69.40000,69.90000,27,,,,
2025-12-10T23:50:30+07:00,5230,24.50000,25.00000,69.30000,69.90000,27,,,,
2025-12-10T23:55:34+07:00,5231,24.50000,25.00000,69.30000,69.90000,27,,,,
2025-12-11T00:00:38+07:00,5232,24.50000,24.90000,69.30000,69.90000,27,,,,
2025-12-11T00:05:43+07:00,5233,24.50000,24.90000,69.30000,69.90000,27,,,,
2025-12-11T00:10:46+07:00,5234,24.50000,24.90000,69.30000,69.90000,27,,,,
2025-12-11T00:15:50+07:00,5235,24.50000,24.90000,69.20000,69.90000,27,,,,
2025-12-11T00:20:55+07:00,5236,24.40000,24.80000,69.30000,69.90000,27,,,,
2025-12-11T00:25:58+07:00,5237,24.40000,24.80000,69.30000,69.90000,27,,,,
2025-12-11T00:31:02+07:00,5238,24.40000,24.80000,69.30000,69.90000,27,,,,
2025-12-11T00:36:07+07:00,5239,24.40000,24.80000,69.20000,69.80000,27,,,,
2025-12-11T00:41:10+07:00,5240,24.40000,24.70000,69.20000,69.80000,27,,,,
2025-12-11T00:46:14+07:00,5241,24.30000,24.70000,69.20000,69.80000,27,,,,
2025-12-11T00:51:17+07:00,5242,24.30000,24.70000,69.20000,69.80000,27,,,,
2025-12-11T00:56:21+07:00,5243,24.30000,24.70000,69.20000,69.80000,27,,,,
2025-12-11T01:01:25+07:00,5244,24.30000,24.60000,69.30000,69.80000,27,,,,
2025-12-11T01:06:29+07:00,5245,24.30000,24.60000,69.30000,69.80000,27,,,,
2025-12-11T01:11:33+07:00,5246,24.30000,24.60000,69.30000,69.70000,27,,,,
2025-12-11T01:16:37+07:00,5247,24.20000,24.60000,69.20000,69.80000,27,,,,
2025-12-11T01:21:41+07:00,5248,24.20000,24.50000,69.30000,69.80000,27,,,,
2025-12-11T01:26:45+07:00,5249,24.20000,24.50000,69.20000,69.80000,27,,,,
2025-12-11T01:31:49+07:00,5250,24.20000,24.50000,69.30000,69.70000,27,,,,
2025-12-11T01:36:53+07:00,5251,24.20000,24.50000,69.20000,69.70000,27,,,,
2025-12-11T01:41:57+07:00,5252,24.20000,24.50000,69.20000,69.70000,27,,,,
2025-12-11T01:47:01+07:00,5253,24.10000,24.40000,69.20000,69.70000,27,,,,
2025-12-11T01:52:05+07:00,5254,24.10000,24.40000,69.20000,69.70000,27,,,,
2025-12-11T01:57:09+07:00,5255,24.10000,24.40000,69.20000,69.70000,27,,,,
2025-12-11T02:02:13+07:00,5256,24.10000,24.40000,69.20000,69.70000,27,,,,
2025-12-11T02:07:17+07:00,5257,24.10000,24.30000,69.10000,69.60001,27,,,,
2025-12-11T02:12:21+07:00,5258,24.00000,24.30000,69.10000,69.60001,27,,,,
2025-12-11T02:17:25+07:00,5259,24.00000,24.30000,69.10000,69.60001,27,,,,
2025-12-11T02:22:29+07:00,5260,24.00000,24.30000,69.10000,69.60001,27,,,,
2025-12-11T02:27:33+07:00,5261,24.00000,24.30000,69.10000,69.60001,27,,,,
2025-12-11T02:32:37+07:00,5262,23.90000,24.20000,69.00000,69.60001,27,,,,
2025-12-11T02:37:42+07:00,5263,23.90000,24.20000,69.00000,69.60001,27,,,,
2025-12-11T02:42:45+07:00,5264,23.90000,24.20000,69.00000,69.60001,27,,,,
2025-12-11T02:47:49+07:00,5265,23.90000,24.20000,69.00000,69.60001,27,,,,
2025-12-11T02:52:53+07:00,5266,23.90000,24.20000,69.00000,69.60001,27,,,,
2025-12-11T02:57:56+07:00,5267,23.80000,24.10000,69.00000,69.50000,27,,,,
2025-12-11T03:03:00+07:00,5268,23.80000,24.10000,69.00000,69.50000,27,,,,
2025-12-11T03:08:04+07:00,5269,23.80000,24.10000,69.00000,69.50000,27,,,,
2025-12-11T03:13:08+07:00,5270,23.80000,24.10000,68.90000,69.50000,27,,,,
2025-12-11T03:18:12+07:00,5271,23.80000,24.00000,69.00000,69.50000,27,,,,
2025-12-11T03:23:16+07:00,5272,23.70000,24.00000,68.90000,69.50000,27,,,,
2025-12-11T03:28:20+07:00,5273,23.70000,24.00000,68.90000,69.50000,27,,,,
2025-12-11T03:33:24+07:00,5274,23.70000,24.00000,68.90000,69.50000,27,,,,
2025-12-11T03:38:28+07:00,5275,23.70000,24.00000,68.90000,69.50000,27,,,,
2025-12-11T03:43:31+07:00,5276,23.70000,23.90000,68.80000,69.50000,27,,,,
2025-12-11T03:48:36+07:00,5277,23.70000,23.90000,68.90000,69.50000,27,,,,
2025-12-11T03:53:39+07:00,5278,23.70000,23.90000,68.90000,69.50000,27,,,,
2025-12-11T03:58:42+07:00,5279,23.70000,23.90000,68.80000,69.50000,27,,,,
2025-12-11T04:03:45+07:00,5280,23.60000,23.90000,68.80000,69.50000,27,,,,
2025-12-11T04:08:49+07:00,5281,23.60000,23.80000,68.80000,69.40000,27,,,,
2025-12-11T04:13:53+07:00,5282,23.60000,23.80000,68.80000,69.50000,27,,,,
2025-12-11T04:18:57+07:00,5283,23.60000,23.80000,68.80000,69.40000,27,,,,
2025-12-11T04:24:01+07:00,5284,23.60000,23.80000,68.80000,69.40000,27,,,,
2025-12-11T04:29:05+07:00,5285,23.60000,23.80000,68.80000,69.40000,27,,,,
2025-12-11T04:34:09+07:00,5286,23.60000,23.80000,68.80000,69.40000,27,,,,
2025-12-11T04:39:13+07:00,5287,23.60000,23.80000,68.70000,69.40000,27,,,,
2025-12-11T04:44:17+07:00,5288,23.50000,23.70000,68.70000,69.40000,27,,,,
2025-12-11T04:49:20+07:00,5289,23.50000,23.70000,68.70000,69.40000,27,,,,
2025-12-11T04:54:24+07:00,5290,23.50000,23.70000,68.70000,69.40000,27,,,,
2025-12-11T04:59:28+07:00,5291,23.50000,23.70000,68.70000,69.40000,27,,,,
2025-12-11T05:04:32+07:00,5292,23.50000,23.70000,68.70000,69.40000,27,,,,
2025-12-11T05:09:36+07:00,5293,23.50000,23.60000,68.70000,69.40000,27,,,,
2025-12-11T05:14:39+07:00,5294,23.50000,23.60000,68.60000,69.40000,27,,,,
2025-12-11T05:19:43+07:00,5295,23.50000,23.60000,68.70000,69.40000,27,,,,
2025-12-11T05:24:46+07:00,5296,23.40000,23.60000,68.60000,69.40000,27,,,,
2025-12-11T05:29:51+07:00,5297,23.40000,23.60000,68.60000,69.40000,27,,,,
2025-12-11T05:34:55+07:00,5298,23.40000,23.60000,68.70000,69.40000,27,,,,
2025-12-11T05:39:59+07:00,5299,23.40000,23.60000,68.60000,69.40000,27,,,,
2025-12-11T05:45:03+07:00,5300,23.40000,23.60000,68.60000,69.30000,27,,,,
2025-12-11T05:50:07+07:00,5301,23.40000,23.60000,68.60000,69.30000,27,,,,
2025-12-11T05:55:10+07:00,5302,23.40000,23.50000,68.60000,69.30000,27,,,,
2025-12-11T06:00:14+07:00,5303,23.40000,23.50000,68.60000,69.40000,27,,,,
2025-12-11T06:05:18+07:00,5304,23.40000,23.50000,68.60000,69.30000,27,,,,
2025-12-11T06:10:22+07:00,5305,23.40000,23.50000,68.60000,69.30000,27,,,,
2025-12-11T06:15:26+07:00,5306,23.40000,23.50000,68.60000,69.40000,27,,,,
2025-12-11T06:20:30+07:00,5307,23.40000,23.50000,68.60000,69.30000,27,,,,
2025-12-11T06:25:34+07:00,5308,23.40000,23.50000,68.60000,69.40000,27,,,,
2025-12-11T06:30:38+07:00,5309,23.40000,23.50000,68.60000,69.40000,27,,,,
2025-12-11T06:35:42+07:00,5310,23.40000,23.50000,68.60000,69.40000,27,,,,
2025-12-11T06:40:46+07:00,5311,23.40000,23.50000,68.60000,69.40000,27,,,,
2025-12-11T06:45:50+07:00,5312,23.40000,23.50000,68.60000,69.40000,27,,,,
2025-12-11T06:50:54+07:00,5313,23.40000,23.50000,68.60000,69.40000,27,,,,
2025-12-11T06:55:58+07:00,5314,23.40000,23.50000,68.60000,69.40000,27,,,,
2025-12-11T07:01:01+07:00,5315,23.40000,23.50000,68.60000,69.40000,27,,,,
2025-12-11T07:06:05+07:00,5316,23.50000,23.50000,68.60000,69.40000,27,,,,
2025-12-11T07:11:09+07:00,5317,23.50000,23.60000,68.60000,69.50000,27,,,,
2025-12-11T07:16:13+07:00,5318,23.50000,23.60000,68.60000,69.50000,27,,,,
2025-12-11T07:21:17+07:00,5319,23.50000,23.60000,68.60000,69.50000,27,,,,
2025-12-11T07:26:20+07:00,5320,23.50000,23.60000,68.60000,69.50000,27,,,,
2025-12-11T07:31:24+07:00,5321,23.50000,23.60000,68.60000,69.50000,27,,,,
2025-12-11T07:36:28+07:00,5322,23.50000,23.60000,68.60000,69.50000,27,,,,
2025-12-11T07:41:32+07:00,5323,23.60000,23.60000,68.60000,69.50000,27,,,,
2025-12-11T07:46:37+07:00,5324,23.60000,23.70000,68.70000,69.50000,27,,,,
2025-12-11T07:51:41+07:00,5325,23.60000,23.70000,68.70000,69.50000,27,,,,
2025-12-11T07:56:45+07:00,5326,23.60000,23.70000,68.70000,69.50000,27,,,,
2025-12-11T08:01:49+07:00,5327,23.60000,23.70000,68.70000,69.50000,27,,,,
2025-12-11T08:06:53+07:00,5328,23.60000,23.70000,68.70000,69.50000,27,,,,
2025-12-11T08:11:57+07:00,5329,23.70000,23.80000,68.80000,69.50000,27,,,,
2025-12-11T08:17:01+07:00,5330,23.70000,23.80000,68.80000,69.50000,27,,,,
2025-12-11T08:22:05+07:00,5331,23.70000,23.80000,68.80000,69.60001,27,,,,
2025-12-11T08:27:09+07:00,5332,23.70000,23.90000,68.80000,69.60001,27,,,,
2025-12-11T08:32:13+07:00,5333,23.70000,23.90000,68.80000,69.60001,27,,,,
2025-12-11T08:37:17+07:00,5334,23.80000,23.90000,68.90000,69.60001,27,,,,
2025-12-11T08:42:21+07:00,5335,23.80000,23.90000,68.90000,69.60001,27,,,,
2025-12-11T08:47:25+07:00,5336,23.80000,23.90000,68.90000,69.60001,27,,,,
2025-12-11T08:52:29+07:00,5337,23.80000,24.00000,68.90000,69.60001,27,,,,
2025-12-11T08:57:33+07:00,5338,23.90000,24.00000,69.00000,69.60001,27,,,,
2025-12-11T09:02:37+07:00,5339,23.90000,24.10000,69.00000,69.60001,27,,,,
2025-12-11T09:07:41+07:00,5340,23.90000,24.10000,69.00000,69.70000,27,,,,
2025-12-11T09:12:44+07:00,5341,23.90000,24.10000,69.10000,69.70000,27,,,,
2025-12-11T09:17:48+07:00,5342,24.00000,24.10000,69.10000,69.70000,27,,,,
2025-12-11T09:22:52+07:00,5343,24.00000,24.20000,69.20000,69.70000,27,,,,
2025-12-11T09:27:57+07:00,5344,24.00000,24.20000,69.20000,69.70000,27,,,,
2025-12-11T09:33:01+07:00,5345,24.10000,24.30000,69.20000,69.70000,27,,,,
2025-12-11T09:38:06+07:00,5346,24.10000,24.30000,69.30000,69.70000,27,,,,
2025-12-11T09:43:09+07:00,5347,24.10000,24.30000,69.40000,69.70000,27,,,,
2025-12-11T09:48:13+07:00,5348,24.20000,24.40000,69.40000,69.80000,27,,,,
2025-12-11T09:58:28+07:00,5349,24.30000,24.50000,69.50000,69.80000,27,,,,
2025-12-11T10:03:32+07:00,5350,24.30000,24.60000,69.60000,69.90000,27,,,,
2025-12-11T10:08:37+07:00,5351,24.30000,24.60000,69.60000,69.90000,27,,,,
2025-12-11T10:13:44+07:00,5352,24.40000,24.70000,69.60000,69.90000,27,,,,
2025-12-11T10:18:51+07:00,5353,24.40000,24.80000,69.60000,69.90000,27,,,,
2025-12-11T10:23:54+07:00,5354,24.40000,24.80000,69.70000,69.90000,27,,,,
2025-12-11T10:28:58+07:00,5355,24.50000,24.90000,69.70000,69.90000,26,,,,
2025-12-11T10:34:02+07:00,5356,24.50000,24.90000,69.80000,69.90000,27,,,,
2025-12-11T10:39:06+07:00,5357,24.60000,25.00000,69.80000,69.90000,27,,,,
2025-12-11T10:44:10+07:00,5358,24.60000,25.00000,69.80000,69.90000,27,,,,
2025-12-11T10:49:14+07:00,5359,24.60000,25.00000,69.90000,69.90000,27,,,,
2025-12-11T10:54:18+07:00,5360,24.70000,25.10000,69.90000,69.90000,27,,,,
2025-12-11T10:59:22+07:00,5361,24.70000,25.10000,70.00000,69.90000,27,,,,
2025-12-11T11:04:26+07:00,5362,24.70000,25.20000,70.00000,69.90000,27,,,,
2025-12-11T11:09:30+07:00,5363,24.80000,25.20000,70.10000,70.00000,27,,,,
2025-12-11T11:14:34+07:00,5364,24.80000,25.30000,70.10000,70.00000,27,,,,
2025-12-11T11:19:38+07:00,5365,24.80000,25.40000,70.20000,70.00000,27,,,,
2025-12-11T11:24:41+07:00,5366,24.90000,25.40000,70.30000,70.00000,27,,,,
2025-12-11T11:29:45+07:00,5367,24.90000,25.50000,70.40000,70.00000,27,,,,
2025-12-11T11:34:49+07:00,5368,25.00000,25.60000,70.50000,70.00000,27,,,,
2025-12-11T11:39:53+07:00,5369,25.00000,25.60000,70.50000,70.00000,27,,,,
2025-12-11T11:44:57+07:00,5370,25.10000,25.70000,70.60000,70.00000,27,,,,
2025-12-11T11:50:01+07:00,5371,25.10000,25.80000,70.70000,70.00000,27,,,,
2025-12-11T11:55:05+07:00,5372,25.20000,25.80000,70.80000,70.00000,27,,,,
2025-12-11T12:00:08+07:00,5373,25.20000,25.90000,70.90000,70.00000,27,,,,
2025-12-11T12:05:12+07:00,5374,25.30000,26.00000,71.00000,70.10001,26,,,,
2025-12-11T12:10:16+07:00,5375,25.30000,26.10000,71.10000,70.00000,27,,,,
2025-12-11T12:15:20+07:00,5376,25.40000,26.20000,71.20000,70.10001,26,,,,
2025-12-11T12:20:24+07:00,5377,25.50000,26.30000,71.30000,70.10001,27,,,,
2025-12-11T12:25:28+07:00,5378,25.50000,26.30000,71.40000,70.00000,27,,,,
2025-12-11T12:30:32+07:00,5379,25.60000,26.40000,71.50000,70.10001,26,,,,
2025-12-11T12:35:36+07:00,5380,25.60000,26.50000,71.60000,70.10001,26,,,,
2025-12-11T12:40:40+07:00,5381,25.70000,26.50000,71.60000,70.10001,26,,,,
2025-12-11T12:45:44+07:00,5382,25.70000,26.60000,71.70000,70.10001,26,,,,
2025-12-11T12:50:48+07:00,5383,25.80000,26.60000,71.70000,70.10001,26,,,,
2025-12-11T12:55:52+07:00,5384,25.80000,26.70000,71.70000,70.10001,27,,,,
2025-12-11T13:00:56+07:00,5385,25.90000,26.70000,71.80000,70.10001,26,,,,
2025-12-11T13:06:01+07:00,5386,25.90000,26.80000,71.80000,70.10001,27,,,,
2025-12-11T13:11:04+07:00,5387,25.90000,26.80000,71.90000,70.10001,26,,,,
2025-12-11T13:16:08+07:00,5388,26.00000,26.90000,71.90000,70.10001,27,,,,
2025-12-11T13:21:11+07:00,5389,26.00000,26.90000,71.90000,70.10001,26,,,,
2025-12-11T13:26:15+07:00,5390,26.00000,26.90000,71.90000,70.10001,26,,,,
2025-12-11T13:31:19+07:00,5391,26.00000,27.00000,72.00000,70.10001,27,,,,
2025-12-11T13:36:23+07:00,5392,26.10000,27.00000,72.00000,70.10001,27,,,,
2025-12-11T13:41:29+07:00,5393,26.10000,27.00000,72.00000,70.00000,27,,,,
2025-12-11T13:46:32+07:00,5394,26.10000,27.10000,72.00000,70.00000,27,,,,
2025-12-11T13:51:36+07:00,5395,26.10000,27.10000,72.00000,70.10001,26,,,,
2025-12-11T13:56:47+07:00,5396,26.10000,27.10000,72.00000,70.10001,27,,,,
2025-12-11T14:01:54+07:00,5397,26.20000,27.10000,72.00000,70.10001,26,,,,
2025-12-11T14:06:58+07:00,5398,26.20000,27.20000,72.10000,70.10001,26,,,,
2025-12-11T14:12:01+07:00,5399,26.20000,27.20000,72.10000,70.10001,27,,,,
2025-12-11T14:17:06+07:00,5400,26.20000,27.20000,72.10000,70.10001,26,,,,
2025-12-11T14:22:10+07:00,5401,26.30000,27.10000,69.60000,68.40000,26,,,,
2025-12-11T14:27:14+07:00,5402,26.40000,27.00000,69.80000,68.70000,26,,,,
2025-12-11T14:32:18+07:00,5403,26.50000,27.00000,69.40000,69.20000,26,,,,
2025-12-11T14:37:22+07:00,5404,26.70000,27.00000,68.60000,68.70000,26,,,,
2025-12-11T14:47:40+07:00,5405,26.60000,26.90000,65.60000,66.30000,27,,,,
2025-12-11T14:52:44+07:00,5406,26.70000,26.90000,66.60000,67.60001,26,,,,
2025-12-11T14:57:49+07:00,5407,26.60000,26.90000,65.40000,67.40000,27,,,,
2025-12-11T15:02:53+07:00,5408,26.60000,26.80000,63.00000,67.10001,27,,,,
2025-12-11T15:07:57+07:00,5409,26.60000,26.80000,62.50000,66.80000,26,,,,
2025-12-11T15:13:01+07:00,5410,26.70000,26.90000,64.50000,67.60001,26,,,,
2025-12-11T15:18:04+07:00,5411,26.80000,26.90000,63.90000,67.50000,26,,,,
2025-12-11T15:23:08+07:00,5412,26.80000,27.00000,63.70000,67.30000,27,,,,
2025-12-11T15:28:13+07:00,5413,26.80000,27.00000,63.50000,67.50000,26,,,,
2025-12-11T15:33:17+07:00,5414,26.80000,27.00000,63.50000,67.00000,26,,,,
2025-12-11T15:38:21+07:00,5415,26.80000,27.00000,63.30000,66.90000,27,,,,
2025-12-11T15:43:25+07:00,5416,26.70000,27.00000,63.80000,67.10001,26,,,,
2025-12-11T15:48:28+07:00,5417,26.80000,27.00000,64.60000,67.30000,26,,,,
2025-12-11T15:53:33+07:00,5418,26.80000,27.00000,63.40000,67.10001,27,,,,
2025-12-11T15:58:37+07:00,5419,26.70000,27.00000,63.50000,67.10001,26,,,,
2025-12-11T16:03:41+07:00,5420,26.70000,27.00000,63.90000,66.90000,26,,,,
2025-12-11T16:08:44+07:00,5421,26.70000,26.90000,64.40000,67.30000,26,,,,
2025-12-11T16:13:49+07:00,5422,26.60000,26.80000,65.20000,67.40000,26,,,,
2025-12-11T16:18:52+07:00,5423,26.60000,26.90000,65.40000,68.00000,26,,,,
2025-12-11T16:23:56+07:00,5424,26.40000,26.90000,65.90000,68.20000,26,,,,
2025-12-11T16:29:00+07:00,5425,26.30000,26.80000,66.30000,68.40000,26,,,,
2025-12-11T16:34:04+07:00,5426,26.20000,26.80000,66.40000,68.50000,26,,,,
2025-12-11T16:39:08+07:00,5427,26.10000,26.80000,66.60000,68.50000,26,,,,
2025-12-11T16:44:12+07:00,5428,26.10000,26.70000,66.70000,68.60001,26,,,,
2025-12-11T16:49:16+07:00,5429,26.00000,26.70000,66.80000,68.70000,26,,,,
2025-12-11T16:54:19+07:00,5430,26.00000,26.70000,66.90000,68.70000,26,,,,
2025-12-11T16:59:23+07:00,5431,25.90000,26.60000,67.00000,68.80000,26,,,,
2025-12-11T17:04:27+07:00,5432,25.90000,26.60000,67.10000,68.80000,26,,,,
2025-12-11T17:09:31+07:00,5433,25.90000,26.50000,67.10000,68.80000,26,,,,
2025-12-11T17:14:35+07:00,5434,25.80000,26.50000,67.20000,68.80000,26,,,,
2025-12-11T17:19:39+07:00,5435,25.70000,26.40000,67.20000,68.80000,26,,,,
2025-12-11T17:24:43+07:00,5436,25.70000,26.40000,67.30000,68.90000,26,,,,
2025-12-11T17:29:47+07:00,5437,25.70000,26.40000,67.30000,68.90000,26,,,,
2025-12-11T17:34:51+07:00,5438,25.70000,26.30000,67.30000,69.00000,26,,,,
2025-12-11T17:39:54+07:00,5439,25.60000,26.30000,67.30000,69.00000,26,,,,
2025-12-11T17:44:58+07:00,5440,25.60000,26.30000,67.40000,69.00000,26,,,,
2025-12-11T17:50:02+07:00,5441,25.50000,26.20000,67.40000,69.00000,26,,,,
2025-12-11T17:55:06+07:00,5442,25.50000,26.20000,67.40000,69.10001,26,,,,
2025-12-11T18:00:10+07:00,5443,25.50000,26.10000,67.40000,69.10001,26,,,,
2025-12-11T18:05:15+07:00,5444,25.40000,26.10000,67.40000,69.10001,26,,,,
2025-12-11T18:10:18+07:00,5445,25.40000,26.10000,67.40000,69.20000,26,,,,
2025-12-11T18:15:22+07:00,5446,25.40000,26.00000,67.40000,69.20000,26,,,,
2025-12-11T18:20:26+07:00,5447,25.40000,26.00000,67.50000,69.30000,26,,,,
2025-12-11T18:25:30+07:00,5448,25.30000,26.00000,67.40000,69.30000,26,,,,
2025-12-11T18:30:34+07:00,5449,25.30000,25.90000,67.40000,69.30000,26,,,,
2025-12-11T18:35:38+07:00,5450,25.30000,25.90000,67.40000,69.30000,26,,,,
2025-12-11T18:40:42+07:00,5451,25.30000,25.90000,67.40000,69.30000,26,,,,
2025-12-11T18:45:46+07:00,5452,25.20000,25.90000,67.40000,69.30000,26,,,,
2025-12-11T18:50:50+07:00,5453,25.20000,25.80000,67.40000,69.40000,26,,,,
2025-12-11T18:55:54+07:00,5454,25.20000,25.80000,67.40000,69.40000,26,,,,
2025-12-11T19:01:19+07:00,5455,25.20000,25.80000,67.40000,69.40000,26,,,,
2025-12-11T19:06:21+07:00,5456,25.20000,25.80000,67.40000,69.50000,26,,,,
2025-12-11T19:11:25+07:00,5457,25.10000,25.70000,67.40000,69.50000,26,,,,
2025-12-11T19:16:29+07:00,5458,25.10000,25.70000,67.40000,69.50000,26,,,,
2025-12-11T19:22:00+07:00,5459,25.10000,25.70000,67.40000,69.50000,26,,,,
2025-12-11T19:27:02+07:00,5460,25.10000,25.70000,67.40000,69.50000,26,,,,
2025-12-11T19:32:06+07:00,5461,25.10000,25.60000,67.40000,69.60001,26,,,,
2025-12-11T19:37:11+07:00,5462,25.10000,25.60000,67.40000,69.60001,26,,,,
2025-12-11T19:42:14+07:00,5463,25.10000,25.60000,67.30000,69.60001,26,,,,
2025-12-11T19:52:29+07:00,5464,25.00000,25.60000,67.40000,69.70000,26,,,,
2025-12-11T19:57:32+07:00,5465,25.00000,25.50000,67.40000,69.70000,26,,,,
2025-12-11T20:02:36+07:00,5466,25.00000,25.50000,67.40000,69.70000,26,,,,
2025-12-11T20:07:41+07:00,5467,25.00000,25.50000,67.50000,69.70000,26,,,,
2025-12-11T20:12:45+07:00,5468,25.00000,25.50000,67.50000,69.80000,26,,,,
2025-12-11T20:17:49+07:00,5469,25.00000,25.50000,67.60000,69.80000,26,,,,
2025-12-11T20:22:52+07:00,5470,25.00000,25.50000,67.60000,69.80000,26,,,,
2025-12-11T20:27:56+07:00,5471,25.00000,25.50000,67.70000,69.90000,26,,,,
2025-12-11T20:33:00+07:00,5472,25.00000,25.50000,67.70000,69.90000,26,,,,
2025-12-11T20:38:05+07:00,5473,25.10000,25.50000,67.80000,69.90000,26,,,,
2025-12-11T20:43:09+07:00,5474,25.10000,25.50000,67.80000,70.00000,26,,,,
2025-12-11T20:48:13+07:00,5475,25.00000,25.40000,67.90000,70.00000,26,,,,
2025-12-11T20:53:17+07:00,5476,25.10000,25.40000,67.90000,70.10001,26,,,,
2025-12-11T20:58:20+07:00,5477,25.10000,25.50000,68.00000,70.10001,26,,,,
2025-12-11T21:03:24+07:00,5478,25.10000,25.40000,68.00000,70.10001,26,,,,
2025-12-11T21:08:28+07:00,5479,25.00000,25.40000,68.00000,70.10001,26,,,,
2025-12-11T21:21:46+07:00,5480,25.00000,25.40000,68.00000,70.20000,26,,,,
2025-12-11T21:26:49+07:00,5481,25.00000,25.40000,68.00000,70.20000,26,,,,
2025-12-11T21:31:55+07:00,5482,25.10000,25.40000,68.00000,70.20000,26,,,,
2025-12-11T21:36:59+07:00,5483,25.10000,25.40000,68.10000,70.30000,26,,,,
2025-12-11T21:42:02+07:00,5484,25.10000,25.40000,68.10000,70.30000,26,,,,
2025-12-11T21:47:05+07:00,5485,25.00000,25.40000,68.10000,70.40000,26,,,,
2025-12-11T21:52:09+07:00,5486,25.00000,25.40000,68.10000,70.40000,26,,,,
2025-12-11T21:57:15+07:00,5487,25.00000,25.40000,68.00000,70.40000,26,,,,
2025-12-11T22:02:20+07:00,5488,25.00000,25.40000,68.00000,70.40000,26,,,,
2025-12-11T22:07:24+07:00,5489,25.00000,25.40000,68.00000,70.40000,26,,,,
2025-12-11T22:12:28+07:00,5490,25.00000,25.40000,68.10000,70.40000,26,,,,
2025-12-11T22:17:32+07:00,5491,25.00000,25.40000,68.10000,70.40000,26,,,,
2025-12-11T22:22:35+07:00,5492,25.00000,25.30000,68.10000,70.50000,26,,,,
2025-12-11T22:27:39+07:00,5493,25.00000,25.30000,68.10000,70.50000,26,,,,
2025-12-11T22:32:43+07:00,5494,24.90000,25.30000,68.00000,70.50000,26,,,,
2025-12-11T22:37:47+07:00,5495,24.90000,25.30000,68.00000,70.40000,26,,,,
2025-12-11T22:42:51+07:00,5496,24.90000,25.30000,67.90000,70.30000,26,,,,
2025-12-11T22:47:54+07:00,5497,24.90000,25.20000,67.90000,70.30000,26,,,,
2025-12-11T22:52:58+07:00,5498,24.80000,25.20000,67.90000,70.30000,26,,,,
2025-12-11T22:58:02+07:00,5499,24.80000,25.20000,67.80000,70.20000,26,,,,
2025-12-11T23:03:06+07:00,5500,24.80000,25.20000,67.80000,70.20000,26,,,,
2025-12-11T23:08:09+07:00,5501,24.80000,25.20000,67.70000,70.20000,26,,,,
2025-12-11T23:13:14+07:00,5502,24.70000,25.10000,67.70000,70.10001,26,,,,
2025-12-11T23:18:18+07:00,5503,24.70000,25.10000,67.60000,70.10001,26,,,,
2025-12-11T23:23:22+07:00,5504,24.70000,25.10000,67.60000,70.10001,26,,,,
2025-12-11T23:28:25+07:00,5505,24.70000,25.00000,67.60000,70.00000,26,,,,
2025-12-11T23:33:30+07:00,5506,24.60000,25.00000,67.60000,70.00000,25,,,,
2025-12-11T23:38:34+07:00,5507,24.60000,25.00000,67.50000,70.00000,25,,,,
2025-12-11T23:43:37+07:00,5508,24.60000,25.00000,67.50000,69.90000,25,,,,
2025-12-11T23:48:41+07:00,5509,24.60000,24.90000,67.50000,69.90000,26,,,,
2025-12-11T23:53:45+07:00,5510,24.50000,24.90000,67.50000,69.90000,25,,,,
2025-12-11T23:58:50+07:00,5511,24.50000,24.90000,67.40000,69.80000,26,,,,
2025-12-12T00:03:53+07:00,5512,24.50000,24.90000,67.40000,69.80000,26,,,,
2025-12-12T00:08:57+07:00,5513,24.50000,24.80000,67.40000,69.80000,26,,,,
2025-12-12T00:14:01+07:00,5514,24.40000,24.80000,67.30000,69.70000,26,,,,
2025-12-12T00:19:06+07:00,5515,24.40000,24.80000,67.30000,69.70000,25,,,,
2025-12-12T00:24:09+07:00,5516,24.40000,24.80000,67.30000,69.70000,26,,,,
2025-12-12T00:29:13+07:00,5517,24.40000,24.70000,67.30000,69.60001,26,,,,
2025-12-12T00:34:17+07:00,5518,24.40000,24.70000,67.30000,69.70000,25,,,,
2025-12-12T00:39:21+07:00,5519,24.30000,24.70000,67.30000,69.60001,25,,,,
2025-12-12T00:44:25+07:00,5520,24.30000,24.60000,67.30000,69.60001,26,,,,
2025-12-12T00:49:28+07:00,5521,24.30000,24.60000,67.30000,69.60001,25,,,,
2025-12-12T00:54:33+07:00,5522,24.30000,24.60000,67.30000,69.60001,25,,,,
2025-12-12T00:59:37+07:00,5523,24.30000,24.60000,67.30000,69.50000,26,,,,
2025-12-12T01:04:40+07:00,5524,24.20000,24.60000,67.30000,69.60001,25,,,,
2025-12-12T01:09:44+07:00,5525,24.20000,24.60000,67.30000,69.50000,25,,,,
2025-12-12T01:14:48+07:00,5526,24.20000,24.50000,67.30000,69.50000,25,,,,
2025-12-12T01:19:52+07:00,5527,24.20000,24.50000,67.30000,69.50000,25,,,,
2025-12-12T01:24:56+07:00,5528,24.20000,24.50000,67.30000,69.40000,25,,,,
2025-12-12T01:29:59+07:00,5529,24.20000,24.50000,67.30000,69.50000,25,,,,
2025-12-12T01:35:04+07:00,5530,24.10000,24.50000,67.30000,69.50000,26,,,,
2025-12-12T01:40:06+07:00,5531,24.10000,24.40000,67.30000,69.40000,25,,,,
2025-12-12T01:45:10+07:00,5532,24.10000,24.40000,67.20000,69.40000,26,,,,
2025-12-12T01:50:14+07:00,5533,24.10000,24.40000,67.20000,69.40000,25,,,,
2025-12-12T01:55:18+07:00,5534,24.10000,24.40000,67.20000,69.40000,25,,,,
2025-12-12T02:00:22+07:00,5535,24.10000,24.40000,67.20000,69.40000,25,,,,
2025-12-12T02:05:26+07:00,5536,24.10000,24.40000,67.20000,69.40000,25,,,,
2025-12-12T02:10:30+07:00,5537,24.00000,24.30000,67.20000,69.40000,25,,,,
2025-12-12T02:15:34+07:00,5538,24.00000,24.30000,67.20000,69.40000,25,,,,
2025-12-12T02:20:38+07:00,5539,24.00000,24.30000,67.20000,69.40000,25,,,,
2025-12-12T02:25:42+07:00,5540,24.00000,24.30000,67.20000,69.30000,25,,,,
2025-12-12T02:30:45+07:00,5541,24.00000,24.30000,67.20000,69.30000,25,,,,
2025-12-12T02:35:49+07:00,5542,24.00000,24.20000,67.20000,69.30000,25,,,,
2025-12-12T02:40:53+07:00,5543,24.00000,24.20000,67.20000,69.30000,25,,,,
2025-12-12T02:45:57+07:00,5544,-0.40000,24.20000,0.00000,69.30000,25,,,,
2025-12-12T02:51:01+07:00,5545,23.90000,24.20000,67.10000,69.30000,25,,,,
2025-12-12T02:56:05+07:00,5546,23.90000,24.20000,67.10000,69.30000,25,,,,
2025-12-12T03:01:09+07:00,5547,23.90000,24.20000,67.10000,69.30000,25,,,,
2025-12-12T03:06:13+07:00,5548,23.90000,24.10000,67.10000,69.30000,26,,,,
2025-12-12T03:11:17+07:00,5549,23.90000,24.10000,67.10000,69.30000,25,,,,
2025-12-12T03:16:21+07:00,5550,23.90000,24.10000,67.10000,69.30000,25,,,,
2025-12-12T03:21:24+07:00,5551,23.90000,24.10000,67.10000,69.30000,25,,,,
2025-12-12T03:26:29+07:00,5552,23.90000,24.10000,67.10000,69.20000,25,,,,
2025-12-12T03:31:32+07:00,5553,23.90000,24.10000,67.10000,69.20000,25,,,,
2025-12-12T03:36:36+07:00,5554,23.80000,24.10000,67.00000,69.20000,25,,,,
2025-12-12T03:41:40+07:00,5555,23.80000,24.00000,67.00000,69.20000,25,,,,
2025-12-12T03:46:44+07:00,5556,23.80000,24.00000,67.00000,69.20000,25,,,,
2025-12-12T03:51:49+07:00,5557,23.80000,24.00000,67.00000,69.20000,25,,,,
2025-12-12T03:56:52+07:00,5558,23.80000,24.00000,67.00000,69.20000,25,,,,
2025-12-12T04:01:56+07:00,5559,23.70000,24.00000,67.00000,69.20000,25,,,,
2025-12-12T04:07:00+07:00,5560,23.70000,23.90000,67.00000,69.20000,25,,,,
2025-12-12T04:12:04+07:00,5561,23.70000,23.90000,67.00000,69.20000,25,,,,
2025-12-12T04:17:08+07:00,5562,23.70000,23.90000,67.00000,69.10001,25,,,,
2025-12-12T04:22:12+07:00,5563,23.70000,23.90000,67.00000,69.10001,25,,,,
2025-12-12T04:27:16+07:00,5564,23.70000,23.90000,67.00000,69.10001,25,,,,
2025-12-12T04:32:19+07:00,5565,23.70000,23.90000,67.00000,69.10001,25,,,,
2025-12-12T04:37:24+07:00,5566,23.70000,23.80000,67.00000,69.10001,25,,,,
2025-12-12T04:42:28+07:00,5567,23.60000,23.80000,67.00000,69.10001,25,,,,
2025-12-12T04:47:32+07:00,5568,23.60000,23.80000,66.90000,69.10001,25,,,,
2025-12-12T04:52:36+07:00,5569,23.60000,23.80000,66.90000,69.10001,25,,,,
2025-12-12T04:57:40+07:00,5570,23.60000,23.80000,66.90000,69.10001,25,,,,
2025-12-12T05:02:44+07:00,5571,23.60000,23.80000,66.90000,69.10001,25,,,,
2025-12-12T05:07:48+07:00,5572,23.60000,23.80000,66.90000,69.10001,25,,,,
2025-12-12T05:12:51+07:00,5573,23.60000,23.80000,66.90000,69.10001,25,,,,
2025-12-12T05:17:55+07:00,5574,23.60000,23.70000,66.90000,69.10001,25,,,,
2025-12-12T05:22:59+07:00,5575,23.60000,23.70000,66.90000,69.10001,25,,,,
2025-12-12T05:28:03+07:00,5576,23.60000,23.70000,66.90000,69.10001,25,,,,
2025-12-12T05:33:07+07:00,5577,23.60000,23.70000,66.90000,69.10001,25,,,,
2025-12-12T05:38:12+07:00,5578,23.60000,23.70000,66.90000,69.10001,25,,,,
2025-12-12T05:43:16+07:00,5579,23.60000,23.70000,66.80000,69.10001,25,,,,
2025-12-12T05:48:20+07:00,5580,23.50000,23.70000,66.90000,69.10001,25,,,,
2025-12-12T05:53:24+07:00,5581,23.50000,23.70000,66.80000,69.10001,25,,,,
2025-12-12T05:58:28+07:00,5582,23.50000,23.70000,66.80000,69.10001,25,,,,
2025-12-12T06:03:32+07:00,5583,23.50000,23.70000,66.80000,69.10001,25,,,,
2025-12-12T06:08:36+07:00,5584,23.50000,23.70000,66.80000,69.10001,25,,,,
2025-12-12T06:13:40+07:00,5585,23.50000,23.60000,66.80000,69.10001,25,,,,
2025-12-12T06:18:44+07:00,5586,23.50000,23.60000,66.90000,69.10001,25,,,,
2025-12-12T06:23:49+07:00,5587,23.50000,23.60000,66.90000,69.10001,25,,,,
2025-12-12T06:28:52+07:00,5588,23.50000,23.60000,66.80000,69.10001,25,,,,
2025-12-12T06:33:56+07:00,5589,23.50000,23.60000,66.90000,69.10001,25,,,,
2025-12-12T06:39:00+07:00,5590,23.50000,23.60000,66.80000,69.10001,25,,,,
2025-12-12T06:44:04+07:00,5591,23.50000,23.60000,66.80000,69.10001,25,,,,
2025-12-12T06:49:08+07:00,5592,23.50000,23.60000,66.90000,69.10001,25,,,,
2025-12-12T06:54:12+07:00,5593,23.50000,23.60000,66.90000,69.10001,25,,,,
2025-12-12T06:59:16+07:00,5594,23.50000,23.60000,66.80000,69.10001,25,,,,
2025-12-12T07:04:19+07:00,5595,23.50000,23.70000,66.80000,69.20000,25,,,,
2025-12-12T07:09:23+07:00,5596,23.50000,23.70000,66.90000,69.10001,25,,,,
2025-12-12T07:14:27+07:00,5597,23.50000,23.70000,66.80000,69.20000,25,,,,
2025-12-12T07:19:32+07:00,5598,23.50000,23.60000,66.90000,69.20000,25,,,,
2025-12-12T07:24:36+07:00,5599,23.60000,23.70000,66.90000,69.20000,25,,,,
2025-12-12T07:29:40+07:00,5600,23.60000,23.70000,66.90000,69.20000,25,,,,
2025-12-12T07:34:44+07:00,5601,23.60000,23.70000,66.90000,69.20000,25,,,,
2025-12-12T07:39:48+07:00,5602,23.60000,23.70000,67.00000,69.20000,25,,,,
2025-12-12T07:44:51+07:00,5603,23.60000,23.70000,67.00000,69.20000,25,,,,
2025-12-12T07:49:55+07:00,5604,23.60000,23.70000,67.00000,69.20000,25,,,,
2025-12-12T07:54:59+07:00,5605,23.60000,23.70000,67.00000,69.30000,25,,,,
2025-12-12T08:05:12+07:00,5606,23.70000,23.80000,67.10000,69.30000,25,,,,
2025-12-12T08:10:15+07:00,5607,23.70000,23.80000,67.10000,69.30000,25,,,,
2025-12-12T08:15:19+07:00,5608,23.70000,23.80000,67.10000,69.30000,25,,,,
2025-12-12T08:25:37+07:00,5609,23.70000,23.90000,67.10000,69.40000,25,,,,
2025-12-12T08:30:40+07:00,5610,23.80000,23.90000,67.20000,69.40000,25,,,,
2025-12-12T08:35:44+07:00,5611,23.80000,23.90000,67.20000,69.40000,25,,,,
2025-12-12T08:46:25+07:00,5612,23.80000,24.00000,67.30000,69.40000,25,,,,
2025-12-12T08:56:36+07:00,5613,23.90000,24.00000,67.40000,69.50000,25,,,,
2025-12-12T09:01:39+07:00,5614,23.90000,24.00000,67.40000,69.40000,25,,,,
2025-12-12T09:06:43+07:00,5615,23.90000,24.10000,67.50000,69.50000,25,,,,
2025-12-12T09:11:51+07:00,5616,24.00000,24.10000,67.50000,69.50000,25,,,,
2025-12-12T09:16:54+07:00,5617,24.00000,24.10000,67.60000,69.50000,25,,,,
2025-12-12T09:21:57+07:00,5618,24.10000,24.20000,67.70000,69.50000,25,,,,
2025-12-12T09:27:05+07:00,5619,24.10000,24.20000,67.70000,69.50000,25,,,,
2025-12-12T09:32:11+07:00,5620,24.10000,24.30000,67.80000,69.50000,25,,,,
2025-12-12T09:37:14+07:00,5621,24.20000,24.30000,67.90000,69.50000,25,,,,
2025-12-12T09:42:18+07:00,5622,24.20000,24.40000,67.90000,69.50000,25,,,,
2025-12-12T09:47:22+07:00,5623,24.30000,24.40000,68.00000,69.40000,25,,,,
2025-12-12T09:52:26+07:00,5624,24.30000,24.50000,68.10000,69.50000,25,,,,
2025-12-12T09:57:30+07:00,5625,24.30000,24.50000,68.10000,69.50000,25,,,,
2025-12-12T10:02:34+07:00,5626,24.40000,24.50000,68.20000,69.50000,25,,,,
2025-12-12T10:07:38+07:00,5627,24.40000,24.60000,68.30000,69.50000,25,,,,
2025-12-12T10:12:42+07:00,5628,24.50000,24.60000,68.40000,69.40000,25,,,,
2025-12-12T10:17:46+07:00,5629,24.50000,24.70000,68.50000,69.50000,25,,,,
2025-12-12T10:22:50+07:00,5630,24.60000,24.70000,68.60000,69.50000,25,,,,
2025-12-12T10:27:55+07:00,5631,24.60000,24.80000,68.60000,69.50000,25,,,,
2025-12-12T10:32:59+07:00,5632,24.70000,24.80000,68.70000,69.40000,25,,,,
2025-12-12T10:38:03+07:00,5633,24.70000,24.90000,68.80000,69.40000,25,,,,
2025-12-12T10:43:08+07:00,5634,24.80000,24.90000,68.90000,69.40000,25,,,,
2025-12-12T10:48:13+07:00,5635,24.80000,25.00000,69.00000,69.40000,25,,,,
2025-12-12T10:53:17+07:00,5636,24.90000,25.00000,69.10000,69.40000,25,,,,
2025-12-12T10:58:22+07:00,5637,24.90000,25.10000,69.20000,69.40000,25,,,,
2025-12-12T11:03:26+07:00,5638,24.90000,25.10000,69.30000,69.40000,25,,,,
2025-12-12T11:08:31+07:00,5639,25.00000,25.10000,69.30000,69.40000,25,,,,
2025-12-12T11:13:35+07:00,5640,25.00000,25.20000,69.40000,69.40000,25,,,,
2025-12-12T11:18:40+07:00,5641,25.10000,25.20000,69.40000,69.40000,25,,,,
2025-12-12T11:23:44+07:00,5642,25.10000,25.30000,69.50000,69.40000,25,,,,
2025-12-12T11:28:49+07:00,5643,25.20000,25.30000,69.60000,69.40000,25,,,,
2025-12-12T11:33:54+07:00,5644,25.20000,25.40000,69.60000,69.40000,25,,,,
2025-12-12T11:38:58+07:00,5645,25.30000,25.40000,69.70000,69.40000,25,,,,
2025-12-12T11:44:03+07:00,5646,25.30000,25.50000,69.70000,69.40000,25,,,,
2025-12-12T11:49:07+07:00,5647,25.30000,25.50000,69.80000,69.30000,25,,,,
2025-12-12T11:54:12+07:00,5648,25.30000,25.60000,69.80000,69.40000,25,,,,
2025-12-12T11:59:16+07:00,5649,25.40000,25.60000,69.90000,69.30000,25,,,,
2025-12-12T12:04:21+07:00,5650,25.40000,25.60000,70.00000,69.30000,25,,,,
2025-12-12T12:09:26+07:00,5651,25.40000,25.60000,70.00000,69.30000,25,,,,
2025-12-12T12:14:30+07:00,5652,25.40000,25.70000,70.00000,69.30000,25,,,,
2025-12-12T12:19:34+07:00,5653,25.40000,25.70000,70.10000,69.30000,25,,,,
2025-12-12T12:24:39+07:00,5654,25.50000,25.70000,70.10000,69.30000,25,,,,
2025-12-12T12:29:43+07:00,5655,25.50000,25.80000,70.10000,69.30000,25,,,,
2025-12-12T12:34:48+07:00,5656,25.50000,25.80000,70.20000,69.30000,25,,,,
2025-12-12T12:39:52+07:00,5657,25.50000,25.80000,70.20000,69.30000,25,,,,
2025-12-12T12:44:57+07:00,5658,25.60000,25.90000,70.30000,69.30000,25,,,,
2025-12-12T12:50:01+07:00,5659,25.60000,25.90000,70.30000,69.30000,25,,,,
2025-12-12T12:55:06+07:00,5660,25.60000,25.90000,70.30000,69.30000,25,,,,
2025-12-12T13:00:10+07:00,5661,25.60000,25.90000,70.30000,69.30000,25,,,,
2025-12-12T13:05:14+07:00,5662,25.60000,26.00000,70.40000,69.30000,25,,,,
2025-12-12T13:10:19+07:00,5663,25.70000,26.00000,70.40000,69.30000,25,,,,
2025-12-12T13:15:23+07:00,5664,25.70000,26.00000,70.50000,69.30000,25,,,,
2025-12-12T13:20:28+07:00,5665,25.70000,26.10000,70.50000,69.30000,25,,,,
2025-12-12T13:25:32+07:00,5666,25.70000,26.10000,70.50000,69.30000,25,,,,
2025-12-12T13:30:36+07:00,5667,25.80000,26.10000,70.60000,69.30000,25,,,,
2025-12-12T13:35:40+07:00,5668,25.80000,26.10000,70.60000,69.30000,25,,,,
2025-12-12T13:40:44+07:00,5669,25.80000,26.20000,70.60000,69.30000,25,,,,
2025-12-12T13:45:57+07:00,5670,25.80000,26.20000,70.60000,69.30000,25,,,,
2025-12-12T13:51:00+07:00,5671,25.80000,26.20000,70.70000,69.30000,25,,,,
2025-12-12T13:56:05+07:00,5672,25.90000,26.30000,70.70000,69.30000,25,,,,
2025-12-12T14:01:09+07:00,5673,25.90000,26.30000,70.80000,69.30000,25,,,,
2025-12-12T14:06:14+07:00,5674,25.90000,26.30000,70.80000,69.40000,25,,,,
2025-12-12T14:11:17+07:00,5675,26.00000,26.30000,70.80000,69.30000,25,,,,
2025-12-12T14:16:21+07:00,5676,26.00000,26.40000,70.90000,69.30000,25,,,,
2025-12-12T14:21:25+07:00,5677,26.00000,26.40000,70.90000,69.30000,25,,,,
2025-12-12T14:26:29+07:00,5678,26.00000,26.40000,70.90000,69.30000,25,,,,
2025-12-12T14:31:42+07:00,5679,26.10000,26.40000,70.90000,69.30000,25,,,,
2025-12-12T14:36:45+07:00,5680,26.10000,26.50000,70.90000,69.30000,25,,,,
2025-12-12T14:41:50+07:00,5681,26.10000,26.50000,70.80000,69.30000,25,,,,
2025-12-12T14:46:53+07:00,5682,26.10000,26.50000,70.80000,69.30000,25,,,,
2025-12-12T14:51:57+07:00,5683,26.10000,26.50000,70.80000,69.30000,25,,,,
2025-12-12T14:57:01+07:00,5684,26.10000,26.50000,70.80000,69.30000,25,,,,
2025-12-12T15:02:21+07:00,5685,26.10000,26.50000,70.70000,69.30000,25,,,,
2025-12-12T15:07:24+07:00,5686,26.10000,26.50000,70.70000,69.30000,25,,,,
2025-12-12T15:12:28+07:00,5687,26.10000,26.60000,70.60000,69.30000,24,,,,
2025-12-12T15:17:32+07:00,5688,26.10000,26.50000,70.60000,69.30000,25,,,,
2025-12-12T15:22:39+07:00,5689,26.10000,26.50000,70.50000,69.30000,25,,,,
2025-12-12T15:27:44+07:00,5690,26.10000,26.50000,70.50000,69.30000,24,,,,
2025-12-12T15:32:48+07:00,5691,26.00000,26.50000,70.40000,69.30000,24,,,,
2025-12-12T15:37:52+07:00,5692,26.00000,26.50000,70.30000,69.30000,24,,,,
2025-12-12T15:42:56+07:00,5693,26.00000,26.50000,70.20000,69.30000,25,,,,
2025-12-12T15:48:01+07:00,5694,25.90000,26.50000,70.20000,69.30000,24,,,,
2025-12-12T15:53:05+07:00,5695,25.90000,26.50000,70.10000,69.30000,25,,,,
2025-12-12T15:58:09+07:00,5696,25.90000,26.40000,70.10000,69.30000,24,,,,
2025-12-12T16:03:13+07:00,5697,25.90000,26.40000,70.00000,69.30000,24,,,,
2025-12-12T16:08:18+07:00,5698,25.80000,26.40000,70.00000,69.40000,24,,,,
2025-12-12T16:13:22+07:00,5699,25.80000,26.40000,69.90000,69.40000,24,,,,
2025-12-12T16:18:26+07:00,5700,25.80000,26.30000,69.90000,69.40000,24,,,,
2025-12-12T16:23:30+07:00,5701,25.80000,26.30000,69.80000,69.40000,24,,,,
2025-12-12T16:28:34+07:00,5702,25.70000,26.30000,69.70000,69.40000,24,,,,
2025-12-12T16:33:39+07:00,5703,25.70000,26.30000,69.70000,69.40000,25,,,,
2025-12-12T16:38:43+07:00,5704,25.70000,26.20000,69.70000,69.40000,24,,,,
2025-12-12T16:43:47+07:00,5705,25.60000,26.20000,69.60000,69.40000,25,,,,
2025-12-12T16:48:52+07:00,5706,25.60000,26.20000,69.60000,69.40000,24,,,,
2025-12-12T16:53:56+07:00,5707,25.60000,26.20000,69.50000,69.40000,25,,,,
2025-12-12T16:59:00+07:00,5708,25.60000,26.20000,69.50000,69.40000,24,,,,
2025-12-12T17:04:04+07:00,5709,25.60000,26.10000,69.40000,69.50000,24,,,,
2025-12-12T17:09:08+07:00,5710,25.60000,26.10000,69.40000,69.50000,24,,,,
2025-12-12T17:14:12+07:00,5711,25.60000,26.10000,69.40000,69.50000,24,,,,
2025-12-12T17:19:16+07:00,5712,25.50000,26.10000,69.30000,69.50000,24,,,,
2025-12-12T17:24:21+07:00,5713,25.50000,26.10000,69.30000,69.50000,24,,,,
2025-12-12T17:29:25+07:00,5714,25.50000,26.10000,69.30000,69.50000,24,,,,
2025-12-12T17:34:30+07:00,5715,25.50000,26.10000,69.30000,69.50000,24,,,,
2025-12-12T17:39:34+07:00,5716,25.50000,26.10000,69.30000,69.50000,24,,,,
2025-12-12T17:44:38+07:00,5717,25.50000,26.10000,69.30000,69.50000,24,,,,
2025-12-12T17:49:41+07:00,5718,25.50000,26.00000,69.20000,69.50000,24,,,,
2025-12-12T17:54:46+07:00,5719,25.50000,26.00000,69.20000,69.50000,24,,,,
2025-12-12T17:59:50+07:00,5720,25.50000,26.00000,69.10000,69.50000,24,,,,
2025-12-12T18:04:59+07:00,5721,25.50000,26.00000,69.10000,69.50000,24,,,,
2025-12-12T18:15:09+07:00,5722,25.50000,26.00000,69.00000,69.60001,24,,,,
2025-12-12T18:20:13+07:00,5723,25.50000,26.00000,69.00000,69.60001,24,,,,
2025-12-12T18:25:18+07:00,5724,25.50000,26.00000,68.90000,69.60001,24,,,,
2025-12-12T18:30:21+07:00,5725,25.50000,26.00000,68.90000,69.70000,24,,,,
2025-12-12T18:40:56+07:00,5726,25.40000,25.90000,68.80000,69.80000,24,,,,
2025-12-12T18:46:13+07:00,5727,25.40000,25.90000,68.80000,69.90000,24,,,,
2025-12-12T18:51:17+07:00,5728,25.40000,25.90000,68.80000,69.80000,24,,,,
2025-12-12T19:06:46+07:00,5729,25.40000,25.90000,68.80000,70.00000,24,,,,
2025-12-12T19:11:50+07:00,5730,25.40000,25.90000,68.90000,70.10001,24,,,,
2025-12-12T19:16:54+07:00,5731,25.40000,25.80000,68.90000,70.20000,24,,,,
2025-12-12T19:21:58+07:00,5732,25.40000,25.80000,69.00000,70.30000,24,,,,
2025-12-12T19:27:11+07:00,5733,25.40000,25.80000,69.00000,70.40000,24,,,,
2025-12-12T19:32:14+07:00,5734,25.40000,25.80000,69.10000,70.50000,24,,,,
2025-12-12T19:37:18+07:00,5735,25.40000,25.80000,69.10000,70.60001,24,,,,
2025-12-12T19:42:22+07:00,5736,25.40000,25.80000,69.10000,70.60001,24,,,,
2025-12-12T19:47:26+07:00,5737,25.40000,25.80000,69.00000,70.50000,24,,,,
2025-12-12T19:52:31+07:00,5738,25.40000,25.80000,68.90000,70.50000,24,,,,
2025-12-12T19:57:35+07:00,5739,25.30000,25.70000,68.90000,70.50000,24,,,,
2025-12-12T20:02:40+07:00,5740,25.30000,25.70000,68.80000,70.40000,24,,,,
2025-12-12T20:07:44+07:00,5741,25.20000,25.70000,68.70000,70.40000,24,,,,
2025-12-12T20:12:49+07:00,5742,25.20000,25.70000,68.70000,70.30000,24,,,,
2025-12-12T20:17:53+07:00,5743,25.20000,25.60000,68.60000,70.30000,24,,,,
2025-12-12T20:22:57+07:00,5744,25.10000,25.60000,68.60000,70.20000,24,,,,
2025-12-12T20:28:03+07:00,5745,25.10000,25.60000,68.50000,70.20000,24,,,,
2025-12-12T20:33:07+07:00,5746,25.10000,25.60000,68.50000,70.10001,24,,,,
2025-12-12T20:38:12+07:00,5747,25.10000,25.50000,68.40000,70.10001,24,,,,
2025-12-12T20:43:16+07:00,5748,25.00000,25.50000,68.40000,70.10001,24,,,,
2025-12-12T20:48:20+07:00,5749,25.00000,25.50000,68.40000,70.00000,24,,,,
2025-12-12T20:53:24+07:00,5750,25.00000,25.40000,68.30000,70.00000,24,,,,
2025-12-12T20:58:28+07:00,5751,24.90000,25.40000,68.30000,70.00000,24,,,,
2025-12-12T21:03:33+07:00,5752,24.90000,25.40000,68.30000,69.90000,24,,,,
2025-12-12T21:08:37+07:00,5753,24.90000,25.30000,68.20000,69.90000,24,,,,
2025-12-12T21:13:41+07:00,5754,24.90000,25.30000,68.20000,69.90000,24,,,,
2025-12-12T21:18:46+07:00,5755,24.80000,25.30000,68.20000,69.80000,24,,,,
2025-12-12T21:23:50+07:00,5756,24.80000,25.30000,68.10000,69.80000,24,,,,
2025-12-12T21:28:54+07:00,5757,24.80000,25.20000,68.10000,69.80000,24,,,,
2025-12-12T21:33:59+07:00,5758,24.80000,25.20000,68.10000,69.70000,24,,,,
2025-12-12T21:39:03+07:00,5759,24.80000,25.20000,68.00000,69.70000,24,,,,
2025-12-12T21:44:07+07:00,5760,24.70000,25.20000,68.00000,69.70000,24,,,,
2025-12-12T21:49:11+07:00,5761,24.70000,25.10000,68.00000,69.70000,24,,,,
2025-12-12T21:54:15+07:00,5762,24.70000,25.10000,68.00000,69.70000,24,,,,
2025-12-12T21:59:20+07:00,5763,24.70000,25.10000,68.00000,69.70000,24,,,,
2025-12-12T22:04:24+07:00,5764,24.70000,25.10000,68.00000,69.60001,24,,,,
2025-12-12T22:09:28+07:00,5765,24.60000,25.10000,67.90000,69.60001,24,,,,
2025-12-12T22:14:32+07:00,5766,24.60000,25.00000,67.90000,69.60001,24,,,,
2025-12-12T22:19:36+07:00,5767,24.60000,25.00000,67.90000,69.50000,24,,,,
2025-12-12T22:24:40+07:00,5768,24.60000,25.00000,67.90000,69.50000,24,,,,
2025-12-12T22:29:44+07:00,5769,24.60000,25.00000,67.90000,69.50000,24,,,,
2025-12-12T22:34:49+07:00,5770,24.50000,24.90000,67.80000,69.50000,24,,,,
2025-12-12T22:39:53+07:00,5771,24.50000,24.90000,67.80000,69.50000,24,,,,
2025-12-12T22:44:58+07:00,5772,24.50000,24.90000,67.80000,69.50000,24,,,,
2025-12-12T22:50:02+07:00,5773,24.50000,24.90000,67.80000,69.40000,24,,,,
2025-12-12T22:55:06+07:00,5774,24.50000,24.80000,67.80000,69.40000,24,,,,
2025-12-12T23:00:10+07:00,5775,24.40000,24.80000,67.80000,69.40000,24,,,,
2025-12-12T23:05:14+07:00,5776,24.40000,24.80000,67.70000,69.30000,24,,,,
2025-12-12T23:10:18+07:00,5777,24.40000,24.80000,67.70000,69.40000,24,,,,
2025-12-12T23:15:23+07:00,5778,24.40000,24.80000,67.70000,69.30000,24,,,,
2025-12-12T23:20:27+07:00,5779,24.40000,24.70000,67.70000,69.30000,24,,,,
2025-12-12T23:25:31+07:00,5780,24.40000,24.70000,67.60000,69.30000,24,,,,
2025-12-12T23:30:35+07:00,5781,24.30000,24.70000,67.70000,69.30000,24,,,,
2025-12-12T23:35:39+07:00,5782,24.30000,24.70000,67.70000,69.20000,24,,,,
2025-12-12T23:40:43+07:00,5783,24.30000,24.70000,67.70000,69.30000,24,,,,
2025-12-12T23:45:47+07:00,5784,24.30000,24.60000,67.60000,69.30000,24,,,,
2025-12-12T23:50:52+07:00,5785,24.30000,24.60000,67.60000,69.30000,24,,,,
2025-12-12T23:55:56+07:00,5786,24.30000,24.60000,67.70000,69.20000,24,,,,
2025-12-13T00:01:00+07:00,5787,24.30000,24.60000,67.70000,69.20000,24,,,,
2025-12-13T00:06:05+07:00,5788,24.20000,24.60000,67.60000,69.20000,24,,,,
2025-12-13T00:11:09+07:00,5789,24.20000,24.60000,67.60000,69.20000,24,,,,
2025-12-13T00:16:13+07:00,5790,24.20000,24.50000,67.70000,69.20000,24,,,,
2025-12-13T00:21:17+07:00,5791,24.20000,24.50000,67.60000,69.20000,24,,,,
2025-12-13T00:26:21+07:00,5792,24.20000,24.50000,67.60000,69.10001,24,,,,
2025-12-13T00:31:26+07:00,5793,24.20000,24.50000,67.60000,69.10001,24,,,,
2025-12-13T00:36:30+07:00,5794,24.20000,24.50000,67.60000,69.10001,24,,,,
2025-12-13T00:41:34+07:00,5795,24.10000,24.40000,67.50000,69.10001,24,,,,
2025-12-13T00:46:38+07:00,5796,24.10000,24.40000,67.50000,69.00000,24,,,,
2025-12-13T00:51:42+07:00,5797,24.10000,24.40000,67.50000,69.00000,24,,,,
2025-12-13T00:56:47+07:00,5798,24.10000,24.40000,67.50000,69.00000,24,,,,
2025-12-13T01:01:51+07:00,5799,24.10000,24.30000,67.50000,69.00000,24,,,,
2025-12-13T01:06:55+07:00,5800,24.00000,24.30000,67.50000,69.00000,24,,,,
2025-12-13T01:11:59+07:00,5801,24.00000,24.30000,67.50000,69.00000,24,,,,
2025-12-13T01:17:03+07:00,5802,24.00000,24.30000,67.50000,69.00000,24,,,,
2025-12-13T01:22:08+07:00,5803,24.00000,24.30000,67.40000,68.90000,24,,,,
2025-12-13T01:27:12+07:00,5804,23.90000,24.20000,67.40000,68.90000,24,,,,
2025-12-13T01:32:16+07:00,5805,23.90000,24.20000,67.40000,68.90000,24,,,,
2025-12-13T01:37:21+07:00,5806,23.90000,24.20000,67.40000,68.80000,24,,,,
2025-12-13T01:42:24+07:00,5807,23.90000,24.10000,67.40000,68.90000,24,,,,
2025-12-13T01:47:29+07:00,5808,23.90000,24.10000,67.30000,68.90000,24,,,,
2025-12-13T01:52:33+07:00,5809,23.80000,24.10000,67.30000,68.80000,24,,,,
2025-12-13T01:57:37+07:00,5810,23.80000,24.10000,67.30000,68.80000,24,,,,
2025-12-13T02:02:41+07:00,5811,23.80000,24.10000,67.30000,68.80000,24,,,,
2025-12-13T02:07:46+07:00,5812,23.80000,24.00000,67.30000,68.80000,24,,,,
2025-12-13T02:12:50+07:00,5813,23.70000,24.00000,67.20000,68.70000,24,,,,
2025-12-13T02:17:54+07:00,5814,23.70000,24.00000,67.30000,68.70000,24,,,,
2025-12-13T02:22:58+07:00,5815,23.70000,24.00000,67.20000,68.70000,24,,,,
2025-12-13T02:28:02+07:00,5816,23.70000,23.90000,67.20000,68.70000,24,,,,
2025-12-13T02:33:07+07:00,5817,23.70000,23.90000,67.20000,68.70000,23,,,,
2025-12-13T02:38:11+07:00,5818,23.70000,23.90000,67.20000,68.70000,24,,,,
2025-12-13T02:43:15+07:00,5819,23.60000,23.90000,67.20000,68.70000,23,,,,
2025-12-13T02:48:19+07:00,5820,23.60000,23.80000,67.20000,68.70000,23,,,,
2025-12-13T02:53:24+07:00,5821,23.60000,23.80000,67.20000,68.70000,23,,,,
2025-12-13T02:58:28+07:00,5822,23.60000,23.80000,67.10000,68.70000,24,,,,
2025-12-13T03:03:32+07:00,5823,23.60000,23.80000,67.10000,68.70000,24,,,,
2025-12-13T03:08:36+07:00,5824,23.60000,23.80000,67.10000,68.60001,23,,,,
2025-12-13T03:13:41+07:00,5825,23.60000,23.80000,67.10000,68.60001,24,,,,
2025-12-13T03:18:45+07:00,5826,23.50000,23.70000,67.10000,68.60001,23,,,,
2025-12-13T03:23:49+07:00,5827,23.60000,23.70000,67.10000,68.70000,23,,,,
2025-12-13T03:28:53+07:00,5828,23.50000,23.70000,67.10000,68.60001,23,,,,
2025-12-13T03:33:57+07:00,5829,23.50000,23.70000,67.10000,68.60001,24,,,,
2025-12-13T03:39:01+07:00,5830,23.50000,23.70000,67.10000,68.60001,23,,,,
2025-12-13T03:44:05+07:00,5831,23.50000,23.70000,67.10000,68.60001,24,,,,
2025-12-13T03:49:10+07:00,5832,23.50000,23.60000,67.10000,68.60001,23,,,,
2025-12-13T03:54:14+07:00,5833,23.50000,23.60000,67.10000,68.60001,24,,,,
2025-12-13T03:59:18+07:00,5834,23.50000,23.60000,67.10000,68.60001,23,,,,
2025-12-13T04:04:22+07:00,5835,23.50000,23.60000,67.10000,68.60001,23,,,,
2025-12-13T04:09:27+07:00,5836,23.40000,23.60000,67.00000,68.60001,24,,,,
2025-12-13T04:14:31+07:00,5837,23.40000,23.50000,67.00000,68.60001,23,,,,
2025-12-13T04:19:35+07:00,5838,23.40000,23.50000,67.00000,68.60001,23,,,,
2025-12-13T04:24:39+07:00,5839,23.40000,23.50000,67.00000,68.60001,23,,,,
2025-12-13T04:29:44+07:00,5840,23.40000,23.50000,67.10000,68.60001,23,,,,
2025-12-13T04:34:48+07:00,5841,23.40000,23.50000,67.00000,68.60001,23,,,,
2025-12-13T04:39:52+07:00,5842,23.40000,23.50000,67.00000,68.60001,23,,,,
2025-12-13T04:44:56+07:00,5843,23.40000,23.50000,67.00000,68.60001,23,,,,
2025-12-13T04:50:01+07:00,5844,23.40000,23.50000,67.00000,68.60001,23,,,,
2025-12-13T04:55:05+07:00,5845,23.40000,23.50000,67.00000,68.60001,23,,,,
2025-12-13T05:00:09+07:00,5846,23.40000,23.50000,67.00000,68.60001,23,,,,
2025-12-13T05:05:14+07:00,5847,23.30000,23.40000,66.90000,68.60001,23,,,,
2025-12-13T05:10:18+07:00,5848,23.30000,23.40000,66.90000,68.60001,23,,,,
2025-12-13T05:15:22+07:00,5849,23.30000,23.40000,66.90000,68.50000,23,,,,
2025-12-13T05:20:26+07:00,5850,23.30000,23.40000,66.90000,68.50000,23,,,,
2025-12-13T05:25:30+07:00,5851,23.30000,23.40000,66.90000,68.50000,23,,,,
2025-12-13T05:30:34+07:00,5852,23.30000,23.40000,66.90000,68.50000,23,,,,
2025-12-13T05:35:38+07:00,5853,23.30000,23.30000,66.90000,68.50000,23,,,,
2025-12-13T05:40:43+07:00,5854,23.30000,23.30000,66.90000,68.50000,23,,,,
2025-12-13T05:45:46+07:00,5855,23.20000,23.30000,66.90000,68.50000,23,,,,
2025-12-13T05:50:51+07:00,5856,23.20000,23.30000,66.90000,68.50000,23,,,,
2025-12-13T05:55:55+07:00,5857,23.20000,23.30000,66.90000,68.50000,23,,,,
2025-12-13T06:00:59+07:00,5858,23.20000,23.30000,66.90000,68.40000,23,,,,
2025-12-13T06:06:03+07:00,5859,23.20000,23.30000,66.90000,68.50000,24,,,,
2025-12-13T06:11:07+07:00,5860,23.20000,23.30000,66.90000,68.50000,23,,,,
2025-12-13T06:16:12+07:00,5861,23.20000,23.20000,66.80000,68.50000,23,,,,
2025-12-13T06:21:16+07:00,5862,23.20000,23.20000,66.80000,68.50000,23,,,,
2025-12-13T06:26:20+07:00,5863,23.20000,23.20000,66.80000,68.50000,23,,,,
2025-12-13T06:31:24+07:00,5864,23.20000,23.20000,66.90000,68.50000,23,,,,
2025-12-13T06:36:28+07:00,5865,23.20000,23.20000,66.80000,68.60001,23,,,,
2025-12-13T06:41:33+07:00,5866,23.20000,23.20000,66.90000,68.60001,23,,,,
2025-12-13T06:46:37+07:00,5867,23.20000,23.20000,66.90000,68.60001,23,,,,
2025-12-13T06:51:41+07:00,5868,23.20000,23.20000,66.90000,68.60001,23,,,,
2025-12-13T06:56:46+07:00,5869,23.20000,23.20000,66.90000,68.60001,23,,,,
2025-12-13T07:01:50+07:00,5870,23.20000,23.20000,66.80000,68.70000,23,,,,
2025-12-13T07:06:54+07:00,5871,23.20000,23.20000,66.80000,68.70000,23,,,,
2025-12-13T07:11:58+07:00,5872,23.20000,23.30000,66.80000,68.70000,23,,,,
2025-12-13T07:17:02+07:00,5873,23.20000,23.30000,66.90000,68.70000,23,,,,
2025-12-13T07:22:06+07:00,5874,23.20000,23.30000,66.90000,68.70000,23,,,,
2025-12-13T07:27:10+07:00,5875,23.30000,23.30000,66.90000,68.70000,23,,,,
2025-12-13T07:32:15+07:00,5876,23.30000,23.30000,66.90000,68.70000,23,,,,
2025-12-13T07:37:19+07:00,5877,23.30000,23.30000,66.90000,68.80000,23,,,,
2025-12-13T07:42:23+07:00,5878,23.30000,23.30000,66.90000,68.80000,23,,,,
2025-12-13T07:47:27+07:00,5879,23.30000,23.40000,66.90000,68.80000,23,,,,
2025-12-13T07:52:31+07:00,5880,23.30000,23.40000,66.90000,68.80000,23,,,,
2025-12-13T07:57:35+07:00,5881,23.40000,23.40000,66.90000,68.90000,23,,,,
2025-12-13T08:02:39+07:00,5882,23.40000,23.40000,67.00000,68.90000,23,,,,
2025-12-13T08:07:43+07:00,5883,23.40000,23.40000,67.00000,68.90000,23,,,,
2025-12-13T08:12:48+07:00,5884,23.40000,23.50000,67.00000,68.90000,23,,,,
2025-12-13T08:17:52+07:00,5885,23.40000,23.50000,67.00000,68.90000,23,,,,
2025-12-13T08:22:56+07:00,5886,23.40000,23.50000,67.00000,68.90000,23,,,,
2025-12-13T08:28:00+07:00,5887,23.50000,23.50000,67.10000,68.90000,23,,,,
2025-12-13T08:33:04+07:00,5888,23.50000,23.60000,67.10000,69.00000,23,,,,
2025-12-13T08:38:08+07:00,5889,23.50000,23.60000,67.10000,69.00000,23,,,,
2025-12-13T08:43:13+07:00,5890,23.50000,23.60000,67.20000,69.00000,23,,,,
2025-12-13T08:48:17+07:00,5891,23.50000,23.60000,67.20000,69.00000,23,,,,
2025-12-13T08:53:21+07:00,5892,23.60000,23.70000,67.30000,69.00000,23,,,,
2025-12-13T08:58:25+07:00,5893,23.60000,23.70000,67.30000,69.00000,23,,,,
2025-12-13T09:03:29+07:00,5894,23.70000,23.70000,67.40000,69.10001,23,,,,
2025-12-13T09:08:33+07:00,5895,23.70000,23.80000,67.40000,69.00000,23,,,,
2025-12-13T09:13:38+07:00,5896,23.80000,23.80000,67.40000,69.00000,23,,,,
2025-12-13T09:18:42+07:00,5897,23.80000,23.90000,67.50000,69.00000,23,,,,
2025-12-13T09:23:46+07:00,5898,23.80000,23.90000,67.60000,69.00000,23,,,,
2025-12-13T09:28:50+07:00,5899,23.90000,23.90000,67.60000,69.00000,23,,,,
2025-12-13T09:33:55+07:00,5900,23.90000,24.00000,67.70000,69.00000,23,,,,
2025-12-13T09:38:59+07:00,5901,23.90000,24.00000,67.70000,69.00000,23,,,,
2025-12-13T09:44:03+07:00,5902,24.00000,24.00000,67.70000,69.00000,23,,,,
2025-12-13T09:49:07+07:00,5903,24.00000,24.10000,67.80000,69.00000,23,,,,
2025-12-13T09:54:11+07:00,5904,24.00000,24.10000,67.80000,69.00000,23,,,,
2025-12-13T09:59:16+07:00,5905,24.10000,24.20000,67.90000,69.00000,23,,,,
2025-12-13T10:04:20+07:00,5906,24.10000,24.20000,67.90000,69.00000,23,,,,
2025-12-13T10:09:24+07:00,5907,24.10000,24.20000,68.00000,69.00000,23,,,,
2025-12-13T10:14:28+07:00,5908,24.20000,24.30000,68.00000,69.00000,23,,,,
2025-12-13T10:19:33+07:00,5909,24.20000,24.30000,68.10000,69.00000,23,,,,
2025-12-13T10:24:37+07:00,5910,24.20000,24.30000,68.10000,69.00000,23,,,,
2025-12-13T10:29:41+07:00,5911,24.20000,24.40000,68.20000,69.00000,23,,,,
2025-12-13T10:34:45+07:00,5912,24.30000,24.40000,68.20000,69.00000,23,,,,
2025-12-13T10:39:50+07:00,5913,24.30000,24.40000,68.20000,69.00000,23,,,,
2025-12-13T10:44:54+07:00,5914,24.30000,24.50000,68.20000,69.00000,23,,,,
2025-12-13T10:49:58+07:00,5915,24.30000,24.50000,68.30000,69.00000,23,,,,
2025-12-13T10:55:02+07:00,5916,24.40000,24.50000,68.30000,69.00000,23,,,,
2025-12-13T11:00:06+07:00,5917,24.40000,24.50000,68.30000,68.90000,23,,,,
2025-12-13T11:05:11+07:00,5918,24.40000,24.60000,68.30000,69.00000,23,,,,
2025-12-13T11:10:15+07:00,5919,24.40000,24.60000,68.30000,69.00000,23,,,,
2025-12-13T11:15:20+07:00,5920,24.40000,24.60000,68.30000,68.90000,23,,,,
2025-12-13T11:20:24+07:00,5921,24.40000,24.60000,68.40000,69.00000,23,,,,
2025-12-13T11:25:28+07:00,5922,24.40000,24.60000,68.40000,69.00000,23,,,,
2025-12-13T11:30:32+07:00,5923,24.40000,24.60000,68.30000,68.90000,23,,,,
2025-12-13T11:35:36+07:00,5924,24.50000,24.70000,68.30000,69.00000,23,,,,
2025-12-13T11:40:40+07:00,5925,24.40000,24.70000,68.30000,69.00000,23,,,,
2025-12-13T11:45:44+07:00,5926,24.40000,24.70000,68.30000,69.00000,23,,,,
2025-12-13T11:50:48+07:00,5927,24.50000,24.70000,68.30000,68.90000,23,,,,
2025-12-13T11:55:52+07:00,5928,24.50000,24.70000,68.30000,69.00000,23,,,,
2025-12-13T12:00:57+07:00,5929,24.50000,24.70000,68.30000,69.00000,23,,,,
2025-12-13T12:06:01+07:00,5930,24.50000,24.70000,68.30000,69.00000,23,,,,
2025-12-13T12:11:05+07:00,5931,24.50000,24.70000,68.30000,69.00000,23,,,,
2025-12-13T12:16:10+07:00,5932,24.50000,24.70000,68.30000,69.00000,23,,,,
2025-12-13T12:21:14+07:00,5933,24.50000,24.80000,68.30000,69.00000,23,,,,
2025-12-13T12:26:19+07:00,5934,24.50000,24.70000,68.30000,69.00000,23,,,,
2025-12-13T12:31:23+07:00,5935,24.50000,24.80000,68.30000,69.00000,23,,,,
2025-12-13T12:36:28+07:00,5936,24.50000,24.80000,68.30000,69.00000,23,,,,
2025-12-13T12:41:34+07:00,5937,24.50000,24.80000,68.30000,69.00000,23,,,,
2025-12-13T12:46:38+07:00,5938,24.50000,24.80000,68.30000,69.00000,23,,,,
2025-12-13T12:51:42+07:00,5939,24.60000,24.80000,68.30000,69.00000,23,,,,
2025-12-13T12:56:46+07:00,5940,24.60000,24.80000,68.30000,69.00000,23,,,,
2025-12-13T13:01:50+07:00,5941,24.60000,24.90000,68.40000,69.00000,23,,,,
2025-12-13T13:06:54+07:00,5942,24.60000,24.80000,68.40000,69.00000,23,,,,
2025-12-13T13:11:58+07:00,5943,24.60000,24.90000,68.40000,69.10001,23,,,,
2025-12-13T13:17:03+07:00,5944,24.60000,24.90000,68.40000,69.00000,23,,,,
2025-12-13T13:22:07+07:00,5945,24.60000,24.90000,68.50000,69.00000,23,,,,
2025-12-13T13:27:11+07:00,5946,24.60000,24.90000,68.50000,69.10001,23,,,,
2025-12-13T13:32:15+07:00,5947,24.60000,24.90000,68.50000,69.10001,23,,,,
2025-12-13T13:37:20+07:00,5948,24.70000,24.90000,68.50000,69.10001,23,,,,
2025-12-13T13:42:24+07:00,5949,24.70000,25.00000,68.60000,69.10001,23,,,,
2025-12-13T13:47:29+07:00,5950,24.70000,25.00000,68.60000,69.10001,23,,,,
2025-12-13T13:52:33+07:00,5951,24.70000,25.00000,68.70000,69.10001,23,,,,
2025-12-13T13:57:37+07:00,5952,24.80000,25.00000,68.70000,69.10001,23,,,,
2025-12-13T14:02:41+07:00,5953,24.80000,25.10000,68.80000,69.10001,23,,,,
2025-12-13T14:07:45+07:00,5954,24.80000,25.10000,68.80000,69.00000,23,,,,
2025-12-13T14:12:49+07:00,5955,24.90000,25.10000,68.90000,69.00000,23,,,,
2025-12-13T14:17:53+07:00,5956,24.90000,25.20000,68.90000,69.10001,23,,,,
2025-12-13T14:22:58+07:00,5957,24.90000,25.20000,68.80000,69.10001,23,,,,
2025-12-13T14:28:02+07:00,5958,24.90000,25.20000,68.80000,69.10001,23,,,,
2025-12-13T14:33:06+07:00,5959,24.90000,25.20000,68.80000,69.00000,23,,,,
2025-12-13T14:38:10+07:00,5960,25.00000,25.20000,68.80000,69.00000,23,,,,
2025-12-13T14:43:14+07:00,5961,25.00000,25.30000,68.80000,69.00000,23,,,,
2025-12-13T14:48:18+07:00,5962,24.90000,25.30000,68.80000,69.00000,23,,,,
2025-12-13T14:53:23+07:00,5963,25.00000,25.30000,68.80000,69.00000,23,,,,
2025-12-13T14:58:27+07:00,5964,25.00000,25.30000,68.80000,69.00000,23,,,,
2025-12-13T15:03:31+07:00,5965,25.00000,25.30000,68.80000,69.00000,23,,,,
2025-12-13T15:08:35+07:00,5966,25.00000,25.30000,68.80000,69.00000,23,,,,
2025-12-13T15:13:39+07:00,5967,25.00000,25.30000,68.80000,69.00000,23,,,,
2025-12-13T15:18:43+07:00,5968,25.00000,25.30000,68.80000,69.00000,23,,,,
2025-12-13T15:23:48+07:00,5969,25.00000,25.40000,68.90000,69.00000,23,,,,
2025-12-13T15:28:52+07:00,5970,25.00000,25.40000,68.90000,69.00000,23,,,,
2025-12-13T15:33:56+07:00,5971,25.00000,25.40000,68.80000,69.00000,22,,,,
2025-12-13T15:39:00+07:00,5972,25.00000,25.40000,68.80000,69.00000,23,,,,
2025-12-13T15:44:04+07:00,5973,25.00000,25.40000,68.80000,69.00000,23,,,,
2025-12-13T15:49:08+07:00,5974,25.00000,25.40000,68.80000,69.00000,23,,,,
2025-12-13T15:54:13+07:00,5975,25.00000,25.40000,68.80000,69.00000,23,,,,
2025-12-13T15:59:17+07:00,5976,25.00000,25.40000,68.80000,69.10001,23,,,,
2025-12-13T16:04:21+07:00,5977,25.00000,25.40000,68.80000,69.00000,22,,,,
2025-12-13T16:09:25+07:00,5978,25.00000,25.40000,68.80000,69.10001,23,,,,
2025-12-13T16:14:30+07:00,5979,25.00000,25.50000,68.80000,69.00000,22,,,,
2025-12-13T16:19:35+07:00,5980,25.00000,25.50000,68.80000,69.10001,23,,,,
2025-12-13T16:24:39+07:00,5981,25.00000,25.50000,68.80000,69.10001,23,,,,
2025-12-13T16:29:43+07:00,5982,25.00000,25.50000,68.80000,69.10001,22,,,,
2025-12-13T16:34:47+07:00,5983,25.00000,25.50000,68.80000,69.10001,22,,,,
2025-12-13T16:39:52+07:00,5984,25.00000,25.50000,68.80000,69.10001,22,,,,
2025-12-13T16:44:56+07:00,5985,25.00000,25.50000,68.80000,69.10001,23,,,,
2025-12-13T16:50:01+07:00,5986,25.00000,25.50000,68.80000,69.10001,22,,,,
2025-12-13T16:55:05+07:00,5987,25.00000,25.50000,68.80000,69.10001,22,,,,
2025-12-13T17:00:09+07:00,5988,25.00000,25.50000,68.80000,69.10001,22,,,,
2025-12-13T17:05:13+07:00,5989,25.10000,25.50000,68.80000,69.10001,22,,,,
2025-12-13T17:15:23+07:00,5990,25.10000,25.50000,68.80000,69.00000,22,,,,
2025-12-13T17:20:28+07:00,5991,25.10000,25.50000,68.80000,69.10001,22,,,,
2025-12-13T17:25:32+07:00,5992,25.00000,25.50000,68.80000,69.10001,23,,,,
2025-12-13T17:30:37+07:00,5993,25.00000,25.50000,68.80000,69.00000,22,,,,
2025-12-13T17:35:41+07:00,5994,25.00000,25.50000,68.80000,69.10001,22,,,,
2025-12-13T17:40:45+07:00,5995,25.00000,25.50000,68.80000,69.10001,22,,,,
2025-12-13T17:50:58+07:00,5996,25.00000,25.50000,68.70000,69.00000,22,,,,
2025-12-13T17:56:02+07:00,5997,25.00000,25.50000,68.70000,69.10001,22,,,,
2025-12-13T18:01:06+07:00,5998,25.00000,25.50000,68.70000,69.10001,23,,,,
2025-12-13T18:06:10+07:00,5999,25.00000,25.50000,68.70000,69.10001,22,,,,
2025-12-13T18:11:14+07:00,6000,25.00000,25.50000,68.70000,69.10001,22,,,,
2025-12-13T18:16:19+07:00,6001,25.00000,25.50000,68.70000,69.10001,22,,,,
2025-12-13T18:21:23+07:00,6002,25.00000,25.50000,68.70000,69.10001,22,,,,
2025-12-13T18:26:27+07:00,6003,25.00000,25.50000,68.70000,69.10001,22,,,,
2025-12-13T18:31:31+07:00,6004,25.00000,25.50000,68.70000,69.10001,22,,,,
2025-12-13T18:36:35+07:00,6005,25.00000,25.50000,68.60000,69.10001,22,,,,
2025-12-13T18:41:39+07:00,6006,25.00000,25.50000,68.60000,69.10001,22,,,,
2025-12-13T18:46:44+07:00,6007,25.00000,25.50000,68.60000,69.10001,22,,,,
2025-12-13T18:51:48+07:00,6008,25.00000,25.50000,68.60000,69.10001,22,,,,
2025-12-13T18:56:52+07:00,6009,25.00000,25.50000,68.60000,69.10001,22,,,,
2025-12-13T19:01:57+07:00,6010,25.00000,25.50000,68.60000,69.10001,22,,,,
2025-12-13T19:07:01+07:00,6011,25.00000,25.40000,68.60000,69.10001,22,,,,
2025-12-13T19:12:05+07:00,6012,24.90000,25.40000,68.60000,69.10001,22,,,,
2025-12-13T19:17:09+07:00,6013,24.90000,25.40000,68.50000,69.10001,22,,,,
2025-12-13T19:22:13+07:00,6014,24.90000,25.40000,68.50000,69.10001,22,,,,
2025-12-13T19:27:18+07:00,6015,24.90000,25.40000,68.50000,69.20000,22,,,,
2025-12-13T19:32:22+07:00,6016,24.90000,25.40000,68.50000,69.20000,22,,,,
2025-12-13T19:37:26+07:00,6017,24.90000,25.40000,68.50000,69.10001,22,,,,
2025-12-13T19:42:31+07:00,6018,24.90000,25.40000,68.50000,69.20000,22,,,,
2025-12-13T19:47:35+07:00,6019,24.90000,25.40000,68.50000,69.20000,22,,,,
2025-12-13T19:52:39+07:00,6020,24.90000,25.40000,68.50000,69.10001,22,,,,
2025-12-13T19:57:43+07:00,6021,24.90000,25.40000,68.40000,69.10001,22,,,,
2025-12-13T20:02:47+07:00,6022,24.90000,25.40000,68.40000,69.20000,22,,,,
2025-12-13T20:07:52+07:00,6023,24.90000,25.40000,68.40000,69.20000,22,,,,
2025-12-13T20:12:56+07:00,6024,24.80000,25.30000,68.40000,69.20000,22,,,,
2025-12-13T20:18:00+07:00,6025,24.80000,25.30000,68.40000,69.20000,22,,,,
2025-12-13T20:23:04+07:00,6026,24.80000,25.30000,68.40000,69.20000,22,,,,
2025-12-13T20:28:08+07:00,6027,24.80000,25.30000,68.40000,69.20000,22,,,,
2025-12-13T20:33:13+07:00,6028,24.80000,25.30000,68.30000,69.20000,22,,,,
2025-12-13T20:38:17+07:00,6029,24.80000,25.30000,68.30000,69.20000,22,,,,
2025-12-13T20:43:21+07:00,6030,24.80000,25.30000,68.30000,69.20000,22,,,,
2025-12-13T20:48:25+07:00,6031,24.80000,25.30000,68.30000,69.20000,22,,,,
2025-12-13T20:53:29+07:00,6032,24.80000,25.20000,68.30000,69.20000,22,,,,
2025-12-13T20:58:33+07:00,6033,24.80000,25.20000,68.30000,69.20000,22,,,,
2025-12-13T21:03:38+07:00,6034,24.80000,25.20000,68.30000,69.20000,22,,,,
2025-12-13T21:08:42+07:00,6035,24.80000,25.20000,68.30000,69.20000,22,,,,
2025-12-13T21:13:46+07:00,6036,24.80000,25.20000,68.20000,69.20000,22,,,,
2025-12-13T21:18:51+07:00,6037,24.70000,25.20000,68.20000,69.20000,22,,,,
2025-12-13T21:23:55+07:00,6038,24.80000,25.20000,68.20000,69.20000,22,,,,
2025-12-13T21:28:59+07:00,6039,24.70000,25.20000,68.20000,69.20000,22,,,,
2025-12-13T21:34:03+07:00,6040,24.80000,25.20000,68.20000,69.20000,22,,,,
2025-12-13T21:39:07+07:00,6041,24.70000,25.20000,68.20000,69.20000,22,,,,
2025-12-13T21:44:11+07:00,6042,24.70000,25.10000,68.20000,69.20000,22,,,,
2025-12-13T21:49:15+07:00,6043,24.70000,25.10000,68.10000,69.20000,22,,,,
2025-12-13T21:54:20+07:00,6044,24.70000,25.20000,68.10000,69.20000,22,,,,
2025-12-13T21:59:24+07:00,6045,24.70000,25.10000,68.10000,69.20000,22,,,,
2025-12-13T22:04:31+07:00,6046,24.70000,25.10000,68.10000,69.20000,22,,,,
2025-12-13T22:09:36+07:00,6047,24.70000,25.10000,68.10000,69.20000,22,,,,
2025-12-13T22:14:43+07:00,6048,24.70000,25.10000,68.10000,69.20000,22,,,,
2025-12-13T22:19:48+07:00,6049,24.70000,25.10000,68.10000,69.20000,22,,,,
2025-12-13T22:24:52+07:00,6050,24.70000,25.10000,68.10000,69.20000,22,,,,
2025-12-13T22:29:56+07:00,6051,24.70000,25.00000,68.10000,69.20000,22,,,,
2025-12-13T22:35:00+07:00,6052,24.60000,25.00000,68.00000,69.20000,22,,,,
2025-12-13T22:40:04+07:00,6053,24.60000,25.00000,68.00000,69.20000,22,,,,
2025-12-13T22:45:12+07:00,6054,24.60000,25.00000,68.00000,69.20000,22,,,,
2025-12-13T22:50:16+07:00,6055,24.60000,25.00000,68.00000,69.20000,22,,,,
2025-12-13T22:55:20+07:00,6056,24.60000,25.00000,68.00000,69.20000,22,,,,
2025-12-13T23:00:24+07:00,6057,24.60000,25.00000,68.00000,69.30000,22,,,,
2025-12-13T23:05:28+07:00,6058,24.60000,25.00000,68.00000,69.20000,22,,,,
2025-12-13T23:10:33+07:00,6059,24.60000,25.00000,67.90000,69.20000,22,,,,
2025-12-13T23:15:37+07:00,6060,24.60000,25.00000,67.90000,69.20000,22,,,,
2025-12-13T23:20:41+07:00,6061,24.60000,24.90000,67.90000,69.20000,22,,,,
2025-12-13T23:25:49+07:00,6062,24.60000,24.90000,67.90000,69.20000,22,,,,
2025-12-13T23:35:59+07:00,6063,24.50000,24.90000,67.90000,69.20000,22,,,,
2025-12-13T23:41:04+07:00,6064,24.50000,24.90000,67.90000,69.20000,22,,,,
2025-12-13T23:46:08+07:00,6065,24.50000,24.90000,67.90000,69.20000,22,,,,
2025-12-13T23:51:12+07:00,6066,24.50000,24.80000,67.90000,69.30000,22,,,,
2025-12-13T23:56:16+07:00,6067,24.50000,24.80000,67.90000,69.30000,22,,,,
2025-12-14T00:01:23+07:00,6068,24.50000,24.80000,67.90000,69.30000,22,,,,
2025-12-14T00:06:27+07:00,6069,24.50000,24.80000,67.90000,69.30000,22,,,,
2025-12-14T00:16:38+07:00,6070,24.50000,24.80000,67.90000,69.30000,22,,,,
2025-12-14T00:21:42+07:00,6071,24.50000,24.80000,67.90000,69.30000,22,,,,
2025-12-14T00:31:53+07:00,6072,24.50000,24.80000,67.90000,69.40000,22,,,,
2025-12-14T00:36:57+07:00,6073,24.50000,24.80000,67.90000,69.40000,22,,,,
2025-12-14T00:42:01+07:00,6074,24.50000,24.80000,67.90000,69.30000,22,,,,
2025-12-14T00:47:05+07:00,6075,24.50000,24.80000,67.90000,69.40000,22,,,,
2025-12-14T00:52:09+07:00,6076,24.50000,24.80000,67.90000,69.40000,22,,,,
2025-12-14T00:57:13+07:00,6077,24.50000,24.80000,67.90000,69.40000,22,,,,
2025-12-14T01:02:18+07:00,6078,24.40000,24.80000,67.90000,69.40000,22,,,,
2025-12-14T01:07:22+07:00,6079,24.40000,24.80000,67.90000,69.30000,22,,,,
2025-12-14T01:12:26+07:00,6080,24.40000,24.80000,67.90000,69.30000,22,,,,
2025-12-14T01:17:30+07:00,6081,24.40000,24.80000,67.90000,69.30000,22,,,,
2025-12-14T01:22:34+07:00,6082,24.40000,24.70000,67.90000,69.30000,22,,,,
2025-12-14T01:27:39+07:00,6083,24.40000,24.70000,67.90000,69.30000,22,,,,
2025-12-14T01:32:43+07:00,6084,24.40000,24.70000,67.90000,69.30000,22,,,,
2025-12-14T01:37:47+07:00,6085,24.40000,24.70000,67.90000,69.30000,22,,,,
2025-12-14T01:42:51+07:00,6086,24.40000,24.70000,67.90000,69.30000,22,,,,
2025-12-14T01:47:58+07:00,6087,24.40000,24.70000,67.90000,69.30000,22,,,,
2025-12-14T01:53:04+07:00,6088,24.40000,24.70000,67.90000,69.30000,22,,,,
2025-12-14T01:58:09+07:00,6089,24.30000,24.60000,67.90000,69.30000,22,,,,
2025-12-14T02:03:13+07:00,6090,24.30000,24.60000,67.90000,69.30000,22,,,,
2025-12-14T02:08:18+07:00,6091,24.30000,24.60000,67.90000,69.30000,22,,,,
2025-12-14T02:13:22+07:00,6092,24.30000,24.60000,67.90000,69.30000,22,,,,
2025-12-14T02:18:26+07:00,6093,24.30000,24.60000,67.90000,69.30000,22,,,,
2025-12-14T02:23:30+07:00,6094,24.30000,24.60000,67.90000,69.30000,22,,,,
2025-12-14T02:28:34+07:00,6095,24.30000,24.60000,67.80000,69.30000,22,,,,
2025-12-14T02:33:38+07:00,6096,24.30000,24.60000,67.80000,69.30000,22,,,,
2025-12-14T02:38:42+07:00,6097,24.30000,24.60000,67.80000,69.30000,22,,,,
2025-12-14T02:43:46+07:00,6098,24.30000,24.60000,67.80000,69.30000,22,,,,
2025-12-14T02:48:51+07:00,6099,24.30000,24.60000,67.80000,69.30000,22,,,,
2025-12-14T02:53:55+07:00,6100,24.30000,24.60000,67.80000,69.30000,22,,,,
2025-12-14T02:58:59+07:00,6101,24.30000,24.60000,67.80000,69.30000,22,,,,
2025-12-14T03:04:03+07:00,6102,24.30000,24.60000,67.80000,69.30000,22,,,,
2025-12-14T03:09:07+07:00,6103,24.30000,24.50000,67.80000,69.30000,22,,,,
2025-12-14T03:14:11+07:00,6104,24.30000,24.50000,67.80000,69.30000,22,,,,
2025-12-14T03:19:16+07:00,6105,24.30000,24.50000,67.80000,69.30000,22,,,,
2025-12-14T03:24:20+07:00,6106,24.20000,24.50000,67.80000,69.30000,22,,,,
2025-12-14T03:29:24+07:00,6107,24.20000,24.50000,67.80000,69.30000,22,,,,
2025-12-14T03:34:28+07:00,6108,24.20000,24.50000,67.80000,69.30000,22,,,,
2025-12-14T03:39:33+07:00,6109,24.20000,24.50000,67.80000,69.30000,22,,,,
2025-12-14T03:44:37+07:00,6110,24.20000,24.50000,67.80000,69.30000,22,,,,
2025-12-14T03:49:41+07:00,6111,24.20000,24.50000,67.80000,69.30000,22,,,,
2025-12-14T03:54:45+07:00,6112,24.20000,24.50000,67.80000,69.30000,22,,,,
2025-12-14T03:59:49+07:00,6113,24.20000,24.50000,67.70000,69.30000,22,,,,
2025-12-14T04:04:54+07:00,6114,24.20000,24.50000,67.80000,69.30000,22,,,,
2025-12-14T04:09:57+07:00,6115,24.20000,24.40000,67.80000,69.30000,22,,,,
2025-12-14T04:15:02+07:00,6116,24.20000,24.40000,67.70000,69.30000,22,,,,
2025-12-14T04:20:06+07:00,6117,24.20000,24.40000,67.70000,69.30000,22,,,,
2025-12-14T04:25:10+07:00,6118,24.20000,24.40000,67.80000,69.30000,22,,,,
2025-12-14T04:30:14+07:00,6119,24.20000,24.40000,67.70000,69.30000,22,,,,
2025-12-14T04:35:20+07:00,6120,24.20000,24.40000,67.70000,69.30000,22,,,,
2025-12-14T04:40:24+07:00,6121,24.10000,24.40000,67.80000,69.30000,22,,,,
2025-12-14T04:45:28+07:00,6122,24.10000,24.40000,67.80000,69.30000,22,,,,
2025-12-14T04:50:32+07:00,6123,24.10000,24.40000,67.70000,69.30000,22,,,,
2025-12-14T04:55:36+07:00,6124,24.10000,24.30000,67.70000,69.30000,22,,,,
2025-12-14T05:00:40+07:00,6125,24.10000,24.30000,67.70000,69.30000,22,,,,
2025-12-14T05:05:45+07:00,6126,24.10000,24.30000,67.70000,69.40000,22,,,,
2025-12-14T05:10:48+07:00,6127,24.10000,24.30000,67.70000,69.30000,22,,,,
2025-12-14T05:15:52+07:00,6128,24.10000,24.30000,67.70000,69.30000,22,,,,
2025-12-14T05:20:56+07:00,6129,24.10000,24.30000,67.70000,69.40000,22,,,,
2025-12-14T05:26:00+07:00,6130,24.10000,24.30000,67.70000,69.40000,22,,,,
2025-12-14T05:31:05+07:00,6131,24.10000,24.30000,67.70000,69.30000,22,,,,
2025-12-14T05:36:09+07:00,6132,24.10000,24.30000,67.70000,69.40000,22,,,,
2025-12-14T05:41:13+07:00,6133,24.10000,24.30000,67.70000,69.30000,22,,,,
2025-12-14T05:46:18+07:00,6134,24.10000,24.30000,67.70000,69.40000,22,,,,
2025-12-14T05:51:22+07:00,6135,24.10000,24.30000,67.70000,69.40000,22,,,,
2025-12-14T05:56:26+07:00,6136,24.00000,24.30000,67.70000,69.30000,22,,,,
2025-12-14T06:01:30+07:00,6137,24.00000,24.20000,67.70000,69.40000,22,,,,
2025-12-14T06:06:34+07:00,6138,24.00000,24.20000,67.70000,69.40000,22,,,,
2025-12-14T06:11:38+07:00,6139,24.00000,24.20000,67.70000,69.40000,22,,,,
2025-12-14T06:16:43+07:00,6140,24.00000,24.20000,67.60000,69.40000,22,,,,
2025-12-14T06:21:52+07:00,6141,24.00000,24.20000,67.60000,69.40000,22,,,,
2025-12-14T06:26:56+07:00,6142,24.00000,24.20000,67.70000,69.40000,22,,,,
2025-12-14T06:32:00+07:00,6143,24.00000,24.20000,67.60000,69.40000,22,,,,
2025-12-14T06:37:04+07:00,6144,24.00000,24.20000,67.60000,69.40000,22,,,,
2025-12-14T06:42:08+07:00,6145,24.00000,24.20000,67.70000,69.40000,22,,,,
2025-12-14T06:47:13+07:00,6146,24.00000,24.20000,67.70000,69.40000,22,,,,
2025-12-14T06:52:18+07:00,6147,24.00000,24.20000,67.70000,69.40000,22,,,,
2025-12-14T06:57:22+07:00,6148,24.00000,24.20000,67.60000,69.40000,22,,,,
2025-12-14T07:02:26+07:00,6149,24.00000,24.20000,67.60000,69.40000,22,,,,
2025-12-14T07:07:30+07:00,6150,24.00000,24.20000,67.70000,69.40000,22,,,,
2025-12-14T07:12:34+07:00,6151,24.00000,24.20000,67.60000,69.40000,22,,,,
2025-12-14T07:17:38+07:00,6152,24.00000,24.20000,67.60000,69.40000,22,,,,
2025-12-14T07:22:42+07:00,6153,24.00000,24.20000,67.60000,69.40000,22,,,,
2025-12-14T07:27:46+07:00,6154,24.00000,24.20000,67.70000,69.40000,22,,,,
2025-12-14T07:32:51+07:00,6155,24.00000,24.20000,67.60000,69.50000,22,,,,
2025-12-14T07:37:55+07:00,6156,24.00000,24.20000,67.70000,69.50000,22,,,,
2025-12-14T07:42:59+07:00,6157,24.00000,24.20000,67.70000,69.50000,22,,,,
2025-12-14T07:48:03+07:00,6158,24.00000,24.20000,67.70000,69.50000,22,,,,
2025-12-14T07:53:08+07:00,6159,24.00000,24.30000,67.80000,69.50000,22,,,,
2025-12-14T07:58:12+07:00,6160,24.10000,24.30000,67.80000,69.50000,22,,,,
2025-12-14T08:03:17+07:00,6161,24.10000,24.30000,67.80000,69.50000,22,,,,
2025-12-14T08:08:21+07:00,6162,24.10000,24.30000,67.80000,69.50000,22,,,,
2025-12-14T08:13:25+07:00,6163,24.10000,24.30000,67.80000,69.50000,22,,,,
2025-12-14T08:18:30+07:00,6164,24.10000,24.40000,67.90000,69.50000,22,,,,
2025-12-14T08:23:34+07:00,6165,24.20000,24.40000,67.90000,69.40000,22,,,,
2025-12-14T08:28:39+07:00,6166,24.20000,24.50000,67.90000,69.40000,22,,,,
2025-12-14T08:33:43+07:00,6167,24.20000,24.50000,68.00000,69.40000,22,,,,
2025-12-14T08:38:47+07:00,6168,24.30000,24.60000,68.20000,69.30000,22,,,,
2025-12-14T08:43:52+07:00,6169,24.30000,24.60000,68.30000,69.30000,22,,,,
2025-12-14T08:48:56+07:00,6170,24.40000,24.70000,68.40000,69.20000,22,,,,
2025-12-14T08:54:00+07:00,6171,24.40000,24.70000,68.40000,69.20000,22,,,,
2025-12-14T08:59:04+07:00,6172,24.40000,24.70000,68.50000,69.20000,22,,,,
2025-12-14T09:04:08+07:00,6173,24.40000,24.70000,68.60000,69.20000,22,,,,
2025-12-14T09:09:13+07:00,6174,24.50000,24.80000,68.60000,69.20000,22,,,,
2025-12-14T09:14:18+07:00,6175,24.50000,24.80000,68.60000,69.20000,22,,,,
2025-12-14T09:19:22+07:00,6176,24.50000,24.80000,68.70000,69.20000,22,,,,
2025-12-14T09:24:27+07:00,6177,24.50000,24.80000,68.70000,69.20000,22,,,,
2025-12-14T09:29:31+07:00,6178,24.50000,24.80000,68.80000,69.20000,22,,,,
2025-12-14T09:34:35+07:00,6179,24.50000,24.80000,68.80000,69.20000,22,,,,
2025-12-14T09:39:40+07:00,6180,24.50000,24.80000,68.80000,69.30000,22,,,,
2025-12-14T09:44:44+07:00,6181,24.50000,24.90000,68.90000,69.20000,22,,,,
2025-12-14T09:49:48+07:00,6182,24.50000,24.80000,68.90000,69.20000,22,,,,
2025-12-14T10:00:01+07:00,6183,24.50000,24.90000,68.90000,69.20000,22,,,,
2025-12-14T10:10:19+07:00,6184,24.50000,24.80000,68.90000,69.30000,22,,,,
2025-12-14T10:15:23+07:00,6185,24.50000,24.80000,68.90000,69.30000,22,,,,
2025-12-14T10:20:27+07:00,6186,24.50000,24.80000,68.90000,69.30000,22,,,,
2025-12-14T10:25:31+07:00,6187,24.50000,24.80000,68.90000,69.30000,22,,,,
2025-12-14T10:30:35+07:00,6188,24.50000,24.80000,68.90000,69.30000,22,,,,
2025-12-14T10:35:39+07:00,6189,24.50000,24.80000,68.90000,69.30000,22,,,,
2025-12-14T10:40:43+07:00,6190,24.50000,24.80000,68.90000,69.30000,22,,,,
2025-12-14T10:50:55+07:00,6191,24.50000,24.80000,68.90000,69.30000,21,,,,
2025-12-14T10:55:59+07:00,6192,24.50000,24.80000,68.90000,69.30000,22,,,,
2025-12-14T11:01:02+07:00,6193,24.50000,24.80000,68.90000,69.40000,22,,,,
2025-12-14T11:06:07+07:00,6194,24.50000,24.80000,68.90000,69.40000,22,,,,
2025-12-14T11:11:10+07:00,6195,24.50000,24.80000,68.90000,69.40000,22,,,,
2025-12-14T11:16:15+07:00,6196,24.50000,24.70000,69.00000,69.40000,22,,,,
2025-12-14T11:26:24+07:00,6197,24.50000,24.80000,69.00000,69.40000,22,,,,
2025-12-14T11:31:28+07:00,6198,24.50000,24.80000,69.00000,69.50000,22,,,,
2025-12-14T11:36:33+07:00,6199,24.50000,24.80000,69.00000,69.50000,21,,,,
2025-12-14T11:41:37+07:00,6200,24.50000,24.80000,69.00000,69.40000,22,,,,
2025-12-14T11:46:45+07:00,6201,24.50000,24.80000,69.00000,69.50000,21,,,,
2025-12-14T11:51:49+07:00,6202,24.50000,24.80000,69.00000,69.40000,22,,,,
2025-12-14T11:56:53+07:00,6203,24.50000,24.80000,69.00000,69.40000,22,,,,
2025-12-14T12:01:57+07:00,6204,24.50000,24.80000,69.10000,69.40000,21,,,,
2025-12-14T12:07:00+07:00,6205,24.50000,24.80000,69.10000,69.50000,22,,,,
2025-12-14T12:12:04+07:00,6206,24.50000,24.80000,69.20000,69.50000,21,,,,
2025-12-14T12:17:08+07:00,6207,24.50000,24.80000,69.30000,69.50000,22,,,,
2025-12-14T12:22:12+07:00,6208,24.50000,24.80000,69.40000,69.50000,21,,,,
2025-12-14T12:27:17+07:00,6209,24.60000,24.80000,69.50000,69.60001,21,,,,
2025-12-14T12:32:21+07:00,6210,24.60000,24.90000,69.60000,69.60001,22,,,,
2025-12-14T12:37:25+07:00,6211,24.60000,24.90000,69.60000,69.60001,21,,,,
2025-12-14T12:42:30+07:00,6212,24.60000,24.90000,69.70000,69.60001,21,,,,
2025-12-14T12:47:34+07:00,6213,24.70000,25.00000,69.70000,69.60001,21,,,,
2025-12-14T12:52:39+07:00,6214,24.70000,25.00000,69.60000,69.60001,22,,,,
2025-12-14T12:57:43+07:00,6215,24.70000,25.00000,69.70000,69.50000,21,,,,
2025-12-14T13:02:47+07:00,6216,24.70000,25.10000,69.80000,69.50000,21,,,,
2025-12-14T13:07:52+07:00,6217,24.80000,25.10000,69.90000,69.50000,22,,,,
2025-12-14T13:12:56+07:00,6218,24.80000,25.10000,69.90000,69.50000,21,,,,
2025-12-14T13:18:00+07:00,6219,24.80000,25.10000,70.00000,69.50000,21,,,,
2025-12-14T13:28:13+07:00,6220,24.90000,25.20000,70.20000,69.50000,21,,,,
2025-12-14T13:33:17+07:00,6221,24.90000,25.20000,70.20000,69.50000,22,,,,
2025-12-14T13:38:21+07:00,6222,24.90000,25.30000,70.20000,69.50000,21,,,,
2025-12-14T13:43:26+07:00,6223,24.90000,25.30000,70.20000,69.50000,21,,,,
2025-12-14T13:48:30+07:00,6224,24.90000,25.30000,70.10000,69.40000,21,,,,
2025-12-14T13:53:34+07:00,6225,24.90000,25.30000,70.10000,69.40000,21,,,,
2025-12-14T13:58:38+07:00,6226,24.90000,25.30000,70.00000,69.40000,21,,,,
2025-12-14T14:03:43+07:00,6227,24.90000,25.40000,70.00000,69.40000,21,,,,
2025-12-14T14:08:47+07:00,6228,24.90000,25.40000,70.00000,69.40000,21,,,,
2025-12-14T14:13:51+07:00,6229,24.90000,25.40000,70.00000,69.40000,21,,,,
2025-12-14T14:18:56+07:00,6230,24.90000,25.40000,69.90000,69.40000,22,,,,
2025-12-14T14:24:00+07:00,6231,24.90000,25.40000,69.90000,69.50000,21,,,,
2025-12-14T14:29:04+07:00,6232,24.90000,25.40000,69.90000,69.50000,21,,,,
2025-12-14T14:34:08+07:00,6233,24.90000,25.50000,69.90000,69.50000,21,,,,
2025-12-14T14:39:11+07:00,6234,24.90000,25.50000,69.90000,69.40000,21,,,,
2025-12-14T14:44:15+07:00,6235,24.90000,25.50000,69.90000,69.30000,21,,,,
2025-12-14T14:49:19+07:00,6236,24.90000,25.60000,69.80000,69.20000,21,,,,
2025-12-14T14:54:24+07:00,6237,24.90000,25.60000,69.80000,69.20000,21,,,,
2025-12-14T14:59:28+07:00,6238,24.90000,25.50000,69.80000,69.20000,21,,,,
2025-12-14T15:04:32+07:00,6239,24.90000,25.50000,69.80000,69.20000,21,,,,
2025-12-14T15:09:37+07:00,6240,24.90000,25.50000,69.80000,69.20000,21,,,,
2025-12-14T15:14:41+07:00,6241,24.90000,25.50000,69.80000,69.30000,21,,,,
2025-12-14T15:19:45+07:00,6242,24.90000,25.50000,69.80000,69.30000,21,,,,
2025-12-14T15:24:50+07:00,6243,24.90000,25.50000,69.80000,69.30000,21,,,,
2025-12-14T15:29:54+07:00,6244,24.90000,25.40000,69.70000,69.30000,21,,,,
2025-12-14T15:34:58+07:00,6245,24.90000,25.40000,69.70000,69.30000,21,,,,
2025-12-14T15:40:03+07:00,6246,24.90000,25.40000,69.70000,69.40000,21,,,,
2025-12-14T15:45:07+07:00,6247,24.90000,25.40000,69.70000,69.40000,21,,,,
2025-12-14T15:50:11+07:00,6248,24.90000,25.40000,69.70000,69.40000,21,,,,
2025-12-14T15:55:16+07:00,6249,24.90000,25.40000,69.60000,69.40000,21,,,,
2025-12-14T16:00:20+07:00,6250,24.90000,25.40000,69.60000,69.40000,21,,,,
2025-12-14T16:05:24+07:00,6251,24.90000,25.40000,69.60000,69.50000,21,,,,
2025-12-14T16:10:28+07:00,6252,24.90000,25.40000,69.60000,69.50000,21,,,,
2025-12-14T16:15:33+07:00,6253,24.90000,25.40000,69.60000,69.50000,21,,,,
2025-12-14T16:20:37+07:00,6254,24.90000,25.40000,69.60000,69.50000,21,,,,
2025-12-14T16:25:41+07:00,6255,24.90000,25.40000,70.60000,71.50000,21,,,,
2025-12-14T16:30:45+07:00,6256,25.00000,25.40000,71.60000,71.10001,21,,,,
2025-12-14T16:35:50+07:00,6257,25.00000,25.50000,71.80000,72.00000,21,,,,
2025-12-14T16:40:54+07:00,6258,25.00000,25.50000,71.70000,70.50000,21,,,,
2025-12-14T16:45:58+07:00,6259,25.00000,25.50000,71.10000,70.50000,21,,,,
2025-12-14T16:51:03+07:00,6260,25.00000,25.50000,70.80000,70.40000,21,,,,
2025-12-14T16:56:07+07:00,6261,24.90000,25.50000,70.60000,70.30000,21,,,,
2025-12-14T17:01:11+07:00,6262,24.90000,25.50000,70.40000,70.30000,21,,,,
2025-12-14T17:06:15+07:00,6263,24.90000,25.50000,70.40000,70.20000,21,,,,
2025-12-14T17:11:19+07:00,6264,24.90000,25.40000,70.30000,70.20000,21,,,,
2025-12-14T17:16:23+07:00,6265,24.90000,25.40000,70.20000,70.20000,21,,,,
2025-12-14T17:21:28+07:00,6266,24.90000,25.40000,70.20000,70.20000,21,,,,
2025-12-14T17:26:32+07:00,6267,24.90000,25.40000,70.10000,70.20000,21,,,,
2025-12-14T17:31:36+07:00,6268,24.80000,25.40000,70.00000,70.20000,21,,,,
2025-12-14T17:36:40+07:00,6269,24.80000,25.40000,70.00000,70.10001,21,,,,
2025-12-14T17:41:44+07:00,6270,24.80000,25.30000,69.90000,70.10001,21,,,,
2025-12-14T17:46:49+07:00,6271,24.80000,25.30000,69.90000,70.10001,21,,,,
2025-12-14T17:51:53+07:00,6272,24.80000,25.30000,69.90000,70.10001,21,,,,
2025-12-14T17:56:57+07:00,6273,24.80000,25.30000,69.80000,70.10001,21,,,,
2025-12-14T18:02:02+07:00,6274,24.80000,25.30000,69.80000,70.10001,21,,,,
2025-12-14T18:07:06+07:00,6275,24.80000,25.20000,69.80000,70.10001,21,,,,
2025-12-14T18:12:10+07:00,6276,24.80000,25.20000,69.70000,70.10001,21,,,,
2025-12-14T18:17:14+07:00,6277,24.70000,25.20000,69.80000,70.10001,21,,,,
2025-12-14T18:22:19+07:00,6278,24.70000,25.20000,69.70000,70.10001,21,,,,
2025-12-14T18:27:23+07:00,6279,24.70000,25.20000,69.70000,70.00000,21,,,,
2025-12-14T18:32:27+07:00,6280,24.70000,25.20000,69.60000,70.10001,21,,,,
2025-12-14T18:37:31+07:00,6281,24.70000,25.20000,69.60000,70.10001,21,,,,
2025-12-14T18:42:35+07:00,6282,24.70000,25.20000,69.60000,70.10001,21,,,,
2025-12-14T18:47:40+07:00,6283,24.70000,25.10000,69.60000,70.10001,21,,,,
2025-12-14T18:52:44+07:00,6284,24.70000,25.10000,69.60000,70.10001,21,,,,
2025-12-14T18:57:48+07:00,6285,24.70000,25.10000,69.60000,70.10001,21,,,,
2025-12-14T19:02:53+07:00,6286,24.70000,25.10000,69.50000,70.20000,21,,,,
2025-12-14T19:07:56+07:00,6287,24.70000,25.10000,69.50000,70.20000,21,,,,
2025-12-14T19:13:01+07:00,6288,24.70000,25.10000,69.50000,70.20000,21,,,,
2025-12-14T19:18:05+07:00,6289,24.70000,25.10000,69.60000,70.20000,21,,,,
2025-12-14T19:23:10+07:00,6290,24.60000,25.10000,69.50000,70.20000,21,,,,
2025-12-14T19:28:14+07:00,6291,24.70000,25.10000,69.50000,70.20000,20,,,,
2025-12-14T19:33:18+07:00,6292,24.70000,25.10000,69.80000,70.10001,21,,,,
2025-12-14T19:38:23+07:00,6293,24.70000,25.10000,69.90000,70.20000,20,,,,
2025-12-14T19:43:27+07:00,6294,24.70000,25.10000,70.00000,70.10001,21,,,,
2025-12-14T19:48:32+07:00,6295,24.70000,25.10000,71.10000,70.20000,21,,,,
2025-12-14T19:53:36+07:00,6296,24.70000,25.10000,71.70000,70.20000,21,,,,
2025-12-14T19:58:40+07:00,6297,24.70000,25.10000,71.80000,70.20000,20,,,,
2025-12-14T20:03:44+07:00,6298,24.70000,25.10000,72.20000,70.20000,20,,,,
2025-12-14T20:08:49+07:00,6299,24.70000,25.10000,72.10000,70.20000,21,,,,
2025-12-14T20:13:53+07:00,6300,24.70000,25.10000,72.30000,70.20000,21,,,,
2025-12-14T20:18:59+07:00,6301,24.60000,25.00000,72.50000,70.20000,21,,,,
2025-12-14T20:24:03+07:00,6302,24.60000,25.00000,72.50000,70.20000,21,,,,
2025-12-14T20:29:07+07:00,6303,24.60000,25.00000,72.30000,70.30000,21,,,,
2025-12-14T20:34:11+07:00,6304,24.60000,25.00000,72.60000,70.20000,20,,,,
2025-12-14T20:39:16+07:00,6305,24.60000,25.00000,72.70000,70.20000,21,,,,
2025-12-14T20:44:20+07:00,6306,24.50000,25.00000,72.80000,70.30000,21,,,,
2025-12-14T20:49:25+07:00,6307,24.50000,25.00000,72.70000,70.30000,21,,,,
2025-12-14T20:54:30+07:00,6308,24.50000,25.00000,72.80000,70.30000,21,,,,
2025-12-14T20:59:34+07:00,6309,24.50000,25.00000,72.70000,70.40000,21,,,,
2025-12-14T21:04:38+07:00,6310,24.40000,25.00000,72.80000,70.40000,21,,,,
2025-12-14T21:09:43+07:00,6311,24.40000,24.90000,72.60000,70.40000,21,,,,
2025-12-14T21:14:47+07:00,6312,24.40000,24.90000,72.80000,70.40000,21,,,,
2025-12-14T21:19:52+07:00,6313,24.40000,24.90000,72.70000,70.40000,20,,,,
2025-12-14T21:24:56+07:00,6314,24.40000,24.90000,72.70000,70.50000,21,,,,
2025-12-14T21:30:01+07:00,6315,24.40000,24.90000,72.80000,70.60001,21,,,,
2025-12-14T21:35:05+07:00,6316,24.40000,24.90000,72.90000,70.70000,21,,,,
2025-12-14T21:40:10+07:00,6317,24.30000,24.90000,72.90000,70.50000,21,,,,
2025-12-14T21:45:14+07:00,6318,24.30000,24.90000,73.00000,70.50000,21,,,,
2025-12-14T21:50:18+07:00,6319,24.30000,24.90000,73.10000,70.60001,21,,,,
2025-12-14T21:55:23+07:00,6320,24.30000,24.80000,73.00000,70.60001,20,,,,
2025-12-14T22:00:27+07:00,6321,24.30000,24.80000,73.00000,70.60001,21,,,,
2025-12-14T22:05:31+07:00,6322,24.30000,24.80000,72.90000,70.70000,21,,,,
2025-12-14T22:10:35+07:00,6323,24.30000,24.80000,73.10000,70.70000,21,,,,
2025-12-14T22:15:40+07:00,6324,24.30000,24.80000,73.20000,70.70000,21,,,,
2025-12-14T22:20:44+07:00,6325,24.30000,24.80000,73.00000,70.80000,20,,,,
2025-12-14T22:25:49+07:00,6326,24.30000,24.80000,73.10000,70.70000,20,,,,
2025-12-14T22:30:54+07:00,6327,24.30000,24.80000,73.10000,70.70000,20,,,,
2025-12-14T22:35:58+07:00,6328,24.30000,24.80000,73.30000,70.80000,20,,,,
2025-12-14T22:41:02+07:00,6329,24.30000,24.80000,73.30000,70.80000,20,,,,
2025-12-14T22:46:07+07:00,6330,24.20000,24.80000,73.30000,70.80000,20,,,,
2025-12-14T22:51:11+07:00,6331,24.20000,24.80000,73.10000,70.80000,20,,,,
2025-12-14T22:56:15+07:00,6332,24.20000,24.80000,73.30000,70.70000,20,,,,
2025-12-14T23:01:20+07:00,6333,24.20000,24.70000,73.10000,70.90000,21,,,,
2025-12-14T23:06:24+07:00,6334,24.20000,24.70000,73.10000,70.90000,21,,,,
2025-12-14T23:11:29+07:00,6335,24.20000,24.70000,73.00000,70.80000,20,,,,
2025-12-14T23:16:33+07:00,6336,24.20000,24.70000,73.10000,71.00000,20,,,,
2025-12-14T23:21:37+07:00,6337,24.10000,24.70000,73.20000,71.00000,21,,,,
2025-12-14T23:26:42+07:00,6338,24.10000,24.70000,73.10000,70.90000,20,,,,
2025-12-14T23:31:46+07:00,6339,24.10000,24.70000,73.10000,70.90000,20,,,,
2025-12-14T23:36:50+07:00,6340,24.10000,24.70000,73.20000,70.90000,21,,,,
2025-12-14T23:41:55+07:00,6341,24.10000,24.70000,73.00000,71.00000,20,,,,
2025-12-14T23:46:59+07:00,6342,24.00000,24.60000,72.90000,71.00000,20,,,,
2025-12-14T23:52:03+07:00,6343,24.00000,24.60000,72.90000,71.30000,20,,,,
2025-12-14T23:57:08+07:00,6344,24.00000,24.60000,72.80000,71.20000,20,,,,
2025-12-15T00:02:13+07:00,6345,24.00000,24.60000,72.80000,71.20000,20,,,,
2025-12-15T00:12:25+07:00,6346,23.90000,24.60000,72.50000,71.10001,20,,,,
2025-12-15T00:17:30+07:00,6347,24.00000,24.50000,72.70000,71.40000,20,,,,
2025-12-15T00:22:35+07:00,6348,24.10000,24.50000,72.30000,71.00000,20,,,,
2025-12-15T00:27:39+07:00,6349,24.20000,24.50000,72.00000,71.20000,20,,,,
2025-12-15T00:32:44+07:00,6350,24.30000,24.50000,71.60000,71.40000,20,,,,
2025-12-15T00:37:48+07:00,6351,24.30000,24.50000,71.70000,71.30000,20,,,,
2025-12-15T00:42:52+07:00,6352,24.30000,24.50000,72.20000,71.00000,20,,,,
2025-12-15T00:53:07+07:00,6353,24.20000,24.50000,72.30000,71.20000,20,,,,
2025-12-15T00:58:11+07:00,6354,24.20000,24.50000,72.20000,71.10001,20,,,,
2025-12-15T01:03:15+07:00,6355,24.30000,24.50000,71.70000,71.20000,20,,,,
2025-12-15T01:13:26+07:00,6356,24.30000,24.50000,71.40000,71.20000,20,,,,
2025-12-15T01:18:31+07:00,6357,24.40000,24.40000,71.50000,71.10001,20,,,,
2025-12-15T01:28:44+07:00,6358,24.10000,24.40000,72.10000,71.00000,20,,,,
2025-12-15T01:33:48+07:00,6359,24.00000,24.40000,72.00000,71.00000,20,,,,
2025-12-15T01:38:52+07:00,6360,24.00000,24.40000,72.10000,71.00000,20,,,,
2025-12-15T01:43:57+07:00,6361,23.90000,24.40000,71.80000,70.90000,20,,,,
2025-12-15T01:49:01+07:00,6362,23.90000,24.40000,71.70000,70.90000,20,,,,
2025-12-15T01:54:05+07:00,6363,23.90000,24.40000,71.80000,70.90000,20,,,,
2025-12-15T01:59:09+07:00,6364,23.80000,24.40000,71.90000,70.90000,20,,,,
2025-12-15T02:04:14+07:00,6365,23.80000,24.40000,72.00000,70.90000,20,,,,
2025-12-15T02:09:18+07:00,6366,23.70000,24.30000,71.80000,70.90000,20,,,,
2025-12-15T02:14:23+07:00,6367,23.70000,24.30000,71.80000,70.80000,20,,,,
2025-12-15T02:19:27+07:00,6368,23.70000,24.30000,71.60000,70.80000,20,,,,
2025-12-15T02:24:31+07:00,6369,23.60000,24.30000,71.60000,70.80000,20,,,,
2025-12-15T02:29:35+07:00,6370,23.60000,24.20000,71.50000,70.80000,20,,,,
2025-12-15T02:34:39+07:00,6371,23.60000,24.20000,71.40000,70.80000,20,,,,
2025-12-15T02:39:44+07:00,6372,23.60000,24.20000,71.50000,70.80000,20,,,,
2025-12-15T02:44:48+07:00,6373,23.50000,24.20000,71.30000,70.80000,20,,,,
2025-12-15T02:49:52+07:00,6374,23.60000,24.20000,71.40000,70.90000,20,,,,
2025-12-15T02:54:57+07:00,6375,23.70000,24.10000,70.50000,70.90000,20,,,,
2025-12-15T03:00:01+07:00,6376,23.80000,24.10000,70.20000,70.90000,20,,,,
2025-12-15T03:05:05+07:00,6377,23.80000,24.10000,69.80000,71.00000,20,,,,
2025-12-15T03:10:09+07:00,6378,23.70000,24.10000,70.20000,70.90000,20,,,,
2025-12-15T03:15:14+07:00,6379,23.50000,24.10000,70.60000,70.90000,20,,,,
2025-12-15T03:20:18+07:00,6380,23.50000,24.00000,71.00000,70.90000,20,,,,
2025-12-15T03:25:23+07:00,6381,23.50000,24.00000,71.10000,70.80000,20,,,,
2025-12-15T03:30:27+07:00,6382,23.40000,24.00000,71.10000,70.90000,20,,,,
2025-12-15T03:35:31+07:00,6383,23.40000,24.00000,71.20000,70.80000,20,,,,
2025-12-15T03:40:35+07:00,6384,23.30000,24.00000,70.60000,70.80000,20,,,,
2025-12-15T03:45:40+07:00,6385,23.30000,23.90000,70.60000,70.80000,20,,,,
2025-12-15T03:50:44+07:00,6386,23.20000,23.90000,70.90000,70.90000,20,,,,
2025-12-15T03:55:48+07:00,6387,23.20000,23.90000,71.10000,70.80000,20,,,,
2025-12-15T04:00:52+07:00,6388,23.30000,23.90000,71.00000,71.20000,20,,,,
2025-12-15T04:11:03+07:00,6389,23.40000,23.80000,70.80000,71.40000,20,,,,
2025-12-15T04:16:07+07:00,6390,23.40000,23.80000,70.80000,71.20000,20,,,,
2025-12-15T04:21:11+07:00,6391,23.40000,23.80000,70.70000,71.10001,20,,,,
2025-12-15T04:26:15+07:00,6392,23.40000,23.80000,70.70000,71.10001,20,,,,
2025-12-15T04:31:19+07:00,6393,23.30000,23.80000,70.70000,71.10001,20,,,,
2025-12-15T04:36:24+07:00,6394,23.30000,23.70000,70.70000,71.20000,20,,,,
2025-12-15T04:41:28+07:00,6395,23.30000,23.70000,70.70000,71.20000,20,,,,
2025-12-15T04:46:32+07:00,6396,23.30000,23.70000,70.70000,71.30000,20,,,,
2025-12-15T04:51:36+07:00,6397,23.30000,23.60000,70.70000,71.30000,20,,,,
2025-12-15T04:56:40+07:00,6398,23.30000,23.60000,70.70000,71.30000,20,,,,
2025-12-15T05:01:45+07:00,6399,23.30000,23.60000,70.70000,71.30000,20,,,,
2025-12-15T05:06:49+07:00,6400,23.30000,23.60000,70.70000,71.30000,20,,,,
2025-12-15T05:11:53+07:00,6401,23.20000,23.60000,70.70000,71.30000,20,,,,
2025-12-15T05:16:57+07:00,6402,23.20000,23.50000,70.70000,71.30000,20,,,,
2025-12-15T05:22:01+07:00,6403,23.20000,23.50000,70.70000,71.30000,20,,,,
2025-12-15T05:27:05+07:00,6404,23.20000,23.50000,70.70000,71.30000,20,,,,
2025-12-15T05:32:09+07:00,6405,23.20000,23.50000,70.70000,71.40000,20,,,,
2025-12-15T05:37:13+07:00,6406,23.20000,23.50000,70.70000,71.40000,20,,,,
2025-12-15T05:42:18+07:00,6407,23.20000,23.50000,70.70000,71.40000,20,,,,
2025-12-15T05:47:22+07:00,6408,23.20000,23.50000,70.70000,71.40000,20,,,,
2025-12-15T05:52:26+07:00,6409,23.20000,23.50000,70.60000,71.40000,20,,,,
2025-12-15T05:57:30+07:00,6410,23.20000,23.50000,70.70000,71.40000,20,,,,
2025-12-15T06:02:34+07:00,6411,23.20000,23.50000,70.60000,71.40000,20,,,,
2025-12-15T06:07:39+07:00,6412,23.20000,23.50000,70.60000,71.40000,20,,,,
2025-12-15T06:12:43+07:00,6413,23.20000,23.50000,70.60000,71.40000,20,,,,
2025-12-15T06:17:47+07:00,6414,23.20000,23.40000,70.60000,71.40000,20,,,,
2025-12-15T06:22:51+07:00,6415,23.20000,23.50000,70.60000,71.40000,20,,,,
2025-12-15T06:27:55+07:00,6416,23.20000,23.50000,70.60000,71.40000,20,,,,
2025-12-15T06:33:00+07:00,6417,23.20000,23.50000,70.60000,71.40000,20,,,,
2025-12-15T06:38:04+07:00,6418,23.20000,23.50000,70.60000,71.40000,20,,,,
2025-12-15T06:43:08+07:00,6419,23.20000,23.40000,70.60000,71.40000,20,,,,
2025-12-15T06:48:12+07:00,6420,23.20000,23.50000,70.50000,71.40000,20,,,,
2025-12-15T06:53:16+07:00,6421,23.20000,23.50000,70.60000,71.40000,20,,,,
2025-12-15T06:58:20+07:00,6422,23.20000,23.50000,70.60000,71.40000,20,,,,
2025-12-15T07:03:24+07:00,6423,23.20000,23.50000,70.50000,71.40000,20,,,,
2025-12-15T07:08:29+07:00,6424,23.20000,23.50000,70.50000,71.40000,20,,,,
2025-12-15T07:13:34+07:00,6425,23.20000,23.50000,70.60000,71.40000,20,,,,
2025-12-15T07:18:38+07:00,6426,23.30000,23.50000,70.60000,71.30000,20,,,,
2025-12-15T07:23:42+07:00,6427,23.30000,23.50000,70.60000,71.30000,20,,,,
2025-12-15T07:28:46+07:00,6428,23.30000,23.50000,70.50000,71.40000,20,,,,
2025-12-15T07:33:50+07:00,6429,23.30000,23.60000,70.50000,71.30000,20,,,,
2025-12-15T07:38:55+07:00,6430,23.30000,23.60000,70.60000,71.30000,20,,,,
2025-12-15T07:43:59+07:00,6431,23.30000,23.60000,70.50000,71.30000,20,,,,
2025-12-15T07:49:03+07:00,6432,23.30000,23.60000,70.60000,71.30000,20,,,,
2025-12-15T07:54:07+07:00,6433,23.40000,23.70000,70.60000,71.30000,20,,,,
2025-12-15T07:59:11+07:00,6434,23.40000,23.70000,70.60000,71.30000,20,,,,
2025-12-15T08:04:16+07:00,6435,23.40000,23.70000,70.60000,71.30000,20,,,,
2025-12-15T08:09:20+07:00,6436,23.40000,23.70000,70.60000,71.30000,20,,,,
2025-12-15T08:14:24+07:00,6437,23.50000,23.70000,70.60000,71.30000,20,,,,
2025-12-15T08:19:28+07:00,6438,23.50000,23.70000,70.60000,71.30000,20,,,,
2025-12-15T08:24:32+07:00,6439,23.50000,23.80000,70.70000,71.30000,20,,,,
2025-12-15T08:29:36+07:00,6440,23.50000,23.80000,70.70000,71.20000,20,,,,
2025-12-15T08:34:40+07:00,6441,23.50000,23.80000,70.70000,71.20000,20,,,,
2025-12-15T08:39:45+07:00,6442,23.60000,23.80000,70.70000,71.20000,20,,,,
2025-12-15T08:44:49+07:00,6443,23.60000,23.90000,70.70000,71.20000,20,,,,
2025-12-15T08:49:53+07:00,6444,23.60000,23.90000,70.80000,71.20000,20,,,,
2025-12-15T08:54:57+07:00,6445,23.60000,23.90000,70.80000,71.10001,20,,,,
2025-12-15T09:00:02+07:00,6446,23.70000,23.90000,70.80000,71.10001,20,,,,
2025-12-15T09:05:06+07:00,6447,23.70000,23.90000,70.80000,71.10001,20,,,,
2025-12-15T09:10:10+07:00,6448,23.70000,24.00000,70.80000,71.10001,20,,,,
2025-12-15T09:15:14+07:00,6449,23.70000,24.00000,70.90000,71.10001,20,,,,
2025-12-15T09:20:18+07:00,6450,23.70000,24.00000,70.90000,71.10001,20,,,,
2025-12-15T09:25:22+07:00,6451,23.80000,24.00000,70.90000,71.10001,20,,,,
2025-12-15T09:30:27+07:00,6452,23.80000,24.00000,71.00000,71.10001,20,,,,
2025-12-15T09:35:31+07:00,6453,23.80000,24.10000,71.00000,71.00000,20,,,,
2025-12-15T09:40:35+07:00,6454,23.80000,24.10000,71.00000,71.00000,20,,,,
2025-12-15T09:45:40+07:00,6455,23.80000,24.10000,71.00000,71.00000,20,,,,
2025-12-15T09:50:43+07:00,6456,23.90000,24.10000,71.10000,71.00000,20,,,,
2025-12-15T09:55:48+07:00,6457,23.90000,24.20000,71.10000,71.00000,20,,,,
2025-12-15T10:00:52+07:00,6458,23.90000,24.20000,71.10000,71.00000,20,,,,
2025-12-15T10:05:56+07:00,6459,23.90000,24.20000,71.10000,71.00000,20,,,,
2025-12-15T10:11:01+07:00,6460,23.90000,24.20000,71.20000,70.90000,20,,,,
2025-12-15T10:16:05+07:00,6461,24.00000,24.20000,71.20000,70.90000,20,,,,
2025-12-15T10:21:09+07:00,6462,24.00000,24.30000,71.20000,70.90000,20,,,,
2025-12-15T10:26:13+07:00,6463,24.00000,24.30000,71.20000,70.90000,20,,,,
2025-12-15T10:31:17+07:00,6464,24.00000,24.30000,71.20000,70.90000,20,,,,
2025-12-15T10:36:22+07:00,6465,24.00000,24.30000,71.30000,70.90000,20,,,,
2025-12-15T10:41:26+07:00,6466,24.10000,24.30000,71.30000,70.90000,20,,,,
2025-12-15T10:46:30+07:00,6467,24.10000,24.40000,71.40000,70.90000,20,,,,
2025-12-15T10:51:35+07:00,6468,24.10000,24.40000,71.50000,70.90000,20,,,,
2025-12-15T10:56:39+07:00,6469,24.20000,24.40000,71.50000,70.90000,20,,,,
2025-12-15T11:01:43+07:00,6470,24.20000,24.40000,71.60000,70.80000,20,,,,
2025-12-15T11:06:47+07:00,6471,24.20000,24.50000,71.70000,70.80000,20,,,,
2025-12-15T11:11:51+07:00,6472,24.30000,24.50000,71.80000,70.80000,20,,,,
2025-12-15T11:16:56+07:00,6473,24.30000,24.50000,71.90000,70.80000,20,,,,
2025-12-15T11:22:00+07:00,6474,24.30000,24.60000,71.90000,70.80000,20,,,,
2025-12-15T11:27:04+07:00,6475,24.40000,24.60000,72.00000,70.80000,20,,,,
2025-12-15T11:32:08+07:00,6476,24.40000,24.60000,72.00000,70.80000,20,,,,
2025-12-15T11:37:12+07:00,6477,24.50000,24.70000,72.10000,70.80000,20,,,,
2025-12-15T11:42:16+07:00,6478,24.50000,24.70000,72.20000,70.80000,20,,,,
2025-12-15T11:47:20+07:00,6479,24.50000,24.70000,72.30000,70.70000,20,,,,
2025-12-15T11:52:25+07:00,6480,24.50000,24.80000,72.30000,70.70000,20,,,,
2025-12-15T11:57:29+07:00,6481,24.60000,24.80000,72.40000,70.70000,20,,,,
2025-12-15T12:02:33+07:00,6482,24.60000,24.80000,72.50000,70.70000,19,,,,
2025-12-15T12:07:37+07:00,6483,24.70000,24.90000,72.50000,70.70000,20,,,,
2025-12-15T12:12:41+07:00,6484,24.70000,24.90000,72.50000,70.70000,20,,,,
2025-12-15T12:17:46+07:00,6485,24.70000,24.90000,72.60000,70.70000,20,,,,
2025-12-15T12:22:50+07:00,6486,24.70000,25.00000,72.60000,70.70000,19,,,,
2025-12-15T12:27:54+07:00,6487,24.80000,25.00000,72.60000,70.70000,19,,,,
2025-12-15T12:32:58+07:00,6488,24.80000,25.00000,72.60000,70.60001,20,,,,
2025-12-15T12:38:03+07:00,6489,24.80000,25.00000,72.70000,70.60001,19,,,,
2025-12-15T12:43:07+07:00,6490,24.80000,25.00000,72.70000,70.60001,20,,,,
2025-12-15T12:48:11+07:00,6491,24.80000,25.10000,72.70000,70.60001,19,,,,
2025-12-15T12:53:15+07:00,6492,24.80000,25.10000,72.70000,70.60001,19,,,,
2025-12-15T12:58:19+07:00,6493,24.80000,25.10000,72.70000,70.60001,19,,,,
2025-12-15T13:03:23+07:00,6494,24.80000,25.10000,72.70000,70.60001,19,,,,
2025-12-15T13:08:27+07:00,6495,24.80000,25.10000,72.70000,70.60001,20,,,,
2025-12-15T13:13:32+07:00,6496,24.80000,25.10000,72.70000,70.60001,19,,,,
2025-12-15T13:18:36+07:00,6497,24.80000,25.10000,72.70000,70.60001,20,,,,
2025-12-15T13:23:40+07:00,6498,24.90000,25.10000,72.70000,70.60001,19,,,,
2025-12-15T13:28:44+07:00,6499,24.90000,25.20000,72.80000,70.60001,19,,,,
2025-12-15T13:33:48+07:00,6500,24.90000,25.20000,72.80000,70.60001,19,,,,
2025-12-15T13:38:52+07:00,6501,24.90000,25.20000,72.80000,70.50000,20,,,,
2025-12-15T13:43:56+07:00,6502,24.90000,25.20000,72.80000,70.50000,19,,,,
2025-12-15T13:49:00+07:00,6503,24.90000,25.20000,72.90000,70.50000,20,,,,
2025-12-15T13:54:04+07:00,6504,24.90000,25.20000,72.90000,70.50000,20,,,,
2025-12-15T13:59:08+07:00,6505,24.90000,25.30000,72.90000,70.50000,20,,,,
2025-12-15T14:04:13+07:00,6506,25.00000,25.30000,72.90000,70.50000,19,,,,
2025-12-15T14:09:17+07:00,6507,25.00000,25.30000,73.00000,70.50000,19,,,,
2025-12-15T14:14:21+07:00,6508,25.00000,25.30000,73.00000,70.50000,19,,,,
2025-12-15T14:19:26+07:00,6509,25.00000,25.30000,73.00000,70.50000,19,,,,
2025-12-15T14:24:30+07:00,6510,25.00000,25.30000,73.00000,70.50000,19,,,,
2025-12-15T14:29:34+07:00,6511,25.00000,25.40000,73.10000,70.50000,19,,,,
2025-12-15T14:34:38+07:00,6512,25.10000,25.40000,73.10000,70.50000,19,,,,
2025-12-15T14:39:42+07:00,6513,25.10000,25.40000,73.10000,70.50000,19,,,,
2025-12-15T14:44:47+07:00,6514,25.10000,25.40000,73.20000,70.50000,19,,,,
2025-12-15T14:49:51+07:00,6515,25.10000,25.40000,73.20000,70.50000,19,,,,
2025-12-15T14:54:55+07:00,6516,25.10000,25.50000,73.20000,70.50000,19,,,,
2025-12-15T14:59:59+07:00,6517,25.20000,25.50000,73.20000,70.50000,19,,,,
2025-12-15T15:05:04+07:00,6518,25.20000,25.50000,73.30000,70.50000,19,,,,
2025-12-15T15:10:08+07:00,6519,25.20000,25.50000,73.30000,70.50000,19,,,,
2025-12-15T15:15:12+07:00,6520,25.20000,25.50000,73.30000,70.50000,19,,,,
2025-12-15T15:20:16+07:00,6521,25.20000,25.60000,73.30000,70.40000,19,,,,
2025-12-15T15:25:20+07:00,6522,25.30000,25.60000,73.40000,70.40000,19,,,,
2025-12-15T15:30:24+07:00,6523,25.30000,25.60000,73.40000,70.40000,19,,,,
2025-12-15T15:35:29+07:00,6524,25.30000,25.60000,73.40000,70.40000,19,,,,
2025-12-15T15:40:33+07:00,6525,25.30000,25.60000,73.30000,70.40000,19,,,,
2025-12-15T15:45:37+07:00,6526,25.30000,25.60000,73.40000,70.40000,19,,,,
2025-12-15T15:50:41+07:00,6527,25.30000,25.60000,73.40000,70.40000,19,,,,
2025-12-15T15:55:46+07:00,6528,25.30000,25.70000,73.40000,70.40000,19,,,,
2025-12-15T16:00:50+07:00,6529,25.30000,25.70000,73.30000,70.40000,19,,,,
2025-12-15T16:05:54+07:00,6530,25.30000,25.60000,73.30000,70.40000,19,,,,
2025-12-15T16:10:58+07:00,6531,25.30000,25.70000,73.30000,70.40000,19,,,,
2025-12-15T16:16:02+07:00,6532,25.30000,25.70000,73.30000,70.40000,19,,,,
2025-12-15T16:21:06+07:00,6533,25.30000,25.70000,73.30000,70.40000,19,,,,
2025-12-15T16:26:11+07:00,6534,25.30000,25.70000,73.30000,70.40000,19,,,,
2025-12-15T16:31:15+07:00,6535,25.40000,25.70000,73.20000,70.40000,19,,,,
2025-12-15T16:36:19+07:00,6536,25.40000,25.70000,73.20000,70.40000,19,,,,
2025-12-15T16:41:23+07:00,6537,25.30000,25.70000,73.20000,70.40000,19,,,,
2025-12-15T16:46:28+07:00,6538,25.30000,25.70000,73.20000,70.40000,19,,,,
2025-12-15T16:51:32+07:00,6539,25.30000,25.70000,73.20000,70.40000,19,,,,
2025-12-15T16:56:36+07:00,6540,25.30000,25.70000,73.20000,70.40000,19,,,,
2025-12-15T17:01:40+07:00,6541,25.30000,25.70000,73.20000,70.40000,19,,,,
2025-12-15T17:11:51+07:00,6542,25.30000,25.70000,73.10000,70.40000,19,,,,
2025-12-15T17:16:55+07:00,6543,25.30000,25.70000,73.10000,70.40000,19,,,,
2025-12-15T17:21:59+07:00,6544,25.30000,25.70000,73.10000,70.40000,19,,,,
2025-12-15T17:27:03+07:00,6545,25.30000,25.70000,73.00000,70.40000,19,,,,
2025-12-15T17:32:08+07:00,6546,25.30000,25.70000,73.00000,70.40000,19,,,,
2025-12-15T17:37:12+07:00,6547,25.30000,25.70000,73.00000,70.40000,19,,,,
2025-12-15T17:42:16+07:00,6548,25.30000,25.70000,73.00000,70.40000,19,,,,
2025-12-15T17:47:20+07:00,6549,25.30000,25.70000,72.90000,70.40000,19,,,,
2025-12-15T17:52:25+07:00,6550,25.30000,25.70000,72.90000,70.40000,19,,,,
2025-12-15T17:57:29+07:00,6551,25.30000,25.70000,72.90000,70.40000,19,,,,
2025-12-15T18:02:33+07:00,6552,25.30000,25.70000,72.80000,70.40000,19,,,,
2025-12-15T18:07:37+07:00,6553,25.30000,25.70000,72.80000,70.40000,19,,,,
2025-12-15T18:12:41+07:00,6554,25.30000,25.70000,72.80000,70.50000,19,,,,
2025-12-15T18:17:46+07:00,6555,25.30000,25.70000,72.80000,70.40000,19,,,,
2025-12-15T18:22:50+07:00,6556,25.20000,25.70000,72.70000,70.50000,19,,,,
2025-12-15T18:27:54+07:00,6557,25.20000,25.70000,72.70000,70.40000,19,,,,
2025-12-15T18:32:58+07:00,6558,25.20000,25.70000,72.70000,70.50000,19,,,,
2025-12-15T18:38:02+07:00,6559,25.20000,25.60000,72.60000,70.50000,19,,,,
2025-12-15T18:43:06+07:00,6560,25.20000,25.70000,72.60000,70.50000,19,,,,
2025-12-15T18:48:11+07:00,6561,25.20000,25.60000,72.60000,70.50000,19,,,,
2025-12-15T18:53:15+07:00,6562,25.20000,25.60000,72.50000,70.50000,19,,,,
2025-12-15T18:58:19+07:00,6563,25.20000,25.60000,72.50000,70.50000,19,,,,
2025-12-15T19:03:23+07:00,6564,25.20000,25.60000,72.50000,70.50000,19,,,,
2025-12-15T19:08:27+07:00,6565,25.20000,25.60000,72.50000,70.50000,19,,,,
2025-12-15T19:13:32+07:00,6566,25.20000,25.60000,72.50000,70.50000,19,,,,
2025-12-15T19:18:36+07:00,6567,25.10000,25.60000,72.40000,70.50000,19,,,,
2025-12-15T19:23:40+07:00,6568,25.10000,25.60000,72.40000,70.50000,19,,,,
2025-12-15T19:28:44+07:00,6569,25.10000,25.60000,72.40000,70.50000,19,,,,
2025-12-15T19:33:49+07:00,6570,25.10000,25.60000,72.30000,70.50000,19,,,,
2025-12-15T19:38:53+07:00,6571,25.10000,25.50000,72.30000,70.50000,19,,,,
2025-12-15T19:43:57+07:00,6572,25.10000,25.50000,72.30000,70.50000,19,,,,
2025-12-15T19:49:01+07:00,6573,25.10000,25.50000,72.30000,70.50000,19,,,,
2025-12-15T19:54:05+07:00,6574,25.10000,25.50000,72.20000,70.50000,19,,,,
2025-12-15T20:04:18+07:00,6575,25.10000,25.50000,72.20000,70.50000,19,,,,
2025-12-15T20:09:22+07:00,6576,25.00000,25.50000,72.10000,70.50000,19,,,,
2025-12-15T20:14:27+07:00,6577,25.00000,25.50000,72.10000,70.50000,19,,,,
2025-12-15T20:19:31+07:00,6578,25.00000,25.50000,72.10000,70.50000,19,,,,
2025-12-15T20:24:35+07:00,6579,25.00000,25.50000,72.10000,70.50000,19,,,,
2025-12-15T20:29:39+07:00,6580,25.00000,25.50000,72.10000,70.50000,19,,,,
2025-12-15T20:34:43+07:00,6581,25.00000,25.40000,72.00000,70.50000,19,,,,
2025-12-15T20:39:48+07:00,6582,25.00000,25.40000,72.00000,70.50000,19,,,,
2025-12-15T20:44:52+07:00,6583,25.00000,25.40000,72.00000,70.50000,19,,,,
2025-12-15T20:49:56+07:00,6584,24.90000,25.40000,72.00000,70.50000,19,,,,
2025-12-15T20:55:00+07:00,6585,24.90000,25.40000,71.90000,70.50000,19,,,,
2025-12-15T21:00:04+07:00,6586,24.90000,25.40000,71.90000,70.50000,19,,,,
2025-12-15T21:05:08+07:00,6587,24.90000,25.40000,71.90000,70.50000,19,,,,
2025-12-15T21:10:13+07:00,6588,24.90000,25.40000,71.80000,70.50000,19,,,,
2025-12-15T21:15:17+07:00,6589,24.90000,25.30000,71.80000,70.50000,19,,,,
2025-12-15T21:20:21+07:00,6590,24.90000,25.30000,71.80000,70.50000,19,,,,
2025-12-15T21:25:26+07:00,6591,24.80000,25.30000,71.80000,70.50000,19,,,,
2025-12-15T21:30:30+07:00,6592,24.80000,25.30000,71.70000,70.50000,19,,,,
2025-12-15T21:35:34+07:00,6593,24.80000,25.30000,71.70000,70.50000,19,,,,
2025-12-15T21:40:38+07:00,6594,24.80000,25.30000,71.70000,70.50000,19,,,,
2025-12-15T21:45:42+07:00,6595,24.80000,25.20000,71.70000,70.50000,19,,,,
2025-12-15T21:50:46+07:00,6596,24.70000,25.20000,71.60000,70.50000,19,,,,
2025-12-15T21:55:51+07:00,6597,24.70000,25.20000,71.60000,70.50000,19,,,,
2025-12-15T22:00:55+07:00,6598,24.70000,25.20000,71.60000,70.50000,19,,,,
2025-12-15T22:05:59+07:00,6599,24.70000,25.20000,71.50000,70.50000,19,,,,
2025-12-15T22:11:03+07:00,6600,24.70000,25.10000,71.50000,70.50000,18,,,,
2025-12-15T22:16:07+07:00,6601,24.70000,25.10000,71.50000,70.50000,19,,,,
2025-12-15T22:21:10+07:00,6602,24.70000,25.10000,71.50000,70.50000,18,,,,
2025-12-15T22:26:14+07:00,6603,24.60000,25.10000,71.40000,70.50000,19,,,,
2025-12-15T22:31:18+07:00,6604,24.60000,25.10000,71.40000,70.50000,19,,,,
2025-12-15T22:36:22+07:00,6605,24.60000,25.00000,71.40000,70.50000,18,,,,
2025-12-15T22:41:26+07:00,6606,24.60000,25.00000,71.40000,70.50000,19,,,,
2025-12-15T22:46:30+07:00,6607,24.50000,25.00000,71.40000,70.50000,18,,,,
2025-12-15T22:51:35+07:00,6608,24.50000,25.00000,71.30000,70.60001,19,,,,
2025-12-15T22:56:39+07:00,6609,24.50000,24.90000,71.30000,70.50000,19,,,,
2025-12-15T23:01:43+07:00,6610,24.50000,24.90000,71.30000,70.50000,19,,,,
2025-12-15T23:06:47+07:00,6611,24.50000,24.90000,71.30000,70.50000,19,,,,
2025-12-15T23:11:51+07:00,6612,24.40000,24.90000,71.30000,70.50000,19,,,,
2025-12-15T23:16:55+07:00,6613,24.40000,24.90000,71.20000,70.50000,19,,,,
2025-12-15T23:21:59+07:00,6614,24.40000,24.80000,71.20000,70.60001,19,,,,
2025-12-15T23:27:03+07:00,6615,24.40000,24.80000,71.20000,70.60001,19,,,,
2025-12-15T23:32:07+07:00,6616,24.40000,24.80000,71.20000,70.60001,18,,,,
2025-12-15T23:37:12+07:00,6617,24.30000,24.80000,71.20000,70.60001,19,,,,
2025-12-15T23:42:16+07:00,6618,24.30000,24.80000,71.10000,70.60001,18,,,,
2025-12-15T23:47:20+07:00,6619,24.30000,24.70000,71.10000,70.50000,18,,,,
2025-12-15T23:52:25+07:00,6620,24.30000,24.70000,71.10000,70.60001,18,,,,
2025-12-15T23:57:29+07:00,6621,24.30000,24.70000,71.10000,70.60001,18,,,,
2025-12-16T00:02:33+07:00,6622,24.30000,24.70000,71.10000,70.60001,18,,,,
2025-12-16T00:07:37+07:00,6623,24.30000,24.70000,71.10000,70.60001,18,,,,
2025-12-16T00:12:41+07:00,6624,24.20000,24.60000,71.00000,70.60001,18,,,,
2025-12-16T00:17:45+07:00,6625,24.20000,24.60000,71.00000,70.60001,18,,,,
2025-12-16T00:22:50+07:00,6626,24.20000,24.60000,71.00000,70.60001,18,,,,
2025-12-16T00:27:54+07:00,6627,24.20000,24.60000,71.00000,70.60001,18,,,,
2025-12-16T00:32:58+07:00,6628,24.20000,24.60000,71.00000,70.60001,18,,,,
2025-12-16T00:38:02+07:00,6629,24.10000,24.60000,70.90000,70.60001,18,,,,
2025-12-16T00:43:06+07:00,6630,24.10000,24.50000,70.90000,70.60001,18,,,,
2025-12-16T00:48:10+07:00,6631,24.10000,24.50000,70.90000,70.60001,18,,,,
2025-12-16T00:53:15+07:00,6632,24.10000,24.50000,70.90000,70.60001,18,,,,
2025-12-16T00:58:19+07:00,6633,24.10000,24.40000,70.90000,70.60001,18,,,,
2025-12-16T01:03:23+07:00,6634,24.00000,24.40000,70.90000,70.60001,18,,,,
2025-12-16T01:08:28+07:00,6635,24.00000,24.40000,70.90000,70.60001,18,,,,
2025-12-16T01:13:32+07:00,6636,24.00000,24.40000,70.90000,70.60001,19,,,,
2025-12-16T01:18:36+07:00,6637,24.00000,24.40000,70.90000,70.60001,18,,,,
2025-12-16T01:23:40+07:00,6638,24.00000,24.30000,70.80000,70.70000,18,,,,
2025-12-16T01:28:44+07:00,6639,23.90000,24.30000,70.80000,70.60001,18,,,,
2025-12-16T01:33:48+07:00,6640,23.90000,24.30000,70.80000,70.60001,18,,,,
2025-12-16T01:38:52+07:00,6641,23.90000,24.30000,70.80000,70.60001,18,,,,
2025-12-16T01:43:56+07:00,6642,23.90000,24.20000,70.80000,70.70000,19,,,,
2025-12-16T01:49:01+07:00,6643,23.80000,24.20000,70.80000,70.70000,18,,,,
2025-12-16T01:54:05+07:00,6644,23.80000,24.20000,70.70000,70.70000,18,,,,
2025-12-16T01:59:09+07:00,6645,23.80000,24.20000,70.70000,70.70000,18,,,,
2025-12-16T02:04:13+07:00,6646,23.80000,24.20000,70.70000,70.60001,18,,,,
2025-12-16T02:09:17+07:00,6647,23.80000,24.10000,70.70000,70.60001,18,,,,
2025-12-16T02:14:21+07:00,6648,23.80000,24.10000,70.70000,70.60001,18,,,,
2025-12-16T02:19:25+07:00,6649,23.70000,24.10000,70.70000,70.60001,18,,,,
2025-12-16T02:24:29+07:00,6650,23.70000,24.10000,70.70000,70.60001,18,,,,
2025-12-16T02:29:33+07:00,6651,23.70000,24.00000,70.70000,70.70000,18,,,,
2025-12-16T02:34:37+07:00,6652,23.70000,24.00000,70.60000,70.60001,18,,,,
2025-12-16T02:39:42+07:00,6653,23.70000,24.00000,70.60000,70.70000,18,,,,
2025-12-16T02:44:46+07:00,6654,23.60000,24.00000,70.60000,70.60001,18,,,,
2025-12-16T02:49:50+07:00,6655,23.60000,24.00000,70.60000,70.60001,18,,,,
2025-12-16T02:54:54+07:00,6656,23.60000,24.00000,70.60000,70.60001,18,,,,
2025-12-16T02:59:59+07:00,6657,23.60000,23.90000,70.60000,70.60001,18,,,,
2025-12-16T03:05:03+07:00,6658,23.60000,23.90000,70.60000,70.60001,18,,,,
2025-12-16T03:10:07+07:00,6659,23.50000,23.90000,70.50000,70.60001,18,,,,
2025-12-16T03:15:11+07:00,6660,23.50000,23.80000,70.50000,70.60001,18,,,,
2025-12-16T03:20:15+07:00,6661,23.50000,23.80000,70.50000,70.60001,18,,,,
2025-12-16T03:25:19+07:00,6662,23.50000,23.80000,70.50000,70.60001,18,,,,
2025-12-16T03:30:24+07:00,6663,23.50000,23.80000,70.50000,70.60001,18,,,,
2025-12-16T03:35:28+07:00,6664,23.40000,23.80000,70.50000,70.60001,18,,,,
2025-12-16T03:40:32+07:00,6665,23.40000,23.80000,70.40000,70.60001,18,,,,
2025-12-16T03:45:36+07:00,6666,23.40000,23.70000,70.40000,70.60001,18,,,,
2025-12-16T03:50:40+07:00,6667,23.40000,23.70000,70.40000,70.60001,18,,,,
2025-12-16T03:55:44+07:00,6668,23.40000,23.70000,70.40000,70.60001,18,,,,
2025-12-16T04:00:48+07:00,6669,23.40000,23.70000,70.40000,70.60001,18,,,,
2025-12-16T04:05:52+07:00,6670,23.30000,23.70000,70.40000,70.60001,18,,,,
2025-12-16T04:10:56+07:00,6671,23.30000,23.60000,70.40000,70.50000,18,,,,
2025-12-16T04:16:00+07:00,6672,23.30000,23.60000,70.40000,70.60001,18,,,,
2025-12-16T04:21:05+07:00,6673,23.30000,23.60000,70.40000,70.60001,18,,,,
2025-12-16T04:26:09+07:00,6674,23.30000,23.60000,70.40000,70.60001,18,,,,
2025-12-16T04:31:13+07:00,6675,23.30000,23.60000,70.30000,70.50000,18,,,,
2025-12-16T04:36:17+07:00,6676,23.20000,23.50000,70.30000,70.50000,18,,,,
2025-12-16T04:41:21+07:00,6677,23.20000,23.50000,70.30000,70.50000,18,,,,
2025-12-16T04:46:25+07:00,6678,23.20000,23.50000,70.30000,70.50000,18,,,,
2025-12-16T04:51:29+07:00,6679,23.20000,23.50000,70.30000,70.50000,18,,,,
2025-12-16T04:56:33+07:00,6680,23.20000,23.50000,70.30000,70.50000,18,,,,
2025-12-16T05:01:38+07:00,6681,23.10000,23.40000,70.30000,70.50000,18,,,,
2025-12-16T05:06:42+07:00,6682,23.10000,23.40000,70.20000,70.50000,18,,,,
2025-12-16T05:11:46+07:00,6683,23.10000,23.30000,70.20000,70.60001,18,,,,
2025-12-16T05:16:50+07:00,6684,23.10000,23.40000,70.20000,70.50000,18,,,,
2025-12-16T05:21:54+07:00,6685,23.10000,23.30000,70.20000,70.50000,18,,,,
2025-12-16T05:26:58+07:00,6686,23.00000,23.30000,70.20000,70.50000,18,,,,
2025-12-16T05:32:02+07:00,6687,23.00000,23.30000,70.20000,70.50000,18,,,,
2025-12-16T05:37:07+07:00,6688,23.00000,23.30000,70.20000,70.50000,18,,,,
2025-12-16T05:42:11+07:00,6689,23.00000,23.20000,70.20000,70.50000,18,,,,
2025-12-16T05:47:15+07:00,6690,23.00000,23.20000,70.10000,70.50000,18,,,,
2025-12-16T05:52:19+07:00,6691,23.00000,23.20000,70.10000,70.50000,18,,,,
2025-12-16T05:57:24+07:00,6692,22.90000,23.20000,70.10000,70.50000,18,,,,
2025-12-16T06:02:28+07:00,6693,22.90000,23.20000,70.10000,70.50000,18,,,,
2025-12-16T06:07:32+07:00,6694,22.90000,23.20000,70.10000,70.50000,18,,,,
2025-12-16T06:12:37+07:00,6695,22.90000,23.20000,70.10000,70.50000,18,,,,
2025-12-16T06:17:41+07:00,6696,22.90000,23.20000,70.10000,70.50000,18,,,,
2025-12-16T06:22:45+07:00,6697,22.90000,23.20000,70.10000,70.50000,18,,,,
2025-12-16T06:27:49+07:00,6698,22.90000,23.10000,70.10000,70.50000,18,,,,
2025-12-16T06:32:53+07:00,6699,22.90000,23.10000,70.10000,70.50000,18,,,,
2025-12-16T06:37:57+07:00,6700,22.90000,23.10000,70.10000,70.60001,18,,,,
2025-12-16T06:43:01+07:00,6701,22.90000,23.10000,70.10000,70.60001,18,,,,
2025-12-16T06:48:05+07:00,6702,23.00000,23.20000,70.10000,70.60001,18,,,,
2025-12-16T06:53:10+07:00,6703,23.00000,23.20000,70.10000,70.60001,18,,,,
2025-12-16T06:58:14+07:00,6704,23.00000,23.20000,70.10000,70.70000,18,,,,
2025-12-16T07:03:18+07:00,6705,23.00000,23.30000,70.10000,70.70000,18,,,,
2025-12-16T07:08:22+07:00,6706,23.00000,23.30000,70.10000,70.70000,18,,,,
2025-12-16T07:13:26+07:00,6707,23.10000,23.30000,70.10000,70.70000,18,,,,
2025-12-16T07:18:31+07:00,6708,23.10000,23.30000,70.10000,70.70000,18,,,,
2025-12-16T07:23:35+07:00,6709,23.10000,23.40000,70.20000,70.70000,18,,,,
2025-12-16T07:28:39+07:00,6710,23.10000,23.40000,70.10000,70.70000,18,,,,
2025-12-16T07:33:43+07:00,6711,23.20000,23.40000,70.10000,70.70000,18,,,,
2025-12-16T07:38:48+07:00,6712,23.20000,23.40000,70.20000,70.70000,18,,,,
2025-12-16T07:43:52+07:00,6713,23.20000,23.50000,70.20000,70.70000,18,,,,
2025-12-16T07:48:56+07:00,6714,23.30000,23.50000,70.20000,70.70000,17,,,,
2025-12-16T07:54:00+07:00,6715,23.30000,23.50000,70.20000,70.70000,18,,,,
2025-12-16T07:59:05+07:00,6716,23.30000,23.60000,70.20000,70.70000,18,,,,
2025-12-16T08:04:10+07:00,6717,23.30000,23.60000,70.20000,70.70000,18,,,,
2025-12-16T08:09:14+07:00,6718,23.40000,23.60000,70.20000,70.70000,18,,,,
2025-12-16T08:14:18+07:00,6719,23.40000,23.70000,70.30000,70.70000,18,,,,
2025-12-16T08:19:22+07:00,6720,23.40000,23.70000,70.30000,70.70000,18,,,,
2025-12-16T08:24:27+07:00,6721,23.50000,23.70000,70.40000,70.70000,18,,,,
2025-12-16T08:29:31+07:00,6722,23.50000,23.70000,70.40000,70.70000,18,,,,
2025-12-16T08:34:35+07:00,6723,23.60000,23.80000,70.50000,70.70000,18,,,,
2025-12-16T08:39:40+07:00,6724,23.60000,23.80000,70.50000,70.70000,17,,,,
2025-12-16T08:44:44+07:00,6725,23.60000,23.80000,70.60000,70.70000,18,,,,
2025-12-16T08:49:48+07:00,6726,23.60000,23.90000,70.70000,70.70000,18,,,,
2025-12-16T08:54:52+07:00,6727,23.70000,23.90000,70.70000,70.70000,18,,,,
2025-12-16T08:59:56+07:00,6728,23.70000,23.90000,70.80000,70.70000,18,,,,
2025-12-16T09:05:02+07:00,6729,23.70000,24.00000,70.80000,70.70000,18,,,,
2025-12-16T09:10:07+07:00,6730,23.80000,24.00000,70.90000,70.70000,18,,,,
2025-12-16T09:15:11+07:00,6731,23.80000,24.00000,70.90000,70.70000,18,,,,
2025-12-16T09:20:15+07:00,6732,23.90000,24.10000,71.00000,70.70000,18,,,,
2025-12-16T09:25:19+07:00,6733,23.90000,24.10000,71.10000,70.60001,18,,,,
2025-12-16T09:30:23+07:00,6734,23.90000,24.10000,71.10000,70.60001,17,,,,
2025-12-16T09:35:28+07:00,6735,24.00000,24.20000,71.20000,70.60001,17,,,,
2025-12-16T09:40:32+07:00,6736,24.00000,24.20000,71.30000,70.60001,18,,,,
2025-12-16T09:45:49+07:00,6737,24.10000,24.30000,71.40000,70.60001,18,,,,
2025-12-16T09:50:51+07:00,6738,24.10000,24.30000,71.50000,70.60001,18,,,,
2025-12-16T09:55:56+07:00,6739,24.20000,24.40000,71.60000,70.60001,17,,,,
2025-12-16T10:01:00+07:00,6740,24.20000,24.40000,71.70000,70.60001,17,,,,
2025-12-16T10:06:04+07:00,6741,24.30000,24.40000,71.80000,70.60001,17,,,,
2025-12-16T10:11:08+07:00,6742,24.30000,24.50000,71.90000,70.50000,17,,,,
2025-12-16T10:16:12+07:00,6743,24.40000,24.50000,72.00000,70.50000,17,,,,
2025-12-16T10:21:16+07:00,6744,24.40000,24.60000,72.10000,70.50000,18,,,,
2025-12-16T10:26:20+07:00,6745,24.50000,24.60000,72.20000,70.50000,17,,,,
2025-12-16T10:31:24+07:00,6746,24.50000,24.70000,72.30000,70.50000,17,,,,
2025-12-16T10:36:29+07:00,6747,24.50000,24.70000,72.30000,70.50000,17,,,,
2025-12-16T10:41:33+07:00,6748,24.60000,24.80000,72.40000,70.50000,17,,,,
2025-12-16T10:46:37+07:00,6749,24.60000,24.80000,72.50000,70.50000,17,,,,
2025-12-16T10:51:41+07:00,6750,24.70000,24.90000,72.60000,70.50000,17,,,,
2025-12-16T10:56:46+07:00,6751,24.70000,24.90000,72.60000,70.40000,17,,,,
2025-12-16T11:01:51+07:00,6752,24.80000,24.90000,72.70000,70.40000,17,,,,
2025-12-16T11:06:55+07:00,6753,24.80000,25.00000,72.80000,70.40000,17,,,,
2025-12-16T11:11:59+07:00,6754,24.80000,25.00000,72.90000,70.40000,17,,,,
2025-12-16T11:17:03+07:00,6755,24.90000,25.10000,72.90000,70.40000,18,,,,
2025-12-16T11:22:08+07:00,6756,24.90000,25.10000,73.00000,70.40000,17,,,,
2025-12-16T11:27:11+07:00,6757,25.00000,25.10000,73.10000,70.40000,17,,,,
2025-12-16T11:32:16+07:00,6758,25.00000,25.20000,73.20000,70.40000,18,,,,
2025-12-16T11:37:20+07:00,6759,25.10000,25.20000,73.30000,70.40000,17,,,,
2025-12-16T11:42:24+07:00,6760,25.10000,25.30000,73.40000,70.40000,17,,,,
2025-12-16T11:47:29+07:00,6761,25.20000,25.30000,73.40000,70.30000,17,,,,
2025-12-16T11:52:33+07:00,6762,25.20000,25.40000,73.50000,70.30000,17,,,,
2025-12-16T11:57:37+07:00,6763,25.30000,25.40000,73.50000,70.30000,17,,,,
2025-12-16T12:02:42+07:00,6764,25.30000,25.50000,73.60000,70.30000,17,,,,
2025-12-16T12:07:47+07:00,6765,25.30000,25.50000,73.70000,70.30000,17,,,,
2025-12-16T12:12:51+07:00,6766,25.40000,25.50000,73.80000,70.30000,17,,,,
2025-12-16T12:17:55+07:00,6767,25.40000,25.60000,73.80000,70.30000,18,,,,
2025-12-16T12:22:59+07:00,6768,25.50000,25.60000,73.90000,70.30000,17,,,,
2025-12-16T12:28:03+07:00,6769,25.50000,25.70000,73.90000,70.20000,17,,,,
2025-12-16T12:33:07+07:00,6770,25.50000,25.70000,74.00000,70.20000,17,,,,
2025-12-16T12:38:11+07:00,6771,25.60000,25.80000,74.10000,70.20000,17,,,,
2025-12-16T12:43:15+07:00,6772,25.60000,25.80000,74.10000,70.20000,17,,,,
2025-12-16T12:48:20+07:00,6773,25.70000,25.80000,74.20000,70.20000,17,,,,
2025-12-16T12:53:24+07:00,6774,25.70000,25.90000,74.20000,70.20000,17,,,,
2025-12-16T12:58:28+07:00,6775,25.80000,25.90000,74.30000,70.20000,17,,,,
2025-12-16T13:03:32+07:00,6776,25.80000,25.90000,74.30000,70.20000,17,,,,
2025-12-16T13:08:36+07:00,6777,25.80000,26.00000,74.40000,70.20000,17,,,,
2025-12-16T13:13:41+07:00,6778,25.90000,26.00000,74.50000,70.20000,17,,,,
2025-12-16T13:18:45+07:00,6779,25.90000,26.10000,74.50000,70.10001,17,,,,
2025-12-16T13:23:49+07:00,6780,25.90000,26.10000,74.50000,70.10001,17,,,,
2025-12-16T13:28:54+07:00,6781,26.00000,26.10000,74.60000,70.10001,17,,,,
2025-12-16T13:33:58+07:00,6782,26.00000,26.20000,74.60000,70.10001,17,,,,
2025-12-16T13:39:02+07:00,6783,26.00000,26.20000,74.70000,70.10001,17,,,,
2025-12-16T13:44:06+07:00,6784,26.10000,26.20000,74.70000,70.10001,17,,,,
2025-12-16T13:49:10+07:00,6785,26.10000,26.30000,74.80000,70.10001,17,,,,
2025-12-16T13:54:14+07:00,6786,26.20000,26.30000,74.80000,70.10001,17,,,,
2025-12-16T13:59:18+07:00,6787,26.20000,26.30000,74.80000,70.10001,17,,,,
2025-12-16T14:04:22+07:00,6788,26.20000,26.40000,74.90000,70.10001,17,,,,
2025-12-16T14:09:27+07:00,6789,26.30000,26.40000,74.90000,70.10001,17,,,,
2025-12-16T14:14:30+07:00,6790,26.30000,26.40000,74.90000,70.10001,17,,,,
2025-12-16T14:19:35+07:00,6791,26.30000,26.50000,74.90000,70.00000,17,,,,
2025-12-16T14:24:39+07:00,6792,26.30000,26.50000,74.90000,70.00000,17,,,,
2025-12-16T14:29:44+07:00,6793,26.40000,26.50000,74.90000,70.00000,17,,,,
2025-12-16T14:34:48+07:00,6794,26.40000,26.60000,74.90000,70.00000,17,,,,
2025-12-16T14:39:52+07:00,6795,26.40000,26.60000,74.90000,70.00000,17,,,,
2025-12-16T14:44:56+07:00,6796,26.40000,26.60000,74.90000,70.00000,17,,,,
2025-12-16T14:50:00+07:00,6797,26.50000,26.70000,74.90000,70.00000,17,,,,
2025-12-16T14:55:04+07:00,6798,26.50000,26.70000,74.90000,70.00000,17,,,,
2025-12-16T15:00:08+07:00,6799,26.50000,26.70000,74.90000,70.00000,17,,,,
2025-12-16T15:05:12+07:00,6800,26.50000,26.70000,74.90000,70.00000,17,,,,
2025-12-16T15:10:17+07:00,6801,26.50000,26.80000,74.80000,70.00000,17,,,,
2025-12-16T15:15:22+07:00,6802,26.50000,26.80000,74.80000,70.00000,17,,,,
2025-12-16T15:20:25+07:00,6803,26.60000,26.80000,74.80000,70.00000,17,,,,
2025-12-16T15:25:29+07:00,6804,26.60000,26.80000,74.80000,70.00000,17,,,,
2025-12-16T15:30:33+07:00,6805,26.60000,26.80000,74.80000,70.00000,17,,,,
2025-12-16T15:35:37+07:00,6806,26.60000,26.80000,74.80000,70.00000,17,,,,
2025-12-16T15:40:42+07:00,6807,26.60000,26.80000,74.80000,70.00000,17,,,,
2025-12-16T15:45:46+07:00,6808,26.60000,26.80000,74.70000,70.00000,17,,,,
2025-12-16T15:50:50+07:00,6809,26.60000,26.90000,74.70000,69.90000,17,,,,
2025-12-16T15:55:54+07:00,6810,26.60000,26.90000,74.70000,70.00000,17,,,,
2025-12-16T16:00:58+07:00,6811,26.60000,26.90000,74.70000,70.00000,17,,,,
2025-12-16T16:06:02+07:00,6812,26.60000,26.90000,74.60000,69.90000,17,,,,
2025-12-16T16:11:06+07:00,6813,26.60000,26.90000,74.60000,69.90000,17,,,,
2025-12-16T16:16:11+07:00,6814,26.60000,26.90000,74.60000,70.00000,17,,,,
2025-12-16T16:26:21+07:00,6815,26.60000,26.90000,74.60000,70.00000,17,,,,
2025-12-16T16:31:25+07:00,6816,26.60000,26.90000,74.50000,70.00000,17,,,,
2025-12-16T16:36:29+07:00,6817,26.60000,26.90000,74.50000,70.00000,17,,,,
2025-12-16T16:41:33+07:00,6818,26.60000,26.90000,74.50000,70.00000,17,,,,
2025-12-16T16:46:37+07:00,6819,26.60000,26.90000,74.40000,70.00000,17,,,,
2025-12-16T16:51:42+07:00,6820,26.60000,26.90000,74.40000,69.90000,17,,,,
2025-12-16T16:56:46+07:00,6821,26.60000,26.90000,74.30000,69.90000,17,,,,
2025-12-16T17:01:50+07:00,6822,26.60000,26.90000,74.30000,70.00000,17,,,,
2025-12-16T17:06:54+07:00,6823,26.60000,26.90000,74.20000,70.00000,17,,,,
2025-12-16T17:11:59+07:00,6824,26.50000,26.90000,74.20000,70.00000,17,,,,
2025-12-16T17:17:03+07:00,6825,26.50000,26.90000,74.10000,70.00000,17,,,,
2025-12-16T17:22:08+07:00,6826,26.50000,26.90000,74.10000,70.00000,17,,,,
2025-12-16T17:27:12+07:00,6827,26.50000,26.90000,74.00000,70.00000,17,,,,
2025-12-16T17:32:16+07:00,6828,26.50000,26.90000,73.90000,70.00000,17,,,,
2025-12-16T17:37:20+07:00,6829,26.50000,26.90000,73.90000,70.00000,17,,,,
2025-12-16T17:42:24+07:00,6830,26.40000,26.90000,73.80000,70.00000,17,,,,
2025-12-16T17:47:28+07:00,6831,26.40000,26.90000,73.80000,70.00000,17,,,,
2025-12-16T17:52:32+07:00,6832,26.40000,26.80000,73.70000,70.00000,17,,,,
2025-12-16T17:57:36+07:00,6833,26.40000,26.80000,73.70000,70.00000,17,,,,
2025-12-16T18:02:41+07:00,6834,26.30000,26.80000,73.60000,70.00000,17,,,,
2025-12-16T18:07:45+07:00,6835,26.30000,26.80000,73.50000,70.00000,17,,,,
2025-12-16T18:12:49+07:00,6836,26.30000,26.80000,73.50000,70.00000,17,,,,
2025-12-16T18:17:54+07:00,6837,26.20000,26.70000,73.40000,70.00000,17,,,,
2025-12-16T18:22:58+07:00,6838,26.20000,26.70000,73.30000,70.00000,17,,,,
2025-12-16T18:28:03+07:00,6839,26.20000,26.70000,73.30000,70.00000,17,,,,
2025-12-16T18:33:07+07:00,6840,26.20000,26.70000,73.20000,70.00000,17,,,,
2025-12-16T18:38:12+07:00,6841,26.10000,26.60000,73.20000,70.00000,17,,,,
2025-12-16T18:43:16+07:00,6842,26.10000,26.60000,73.10000,70.00000,17,,,,
2025-12-16T18:48:20+07:00,6843,26.10000,26.60000,73.00000,70.10001,17,,,,
2025-12-16T18:53:24+07:00,6844,26.00000,26.60000,73.00000,70.10001,17,,,,
2025-12-16T18:58:28+07:00,6845,26.00000,26.60000,72.90000,70.10001,17,,,,
2025-12-16T19:03:32+07:00,6846,26.00000,26.50000,72.90000,70.00000,17,,,,
2025-12-16T19:08:36+07:00,6847,26.00000,26.50000,72.80000,70.10001,17,,,,
2025-12-16T19:13:42+07:00,6848,25.90000,26.50000,72.80000,70.10001,17,,,,
2025-12-16T19:18:46+07:00,6849,25.90000,26.50000,72.70000,70.10001,17,,,,
2025-12-16T19:23:50+07:00,6850,25.90000,26.40000,72.60000,70.10001,17,,,,
2025-12-16T19:28:54+07:00,6851,25.80000,26.40000,72.60000,70.10001,17,,,,
2025-12-16T19:33:58+07:00,6852,25.80000,26.40000,72.50000,70.10001,17,,,,
2025-12-16T19:39:02+07:00,6853,25.80000,26.40000,72.50000,70.10001,17,,,,
2025-12-16T19:44:07+07:00,6854,25.70000,26.30000,72.40000,70.10001,17,,,,
2025-12-16T19:49:11+07:00,6855,25.70000,26.30000,72.40000,70.10001,17,,,,
2025-12-16T20:04:32+07:00,6856,25.70000,26.20000,72.20000,70.10001,17,,,,
2025-12-16T20:09:37+07:00,6857,25.60000,26.20000,72.20000,70.10001,17,,,,
2025-12-16T20:14:41+07:00,6858,25.60000,26.20000,72.20000,70.10001,17,,,,
2025-12-16T20:19:45+07:00,6859,25.60000,26.10000,72.10000,70.10001,17,,,,
2025-12-16T20:24:49+07:00,6860,25.50000,26.10000,72.10000,70.10001,17,,,,
2025-12-16T20:29:54+07:00,6861,25.50000,26.10000,72.00000,70.10001,17,,,,
2025-12-16T20:34:58+07:00,6862,25.50000,26.10000,72.00000,70.10001,17,,,,
2025-12-16T20:40:11+07:00,6863,25.50000,26.00000,71.90000,70.10001,17,,,,
2025-12-16T20:45:15+07:00,6864,25.40000,26.00000,71.80000,70.10001,17,,,,
2025-12-16T20:50:18+07:00,6865,25.40000,26.00000,71.80000,70.10001,17,,,,
2025-12-16T20:55:22+07:00,6866,25.40000,25.90000,71.70000,70.10001,17,,,,
2025-12-16T21:00:27+07:00,6867,25.40000,25.90000,71.70000,70.10001,17,,,,
2025-12-16T21:05:31+07:00,6868,25.30000,25.90000,71.70000,70.20000,17,,,,
2025-12-16T21:10:35+07:00,6869,25.30000,25.90000,71.60000,70.20000,17,,,,
2025-12-16T21:15:40+07:00,6870,25.30000,25.80000,71.60000,70.20000,17,,,,
2025-12-16T21:20:44+07:00,6871,25.30000,25.80000,71.60000,70.20000,17,,,,
2025-12-16T21:25:48+07:00,6872,25.20000,25.80000,71.50000,70.20000,17,,,,
2025-12-16T21:30:53+07:00,6873,25.20000,25.80000,71.50000,70.20000,17,,,,
2025-12-16T21:35:57+07:00,6874,25.20000,25.70000,71.50000,70.20000,17,,,,
2025-12-16T21:41:01+07:00,6875,25.20000,25.70000,71.40000,70.20000,17,,,,
2025-12-16T21:46:05+07:00,6876,25.20000,25.70000,71.40000,70.20000,17,,,,
2025-12-16T21:51:10+07:00,6877,25.20000,25.70000,71.40000,70.20000,17,,,,
2025-12-16T21:56:14+07:00,6878,25.20000,25.70000,71.40000,70.20000,17,,,,
2025-12-16T22:01:18+07:00,6879,25.20000,25.60000,71.30000,70.20000,17,,,,
2025-12-16T22:06:22+07:00,6880,25.10000,25.60000,71.30000,70.20000,17,,,,
2025-12-16T22:11:26+07:00,6881,25.10000,25.60000,71.30000,70.20000,17,,,,
2025-12-16T22:16:30+07:00,6882,25.10000,25.60000,71.20000,70.20000,17,,,,
2025-12-16T22:21:34+07:00,6883,25.10000,25.60000,71.20000,70.20000,17,,,,
2025-12-16T22:31:46+07:00,6884,25.10000,25.50000,71.20000,70.20000,17,,,,
2025-12-16T22:36:50+07:00,6885,25.10000,25.50000,71.10000,70.20000,17,,,,
2025-12-16T22:41:54+07:00,6886,25.00000,25.50000,71.10000,70.20000,17,,,,
2025-12-16T22:46:58+07:00,6887,25.00000,25.50000,71.10000,70.20000,17,,,,
2025-12-16T22:52:02+07:00,6888,25.00000,25.50000,71.10000,70.20000,17,,,,
2025-12-16T22:57:06+07:00,6889,25.00000,25.50000,71.10000,70.20000,17,,,,
2025-12-16T23:02:10+07:00,6890,25.00000,25.50000,71.00000,70.20000,17,,,,
2025-12-16T23:07:14+07:00,6891,25.00000,25.40000,71.00000,70.20000,17,,,,
2025-12-16T23:12:19+07:00,6892,25.00000,25.40000,71.00000,70.20000,17,,,,
2025-12-16T23:17:23+07:00,6893,24.90000,25.40000,71.00000,70.20000,17,,,,
2025-12-16T23:22:27+07:00,6894,24.90000,25.40000,70.90000,70.20000,17,,,,
2025-12-16T23:27:31+07:00,6895,24.90000,25.40000,70.90000,70.20000,17,,,,
2025-12-16T23:32:35+07:00,6896,24.90000,25.30000,70.90000,70.20000,17,,,,
2025-12-16T23:37:39+07:00,6897,24.90000,25.30000,70.90000,70.20000,17,,,,
2025-12-16T23:42:44+07:00,6898,24.80000,25.30000,70.80000,70.20000,17,,,,
2025-12-16T23:47:49+07:00,6899,24.80000,25.30000,70.80000,70.20000,17,,,,
2025-12-16T23:52:53+07:00,6900,24.80000,25.30000,70.80000,70.20000,17,,,,
2025-12-16T23:57:57+07:00,6901,24.80000,25.20000,70.70000,70.20000,17,,,,
2025-12-17T00:03:01+07:00,6902,24.80000,25.20000,70.70000,70.20000,17,,,,
2025-12-17T00:08:05+07:00,6903,24.70000,25.20000,70.60000,70.20000,17,,,,
2025-12-17T00:13:09+07:00,6904,24.70000,25.20000,70.60000,70.20000,17,,,,
2025-12-17T00:18:14+07:00,6905,24.70000,25.10000,70.60000,70.20000,17,,,,
2025-12-17T00:23:18+07:00,6906,24.70000,25.10000,70.60000,70.30000,17,,,,
2025-12-17T00:28:23+07:00,6907,24.60000,25.10000,70.60000,70.30000,17,,,,
2025-12-17T00:33:27+07:00,6908,24.60000,25.10000,70.60000,70.20000,17,,,,
2025-12-17T00:38:31+07:00,6909,24.60000,25.00000,70.60000,70.20000,17,,,,
2025-12-17T00:43:35+07:00,6910,24.60000,25.00000,70.60000,70.20000,17,,,,
2025-12-17T00:48:39+07:00,6911,24.50000,25.00000,70.50000,70.20000,17,,,,
2025-12-17T00:53:43+07:00,6912,24.50000,24.90000,70.50000,70.20000,17,,,,
2025-12-17T00:58:48+07:00,6913,24.50000,24.90000,70.50000,70.20000,17,,,,
2025-12-17T01:03:52+07:00,6914,24.50000,24.90000,70.50000,70.20000,17,,,,
2025-12-17T01:08:56+07:00,6915,24.50000,24.90000,70.50000,70.20000,17,,,,
2025-12-17T01:14:00+07:00,6916,24.40000,24.90000,70.50000,70.20000,17,,,,
2025-12-17T01:19:04+07:00,6917,24.40000,24.80000,70.50000,70.20000,16,,,,
2025-12-17T01:24:08+07:00,6918,24.40000,24.80000,70.50000,70.20000,16,,,,
2025-12-17T01:29:13+07:00,6919,24.40000,24.80000,70.40000,70.20000,16,,,,
2025-12-17T01:34:17+07:00,6920,24.40000,24.80000,70.40000,70.20000,17,,,,
2025-12-17T01:39:21+07:00,6921,24.40000,24.70000,70.40000,70.20000,17,,,,
2025-12-17T01:44:26+07:00,6922,24.30000,24.70000,70.40000,70.20000,17,,,,
2025-12-17T01:54:36+07:00,6923,24.30000,24.70000,70.30000,70.20000,17,,,,
2025-12-17T01:59:40+07:00,6924,24.30000,24.70000,70.30000,70.20000,17,,,,
2025-12-17T02:04:44+07:00,6925,24.30000,24.60000,70.30000,70.20000,17,,,,
2025-12-17T02:09:48+07:00,6926,24.20000,24.60000,70.30000,70.20000,17,,,,
2025-12-17T02:14:53+07:00,6927,24.20000,24.60000,70.30000,70.10001,16,,,,
2025-12-17T02:19:57+07:00,6928,24.20000,24.60000,70.30000,70.20000,17,,,,
2025-12-17T02:25:02+07:00,6929,24.10000,24.50000,70.30000,70.10001,17,,,,
2025-12-17T02:30:06+07:00,6930,24.10000,24.50000,70.30000,70.10001,16,,,,
2025-12-17T02:35:10+07:00,6931,24.10000,24.50000,70.30000,70.10001,17,,,,
2025-12-17T02:40:14+07:00,6932,24.10000,24.40000,70.20000,70.10001,17,,,,
2025-12-17T02:45:19+07:00,6933,24.10000,24.40000,70.20000,70.10001,16,,,,
2025-12-17T02:50:23+07:00,6934,24.00000,24.40000,70.20000,70.10001,16,,,,
2025-12-17T02:55:27+07:00,6935,24.00000,24.30000,70.20000,70.10001,17,,,,
2025-12-17T03:00:31+07:00,6936,24.00000,24.30000,70.20000,70.10001,17,,,,
2025-12-17T03:05:36+07:00,6937,24.00000,24.30000,70.20000,70.10001,16,,,,
2025-12-17T03:10:40+07:00,6938,23.90000,24.30000,70.20000,70.10001,17,,,,
2025-12-17T03:15:44+07:00,6939,23.90000,24.20000,70.20000,70.10001,17,,,,
2025-12-17T03:20:48+07:00,6940,23.90000,24.20000,70.10000,70.10001,16,,,,
2025-12-17T03:25:52+07:00,6941,23.90000,24.20000,70.10000,70.10001,16,,,,
2025-12-17T03:30:56+07:00,6942,23.80000,24.20000,70.10000,70.00000,16,,,,
2025-12-17T03:36:01+07:00,6943,23.80000,24.10000,70.10000,70.00000,17,,,,
2025-12-17T03:41:05+07:00,6944,23.80000,24.10000,70.10000,70.00000,16,,,,
2025-12-17T03:46:09+07:00,6945,23.80000,24.10000,70.10000,70.00000,16,,,,
2025-12-17T03:51:13+07:00,6946,23.80000,24.00000,70.00000,70.00000,16,,,,
2025-12-17T03:56:17+07:00,6947,23.70000,24.00000,70.00000,70.00000,16,,,,
2025-12-17T04:01:21+07:00,6948,23.70000,24.00000,70.00000,70.00000,16,,,,
2025-12-17T04:06:25+07:00,6949,23.70000,24.00000,70.00000,70.00000,16,,,,
2025-12-17T04:11:30+07:00,6950,23.70000,23.90000,70.00000,70.00000,16,,,,
2025-12-17T04:16:34+07:00,6951,23.60000,23.90000,70.00000,70.00000,16,,,,
2025-12-17T04:21:38+07:00,6952,23.60000,23.90000,69.90000,70.00000,17,,,,
2025-12-17T04:26:42+07:00,6953,23.60000,23.90000,69.90000,70.00000,16,,,,
2025-12-17T04:31:46+07:00,6954,23.60000,23.80000,69.90000,70.00000,16,,,,
2025-12-17T04:36:51+07:00,6955,23.60000,23.80000,69.90000,70.00000,16,,,,
2025-12-17T04:41:55+07:00,6956,23.50000,23.80000,69.90000,70.00000,16,,,,
2025-12-17T04:46:59+07:00,6957,23.50000,23.80000,69.90000,70.00000,16,,,,
2025-12-17T04:52:03+07:00,6958,23.50000,23.70000,69.90000,70.00000,16,,,,
2025-12-17T04:57:07+07:00,6959,23.50000,23.70000,69.80000,70.00000,17,,,,
2025-12-17T05:02:12+07:00,6960,23.50000,23.70000,69.80000,70.00000,16,,,,
2025-12-17T05:07:15+07:00,6961,23.40000,23.70000,69.80000,69.90000,16,,,,
2025-12-17T05:12:20+07:00,6962,23.40000,23.70000,69.80000,69.90000,16,,,,
2025-12-17T05:17:24+07:00,6963,23.40000,23.60000,69.80000,69.90000,16,,,,
2025-12-17T05:22:29+07:00,6964,23.40000,23.60000,69.80000,69.90000,16,,,,
2025-12-17T05:27:33+07:00,6965,23.40000,23.60000,69.70000,69.90000,16,,,,
2025-12-17T05:32:37+07:00,6966,23.30000,23.60000,69.70000,69.90000,16,,,,
2025-12-17T05:37:41+07:00,6967,23.30000,23.50000,69.70000,69.90000,16,,,,
2025-12-17T05:42:45+07:00,6968,23.30000,23.50000,69.70000,69.90000,16,,,,
2025-12-17T05:47:49+07:00,6969,23.30000,23.50000,69.70000,69.90000,16,,,,
2025-12-17T05:52:54+07:00,6970,23.30000,23.50000,69.70000,69.90000,16,,,,
2025-12-17T05:57:58+07:00,6971,23.30000,23.40000,69.70000,69.90000,16,,,,
2025-12-17T06:03:02+07:00,6972,23.20000,23.40000,69.70000,69.90000,16,,,,
2025-12-17T06:08:07+07:00,6973,23.20000,23.40000,69.70000,69.90000,16,,,,
2025-12-17T06:13:11+07:00,6974,23.20000,23.40000,69.60000,69.90000,16,,,,
2025-12-17T06:18:15+07:00,6975,23.20000,23.40000,69.60000,69.90000,16,,,,
2025-12-17T06:23:19+07:00,6976,23.20000,23.40000,69.70000,69.90000,16,,,,
2025-12-17T06:28:23+07:00,6977,23.20000,23.40000,69.60000,69.90000,16,,,,
2025-12-17T06:33:28+07:00,6978,23.20000,23.40000,69.70000,69.90000,16,,,,
2025-12-17T06:38:32+07:00,6979,23.20000,23.40000,69.70000,69.90000,16,,,,
2025-12-17T06:43:35+07:00,6980,23.20000,23.40000,69.70000,69.90000,16,,,,
2025-12-17T06:48:39+07:00,6981,23.20000,23.40000,69.70000,70.00000,16,,,,
2025-12-17T06:53:44+07:00,6982,23.20000,23.40000,69.70000,70.00000,16,,,,
2025-12-17T06:58:48+07:00,6983,23.30000,23.40000,69.70000,70.00000,16,,,,
2025-12-17T07:03:52+07:00,6984,23.30000,23.50000,69.70000,70.00000,16,,,,
2025-12-17T07:08:56+07:00,6985,23.30000,23.50000,69.70000,70.10001,16,,,,
2025-12-17T07:14:00+07:00,6986,23.30000,23.50000,69.70000,70.10001,16,,,,
2025-12-17T07:19:04+07:00,6987,23.30000,23.60000,69.70000,70.10001,16,,,,
2025-12-17T07:24:08+07:00,6988,23.40000,23.60000,69.70000,70.10001,16,,,,
2025-12-17T07:29:12+07:00,6989,23.40000,23.60000,69.70000,70.10001,16,,,,
2025-12-17T07:34:17+07:00,6990,23.40000,23.60000,69.70000,70.10001,16,,,,
2025-12-17T07:39:21+07:00,6991,23.40000,23.60000,69.70000,70.10001,16,,,,
2025-12-17T07:44:25+07:00,6992,23.40000,23.70000,69.70000,70.10001,16,,,,
2025-12-17T07:49:29+07:00,6993,23.50000,23.70000,69.70000,70.10001,16,,,,
2025-12-17T07:54:33+07:00,6994,23.50000,23.70000,69.70000,70.10001,16,,,,
2025-12-17T07:59:37+07:00,6995,23.50000,23.70000,69.70000,70.10001,16,,,,
2025-12-17T08:04:42+07:00,6996,23.50000,23.80000,69.70000,70.10001,16,,,,
2025-12-17T08:09:46+07:00,6997,23.50000,23.80000,69.70000,70.20000,16,,,,
2025-12-17T08:14:50+07:00,6998,23.60000,23.80000,69.70000,70.20000,16,,,,
2025-12-17T08:19:55+07:00,6999,23.60000,23.80000,69.70000,70.20000,16,,,,
2025-12-17T08:24:59+07:00,7000,23.60000,23.80000,69.70000,70.20000,16,,,,
2025-12-17T08:30:03+07:00,7001,23.60000,23.90000,69.70000,70.20000,16,,,,
2025-12-17T08:35:07+07:00,7002,23.70000,23.90000,69.80000,70.20000,16,,,,
2025-12-17T08:40:11+07:00,7003,23.70000,23.90000,69.80000,70.20000,16,,,,
2025-12-17T08:45:16+07:00,7004,23.70000,24.00000,69.80000,70.20000,16,,,,
2025-12-17T08:50:20+07:00,7005,23.80000,24.00000,69.90000,70.20000,16,,,,
2025-12-17T08:55:25+07:00,7006,23.80000,24.00000,69.90000,70.20000,16,,,,
2025-12-17T09:00:29+07:00,7007,23.80000,24.00000,69.90000,70.20000,16,,,,
2025-12-17T09:05:34+07:00,7008,23.90000,24.10000,70.00000,70.10001,16,,,,
2025-12-17T09:10:38+07:00,7009,23.90000,24.10000,70.10000,70.20000,16,,,,
2025-12-17T09:15:42+07:00,7010,23.90000,24.10000,70.10000,70.10001,16,,,,
2025-12-17T09:20:46+07:00,7011,24.00000,24.20000,70.10000,70.10001,16,,,,
2025-12-17T09:25:51+07:00,7012,24.00000,24.20000,70.20000,70.20000,16,,,,
2025-12-17T09:30:55+07:00,7013,24.10000,24.30000,70.30000,70.10001,16,,,,
2025-12-17T09:36:00+07:00,7014,24.10000,24.30000,70.40000,70.10001,16,,,,
2025-12-17T09:46:12+07:00,7015,24.30000,24.40000,70.80000,70.10001,16,,,,
2025-12-17T09:51:17+07:00,7016,24.40000,24.60000,70.90000,70.10001,16,,,,
2025-12-17T09:56:23+07:00,7017,24.50000,24.70000,71.00000,70.10001,16,,,,
2025-12-17T10:01:27+07:00,7018,24.60000,24.80000,70.80000,70.10001,16,,,,
2025-12-17T10:06:31+07:00,7019,24.70000,24.90000,70.90000,70.10001,16,,,,
2025-12-17T10:11:36+07:00,7020,24.80000,25.00000,70.90000,70.00000,16,,,,
2025-12-17T10:16:41+07:00,7021,24.90000,25.10000,70.90000,70.00000,15,,,,
2025-12-17T10:21:48+07:00,7022,25.00000,25.20000,70.90000,70.00000,16,,,,
2025-12-17T10:26:52+07:00,7023,25.00000,25.30000,70.90000,69.90000,16,,,,
2025-12-17T10:31:56+07:00,7024,25.10000,25.40000,71.00000,69.90000,16,,,,
2025-12-17T10:37:01+07:00,7025,25.20000,25.50000,71.10000,69.90000,15,,,,
2025-12-17T10:42:07+07:00,7026,25.30000,25.60000,71.30000,69.90000,16,,,,
2025-12-17T10:47:12+07:00,7027,25.40000,25.70000,71.40000,69.80000,16,,,,
2025-12-17T10:52:16+07:00,7028,25.50000,25.80000,71.40000,69.80000,15,,,,
2025-12-17T10:57:20+07:00,7029,25.60000,25.90000,71.50000,69.70000,16,,,,
2025-12-17T11:02:25+07:00,7030,25.70000,26.00000,71.50000,69.70000,16,,,,
2025-12-17T11:07:29+07:00,7031,25.80000,26.10000,71.40000,69.60001,16,,,,
2025-12-17T11:22:50+07:00,7032,26.00000,26.40000,71.40000,69.50000,16,,,,
2025-12-17T11:27:55+07:00,7033,26.00000,26.40000,71.20000,69.40000,15,,,,
